Disk Folder Name,Disk Relative Path,Size (MB),Reconciliation Status,Match Tier,Canonical Title,Canonical Author,Canonical ASIN,Canonical Series
Anne Rice,Anne Rice\Anne Rice\Anne Rice\Anne Rice,415.17,VERIFIED_CANONICAL,Tier 2: Leaf Folder Match,"Lestat, el vampiro (Crónicas Vampíricas 2)","Anne Rice, Hernán Sabaté Vargas - translator",B0BR64KJX6,Crónicas Vampíricas #2
Memnoch the Devil [B00IZJYV6M],Anne Rice\The Vampire Chronicles #5\Memnoch the Devil [B00IZJYV6M],605.5,VERIFIED_CANONICAL,Tier 1: ASIN Match,Memnoch the Devil,Anne Rice,B00IZJYV6M,The Vampire Chronicles #5
Interview with the Vampire [B0051JGU1S],Anne Rice\The Vampire Chronicles #1\Interview with the Vampire [B0051JGU1S],617.59,VERIFIED_CANONICAL,Tier 1: ASIN Match,Interview with the Vampire,Anne Rice,B0051JGU1S,The Vampire Chronicles #1
Merrick [B002UUKMKQ],"Anne Rice\The Vampire Chronicles #7, Lives of the Mayfair Witches #4\Merrick [B002UUKMKQ]",482.69,VERIFIED_CANONICAL,Tier 1: ASIN Match,Merrick,Anne Rice,B002UUKMKQ,"The Vampire Chronicles #7, Lives of the Mayfair Witches #4"
The Vampire Armand - The Vampire Chronicles [B002UZMU7O],Anne Rice\The Vampire Chronicles #6\The Vampire Armand - The Vampire Chronicles [B002UZMU7O],633.59,VERIFIED_CANONICAL,Tier 1: ASIN Match,The Vampire Armand,Anne Rice,B002UZMU7O,The Vampire Chronicles #6
"The Tale of the Body Thief - The Vampire Chronicles, Book 4 [B011DDW4S8]","Anne Rice\The Vampire Chronicles #4\The Tale of the Body Thief - The Vampire Chronicles, Book 4 [B011DDW4S8]",797.52,VERIFIED_CANONICAL,Tier 1: ASIN Match,The Tale of the Body Thief,Anne Rice,B011DDW4S8,The Vampire Chronicles #4
Blood and Gold [B002UZZ6ZW],Anne Rice\The Vampire Chronicles #8\Blood and Gold [B002UZZ6ZW],776.02,VERIFIED_CANONICAL,Tier 1: ASIN Match,Blood and Gold,Anne Rice,B002UZZ6ZW,The Vampire Chronicles #8
Blood Canticle - The Vampire Chronicles [B002UUKU2Q],"Anne Rice\The Vampire Chronicles #10, Lives of the Mayfair Witches #6\Blood Canticle - The Vampire Chronicles [B002UUKU2Q]",481.41,VERIFIED_CANONICAL,Tier 1: ASIN Match,Blood Canticle,Anne Rice,B002UUKU2Q,"The Vampire Chronicles #10, Lives of the Mayfair Witches #6"
"The Queen of the Damned - The Vampire Chronicles, Book 3 [B0052FRV1Y]","Anne Rice\The Vampire Chronicles #3\The Queen of the Damned - The Vampire Chronicles, Book 3 [B0052FRV1Y]",919.11,VERIFIED_CANONICAL,Tier 1: ASIN Match,The Queen of the Damned,Anne Rice,B0052FRV1Y,The Vampire Chronicles #3
"Sufficiently Advanced Magic - Arcane Ascension, Book 1 [B072YT93QD]","Andrew Rowe\Arcane Ascension #1\Sufficiently Advanced Magic - Arcane Ascension, Book 1 [B072YT93QD]",663.18,VERIFIED_CANONICAL,Tier 1: ASIN Match,Sufficiently Advanced Magic,Andrew Rowe,B072YT93QD,Arcane Ascension #1
"Black Gun, Silver Star The Life and Legend of Frontier Marshal Bass Reeves - Race and Ethnicity in the American West Series #1 [B014V5RKPM]","Art T. Burton\Black Gun, Silver Star\Black Gun, Silver Star The Life and Legend of Frontier Marshal Bass Reeves - Race and Ethnicity in the American West Series #1 [B014V5RKPM]",377.82,VERIFIED_CANONICAL,Tier 1: ASIN Match,"Black Gun, Silver Star: The Life and Legend of Frontier Marshal Bass Reeves",Art T. Burton,B014V5RKPM,"Black Gun, Silver Star"
Mostly Harmless [B002V5H3AW],Douglas Adams\Hitchhiker's Guide to the Galaxy #5\Mostly Harmless [B002V5H3AW],314.9,VERIFIED_CANONICAL,Tier 1: ASIN Match,Mostly Harmless,Douglas Adams,B002V5H3AW,Hitchhiker's Guide to the Galaxy #5
Douglas Adams at the BBC Disc 3,Douglas Adams\Douglas Adams at the BBC\Douglas Adams at the BBC Disc 3,139.82,VERIFIED_CANONICAL,Tier 2: Leaf Folder Match,Douglas Adams at the BBC Disc 3,Douglas Adams,,Douglas Adams at the BBC
Douglas Adams at the BBC Disc 3,Douglas Adams\Douglas Adams at the BBC\Douglas Adams at the BBC [B002V5BPX8]\Douglas Adams at the BBC Disc 3,139.82,VERIFIED_CANONICAL,Tier 2: Leaf Folder Match,Douglas Adams at the BBC Disc 3,Douglas Adams,,Douglas Adams at the BBC
Douglas Adams at the BBC Disk 1,Douglas Adams\Douglas Adams at the BBC\Douglas Adams at the BBC [B002V5BPX8]\Douglas Adams at the BBC Disk 1,138.7,VERIFIED_CANONICAL,Tier 2: Leaf Folder Match,Douglas Adams at the BBC,Douglas Adams,B002V5BPX8,Douglas Adams at the BBC
Douglas Adams at the BBC Disc 2,Douglas Adams\Douglas Adams at the BBC\Douglas Adams at the BBC [B002V5BPX8]\Douglas Adams at the BBC Disc 2,138.22,VERIFIED_CANONICAL,Tier 2: Leaf Folder Match,Douglas Adams at the BBC Disc 2,Douglas Adams,,Douglas Adams at the BBC
"Blue Moon - Jack Reacher, Book 24 [1524774367]","Lee Child\Jack Reacher #24\Blue Moon - Jack Reacher, Book 24 [1524774367]",612.79,VERIFIED_CANONICAL,Tier 1: ASIN Match,Blue Moon,Lee Child,1524774367,Jack Reacher #24
"Killing Floor - Jack Reacher, Book 1 [B015RQON6I]","Lee Child\Jack Reacher #1\Killing Floor - Jack Reacher, Book 1 [B015RQON6I]",427.23,VERIFIED_CANONICAL,Tier 1: ASIN Match,Killing Floor,Lee Child,B015RQON6I,Jack Reacher #1
15.5 Second Son,Lee Child\Jack Reacher\15.5 Second Son,34.01,VERIFIED_CANONICAL,Tier 2: Leaf Folder Match,15.5 Second Son,Lee Child,,Jack Reacher
16.5 Deep Down,Lee Child\Jack Reacher\16.5 Deep Down,36.17,VERIFIED_CANONICAL,Tier 2: Leaf Folder Match,16.5 Deep Down,Lee Child,,Jack Reacher
17.5 High Heat,Lee Child\Jack Reacher\17.5 High Heat,54.41,VERIFIED_CANONICAL,Tier 2: Leaf Folder Match,17.5 High Heat,Lee Child,,Jack Reacher
18.5 Not a Drill,Lee Child\Jack Reacher\18.5 Not a Drill,33.56,VERIFIED_CANONICAL,Tier 2: Leaf Folder Match,18.5 Not a Drill,Lee Child,,Jack Reacher
19.5 Small Wars,Lee Child\Jack Reacher\19.5 Small Wars,35.17,VERIFIED_CANONICAL,Tier 2: Leaf Folder Match,19.5 Small Wars,Lee Child,,Jack Reacher
22.5 The Christmas Scorpion,Lee Child\Jack Reacher\22.5 The Christmas Scorpion,15.74,VERIFIED_CANONICAL,Tier 2: Leaf Folder Match,22.5 The Christmas Scorpion,Lee Child,,Jack Reacher
23.5 The Fourth Man,Lee Child\Jack Reacher\23.5 The Fourth Man,16.43,VERIFIED_CANONICAL,Tier 2: Leaf Folder Match,23.5 The Fourth Man,Lee Child,,Jack Reacher
12.5 James Penney’s New Identity - Guy Walks into a Bar,Lee Child\Jack Reacher\12.5 James Penney’s New Identity - Guy Walks into a Bar,39.12,VERIFIED_CANONICAL,Tier 2: Leaf Folder Match,12.5 James Penney’s New Identity - Guy Walks into a Bar,Lee Child,,Jack Reacher
21.5 No Middle Name,Lee Child\Jack Reacher\21.5 No Middle Name,308.62,VERIFIED_CANONICAL,Tier 2: Leaf Folder Match,21.5 No Middle Name,Lee Child,,Jack Reacher
"The Hard Way - Jack Reacher, Book 10 [B00LI7VIRS]","Lee Child\Jack Reacher #10\The Hard Way - Jack Reacher, Book 10 [B00LI7VIRS]",323.8,VERIFIED_CANONICAL,Tier 1: ASIN Match,The Hard Way,Lee Child,B00LI7VIRS,Jack Reacher #10
"Without Fail - Jack Reacher, Book 6 [B016J85CWW]","Lee Child\Jack Reacher #6\Without Fail - Jack Reacher, Book 6 [B016J85CWW]",381.79,VERIFIED_CANONICAL,Tier 1: ASIN Match,Without Fail,Lee Child,B016J85CWW,Jack Reacher #6
"The Midnight Line - Jack Reacher, Book 22 [B071D1Q7ZT]","Lee Child\Jack Reacher #22\The Midnight Line - Jack Reacher, Book 22 [B071D1Q7ZT]",307.97,VERIFIED_CANONICAL,Tier 1: ASIN Match,The Midnight Line,Lee Child,B071D1Q7ZT,Jack Reacher #22
"Past Tense - Jack Reacher, Book 23 [B07DK1BBS6]","Lee Child\Jack Reacher #23\Past Tense - Jack Reacher, Book 23 [B07DK1BBS6]",340.15,VERIFIED_CANONICAL,Tier 1: ASIN Match,Past Tense,Lee Child,B07DK1BBS6,Jack Reacher #23
"The Affair - Jack Reacher, Book 16 [B005MS3H6Y]","Lee Child\Jack Reacher #16\The Affair - Jack Reacher, Book 16 [B005MS3H6Y]",335.16,VERIFIED_CANONICAL,Tier 1: ASIN Match,The Affair,Lee Child,B005MS3H6Y,Jack Reacher #16
"Tripwire - Jack Reacher, Book 3 [B009WU6R8I]","Lee Child\Jack Reacher #3\Tripwire - Jack Reacher, Book 3 [B009WU6R8I]",430.54,VERIFIED_CANONICAL,Tier 1: ASIN Match,Tripwire,Lee Child,B009WU6R8I,Jack Reacher #3
The Enemy [0593339126],Lee Child\Jack Reacher #8\The Enemy [0593339126],391.35,VERIFIED_CANONICAL,Tier 1: ASIN Match,The Enemy,Lee Child,0593339126,Jack Reacher #8
"Never Go Back - Jack Reacher, Book 18 [B00E7ZBDLY]","Lee Child\Jack Reacher #18\Never Go Back - Jack Reacher, Book 18 [B00E7ZBDLY]",320.67,VERIFIED_CANONICAL,Tier 1: ASIN Match,Never Go Back,Lee Child,B00E7ZBDLY,Jack Reacher #18
"Bad Luck and Trouble - Jack Reacher, Book 11 [B002V5GR5Y]","Lee Child\Jack Reacher #11\Bad Luck and Trouble - Jack Reacher, Book 11 [B002V5GR5Y]",346.05,VERIFIED_CANONICAL,Tier 1: ASIN Match,Bad Luck and Trouble,Lee Child,B002V5GR5Y,Jack Reacher #11
"Make Me - Jack Reacher, Book 20 [B011PVUGUG]","Lee Child\Jack Reacher #20\Make Me - Jack Reacher, Book 20 [B011PVUGUG]",319.41,VERIFIED_CANONICAL,Tier 1: ASIN Match,Make Me,Lee Child,B011PVUGUG,Jack Reacher #20
"Worth Dying For - Jack Reacher, Book 15 [B0045VT4NY]","Lee Child\Jack Reacher #15\Worth Dying For - Jack Reacher, Book 15 [B0045VT4NY]",355.71,VERIFIED_CANONICAL,Tier 1: ASIN Match,Worth Dying For,Lee Child,B0045VT4NY,Jack Reacher #15
"Gone Tomorrow - Jack Reacher, Book 13 [B002V8KTJQ]","Lee Child\Jack Reacher #13\Gone Tomorrow - Jack Reacher, Book 13 [B002V8KTJQ]",363.01,VERIFIED_CANONICAL,Tier 1: ASIN Match,Gone Tomorrow,Lee Child,B002V8KTJQ,Jack Reacher #13
A Wanted Man - A Jack Reacher Novel [B0090Q9BM8],Lee Child\Jack Reacher #17\A Wanted Man - A Jack Reacher Novel [B0090Q9BM8],322.19,VERIFIED_CANONICAL,Tier 1: ASIN Match,A Wanted Man,Lee Child,B0090Q9BM8,Jack Reacher #17
"One Shot - Jack Reacher, Book 9 [B00LI9GZTM]","Lee Child\Jack Reacher #9\One Shot - Jack Reacher, Book 9 [B00LI9GZTM]",350.95,VERIFIED_CANONICAL,Tier 1: ASIN Match,One Shot,Lee Child,B00LI9GZTM,Jack Reacher #9
"Echo Burning - Jack Reacher, Book 5 [B0160FSUW8]","Lee Child\Jack Reacher #5\Echo Burning - Jack Reacher, Book 5 [B0160FSUW8]",381.71,VERIFIED_CANONICAL,Tier 1: ASIN Match,Echo Burning,Lee Child,B0160FSUW8,Jack Reacher #5
"Die Trying - Jack Reacher, Book 2 [B009WROSXW]","Lee Child\Jack Reacher #2\Die Trying - Jack Reacher, Book 2 [B009WROSXW]",434.75,VERIFIED_CANONICAL,Tier 1: ASIN Match,Die Trying,Lee Child,B009WROSXW,Jack Reacher #2
"Nothing to Lose - Jack Reacher, Book 12 [B002V5H4NI]","Lee Child\Jack Reacher #12\Nothing to Lose - Jack Reacher, Book 12 [B002V5H4NI]",367.36,VERIFIED_CANONICAL,Tier 1: ASIN Match,Nothing to Lose,Lee Child,B002V5H4NI,Jack Reacher #12
Personal - Le avventure di Jack Reacher 19 [B09T73W9JR],Lee Child\Le avventure di Jack Reacher #19\Personal - Le avventure di Jack Reacher 19 [B09T73W9JR],304.76,VERIFIED_CANONICAL,Tier 1: ASIN Match,Personal,Lee Child,B09T73W9JR,Le avventure di Jack Reacher #19
"61 Hours - Jack Reacher, Book 14 [B003G8RX9O]","Lee Child\Jack Reacher #14\61 Hours - Jack Reacher, Book 14 [B003G8RX9O]",336.72,VERIFIED_CANONICAL,Tier 1: ASIN Match,61 Hours,Lee Child,B003G8RX9O,Jack Reacher #14
Persuader - A Jack Reacher Novel [0593339096],Lee Child\Jack Reacher #7\Persuader - A Jack Reacher Novel [0593339096],389.62,VERIFIED_CANONICAL,Tier 1: ASIN Match,Persuader,Lee Child,0593339096,Jack Reacher #7
Night School [B01JKE3C24],Lee Child\Jack Reacher #21\Night School [B01JKE3C24],306.08,VERIFIED_CANONICAL,Tier 1: ASIN Match,Night School,Lee Child,B01JKE3C24,Jack Reacher #21
F03 Second Foundation,Isaac Asimov\Isaac Asimov\F03 Second Foundation,181.03,VERIFIED_CANONICAL,Tier 2: Leaf Folder Match,F03 Second Foundation,Isaac Asimov,,Isaac Asimov_dup_4263
Foward the Foundation,Isaac Asimov\Isaac Asimov\Foward the Foundation,366.45,VERIFIED_CANONICAL,Tier 3: Title Match,Foward the Foundation,Isaac Asimov,,Isaac Asimov_dup_4263
Realm of Numbers,Isaac Asimov\Isaac Asimov\Realm of Numbers,155.82,VERIFIED_CANONICAL,Tier 3: Title Match,Realm of Numbers,Isaac Asimov,,Isaac Asimov_dup_4263
Nemesis - A Novel [0593152778],Isaac Asimov\Isaac Asimov\Nemesis - A Novel [0593152778],343.09,VERIFIED_CANONICAL,Tier 1: ASIN Match,Nemesis,Isaac Asimov,0593152778,Isaac Asimov_dup_4263
Opus 200,Isaac Asimov\Isaac Asimov\Opus 200,304.06,VERIFIED_CANONICAL,Tier 2: Leaf Folder Match,Opus 200,Isaac Asimov,,Isaac Asimov_dup_4263
Our Angry Earth,Isaac Asimov\Isaac Asimov\Our Angry Earth,326.9,VERIFIED_CANONICAL,Tier 2: Leaf Folder Match,Our Angry Earth,Isaac Asimov,,Isaac Asimov_dup_4263
The Return of the Black Widowers,Isaac Asimov\Isaac Asimov\The Return of the Black Widowers,289.38,VERIFIED_CANONICAL,Tier 2: Leaf Folder Match,The Return of the Black Widowers,Isaac Asimov,,Isaac Asimov_dup_4263
"The Robots of Dawn - The Robot Series, Book 3 [B00KTEH7WQ]","Isaac Asimov\Robots #3, R. Daneel Olivaw #3\The Robots of Dawn - The Robot Series, Book 3 [B00KTEH7WQ]",438.09,VERIFIED_CANONICAL,Tier 1: ASIN Match,The Robots of Dawn,Isaac Asimov,B00KTEH7WQ,"Robots #3, R. Daneel Olivaw #3"
Robot Visions [B01578WXQS],Isaac Asimov\Robots #0.5\Robot Visions [B01578WXQS],417.27,VERIFIED_CANONICAL,Tier 1: ASIN Match,Robot Visions,Isaac Asimov,B01578WXQS,Robots #0.5
"The Stars, Like Dust [0593346025]","Isaac Asimov\Galactic Empire #1\The Stars, Like Dust [0593346025]",198.79,VERIFIED_CANONICAL,Tier 1: ASIN Match,"The Stars, Like Dust",Isaac Asimov,0593346025,Galactic Empire #1
Forward the Foundation [B005WWT30E],Isaac Asimov\Foundation #2\Forward the Foundation [B005WWT30E],443.4,VERIFIED_CANONICAL,Tier 1: ASIN Match,Forward the Foundation,Isaac Asimov,B005WWT30E,Foundation #2
Foundation's Edge [B005WL4R7E],Isaac Asimov\Foundation #6\Foundation's Edge [B005WL4R7E],369.32,VERIFIED_CANONICAL,Tier 1: ASIN Match,Foundation's Edge,Isaac Asimov,B005WL4R7E,Foundation #6
"The Caves of Steel - Robot, Book 1 [B00KY3AP30]","Isaac Asimov\Robots #1\The Caves of Steel - Robot, Book 1 [B00KY3AP30]",225.13,VERIFIED_CANONICAL,Tier 1: ASIN Match,The Caves of Steel,Isaac Asimov,B00KY3AP30,Robots #1
Foundation and Empire [B003FCV4O6],Isaac Asimov\Foundation #4\Foundation and Empire [B003FCV4O6],228.72,VERIFIED_CANONICAL,Tier 1: ASIN Match,Foundation and Empire,Isaac Asimov,B003FCV4O6,Foundation #4
"The Currents of Space - Galactic Empire, Book 2 [0593346041]","Isaac Asimov\Galactic Empire #2\The Currents of Space - Galactic Empire, Book 2 [0593346041]",211.72,VERIFIED_CANONICAL,Tier 1: ASIN Match,The Currents of Space,Isaac Asimov,0593346041,Galactic Empire #2
"The Naked Sun - The Robot Series, Book 2 [B00KTEHMPI]","Isaac Asimov\Robots #2\The Naked Sun - The Robot Series, Book 2 [B00KTEHMPI]",177.78,VERIFIED_CANONICAL,Tier 1: ASIN Match,The Naked Sun,Isaac Asimov,B00KTEHMPI,Robots #2
Robot Dreams [B00NYCMZQS],Isaac Asimov\Robots #0.4\Robot Dreams [B00NYCMZQS],419.35,VERIFIED_CANONICAL,Tier 1: ASIN Match,Robot Dreams,Isaac Asimov,B00NYCMZQS,Robots #0.4
Prelude to Foundation [B005T6ZETM],Isaac Asimov\Foundation #1\Prelude to Foundation [B005T6ZETM],457.28,VERIFIED_CANONICAL,Tier 1: ASIN Match,Prelude to Foundation,Isaac Asimov,B005T6ZETM,Foundation #1
"I, Robot [B002V5BE1Q]","Isaac Asimov\Robots #0.1\I, Robot [B002V5BE1Q]",189.33,VERIFIED_CANONICAL,Tier 1: ASIN Match,"I, Robot",Isaac Asimov,B002V5BE1Q,Robots #0.1
Foundation and Earth [B005WWT7TQ],Isaac Asimov\Foundation #7\Foundation and Earth [B005WWT7TQ],511.97,VERIFIED_CANONICAL,Tier 1: ASIN Match,Foundation and Earth,Isaac Asimov,B005WWT7TQ,Foundation #7
Superman_Batman_Spiderman Audio productions,Multiple Authors\Multiple Authors\DC Comics\Superman_Batman_Spiderman Audio productions\Superman_Batman_Spiderman Audio productions\Superman_Batman_Spiderman Audio productions,40.87,VERIFIED_CANONICAL,Tier 2: Leaf Folder Match,Lazarus/Blues Project,The Blues Project,,Superman_Batman_Spiderman Audio productions
Triumph Of The Darksword,Margaret Weis & Tracy Hickman\Darksword Cycle #03\Triumph Of The Darksword,176.92,VERIFIED_CANONICAL,Tier 3: Title Match,Triumph Of The Darksword,Margaret Weis & Tracy Hickman,,Darksword Cycle #03
Legacy Of The Darksword,Margaret Weis & Tracy Hickman\Darksword Cycle #04\Legacy Of The Darksword,148.52,VERIFIED_CANONICAL,Tier 3: Title Match,Legacy Of The Darksword,Margaret Weis & Tracy Hickman,,Darksword Cycle #04
Non Fiction,Non Fiction\Non Fiction\Non Fiction,82.51,VERIFIED_CANONICAL,Tier 2: Leaf Folder Match,The No Asshole Rule,Robert I. Sutton PhD PhD,B002V5B4BG,Non Fiction
Stephen King (45 novels - 69),Stephen King\Stephen King\Stephen King (45 novels - 69)\Stephen King (45 novels - 69),1262.27,VERIFIED_CANONICAL,Tier 2: Leaf Folder Match,Blood And Smoke,Stephen King,B002UZKRK6,Stephen King (45 novels - 69)
Song of Susannah - The Dark Tower VI [B002V5CO3I],Stephen King\The Dark Tower #6\Song of Susannah - The Dark Tower VI [B002V5CO3I],375.91,VERIFIED_CANONICAL,Tier 1: ASIN Match,Song of Susannah,Stephen King,B002V5CO3I,The Dark Tower #6
Wolves of the Calla - Dark Tower V [B002UUMS76],Stephen King\The Dark Tower #5\Wolves of the Calla - Dark Tower V [B002UUMS76],712.68,VERIFIED_CANONICAL,Tier 1: ASIN Match,Wolves of the Calla,Stephen King,B002UUMS76,The Dark Tower #5
The Green Mile [B002UZKWLA],Stephen King\audio book the green mile\The Green Mile [B002UZKWLA],382.75,VERIFIED_CANONICAL,Tier 1: ASIN Match,The Green Mile,Stephen King,B002UZKWLA,audio book the green mile
Heroes - The Greek Myths Reimagined [1797204211],Stephen Fry\Mythos #2\Heroes - The Greek Myths Reimagined [1797204211],738.32,VERIFIED_CANONICAL,Tier 1: ASIN Match,Heroes,Stephen Fry,1797204211,Mythos #2
"The Extinction New Zealand Series Box Set The Rule of Three, The Fourth Phase, The Five Pillars - The Extinction New Zealand Series, Books 1-3 [1094189286]","Adrian J. Smith\The Extinction New Zealand Series #1\The Extinction New Zealand Series Box Set The Rule of Three, The Fourth Phase, The Five Pillars - The Extinction New Zealand Series, Books 1-3 [1094189286]",1039.93,VERIFIED_CANONICAL,Tier 1: ASIN Match,"The Extinction New Zealand Series Box Set: The Rule of Three, The Fourth Phase, The Five Pillars",Adrian J. Smith,1094189286,The Extinction New Zealand Series #1
"James Moriarty, Consulting Criminal [B071CGXYVJ]","Andy Weir\Andy Weir\James Moriarty, Consulting Criminal [B071CGXYVJ]",32.76,VERIFIED_CANONICAL,Tier 1: ASIN Match,"James Moriarty, Consulting Criminal",Andy Weir,B071CGXYVJ,Andy Weir
"The Masterharper of Pern - Dragonriders of Pern, Book 14 [B002V0PPGQ]","Anne McCaffrey\Pern Novels [publication order] #14, Pern Novels [chronological order] #13\The Masterharper of Pern - Dragonriders of Pern, Book 14 [B002V0PPGQ]",532.54,VERIFIED_CANONICAL,Tier 1: ASIN Match,The Masterharper of Pern,Anne McCaffrey,B002V0PPGQ,"Pern Novels [publication order] #14, Pern Novels [chronological order] #13"
"Dragonseye - Dragonriders of Pern, Book 13 [B002VA9XQ4]","Anne McCaffrey\Pern Novels [publication order] #13, Pern Novels [chronological order] #2\Dragonseye - Dragonriders of Pern, Book 13 [B002VA9XQ4]",425.92,VERIFIED_CANONICAL,Tier 1: ASIN Match,Dragonseye,Anne McCaffrey,B002VA9XQ4,"Pern Novels [publication order] #13, Pern Novels [chronological order] #2"
"Dragonflight - Dragonriders of Pern, Book 1 [B002V8KVEO]","Anne McCaffrey\Original Dragonriders of Pern #1, Pern Novels [publication order] #1\Dragonflight - Dragonriders of Pern, Book 1 [B002V8KVEO]",257.09,VERIFIED_CANONICAL,Tier 1: ASIN Match,Dragonflight,Anne McCaffrey,B002V8KVEO,"Original Dragonriders of Pern #1, Pern Novels [chronological order] #14"
"Dragonsinger - Harper Hall Trilogy, Volume 2 [B002V8KKPY]","Anne McCaffrey\Harper Hall of Pern #2, Pern Novels [publication order] #4\Dragonsinger - Harper Hall Trilogy, Volume 2 [B002V8KKPY]",274.59,VERIFIED_CANONICAL,Tier 1: ASIN Match,Dragonsinger,Anne McCaffrey,B002V8KKPY,"Harper Hall of Pern #2, Pern Novels [chronological order] #17"
"All the Weyrs of Pern - Dragonriders of Pern, Book 11 [B002V5CHNA]","Anne McCaffrey\Pern Novels [publication order] #11, Pern Novels [chronological order] #21\All the Weyrs of Pern - Dragonriders of Pern, Book 11 [B002V5CHNA]",517.66,VERIFIED_CANONICAL,Tier 1: ASIN Match,All the Weyrs of Pern,Anne McCaffrey,B002V5CHNA,"Pern Novels [publication order] #11, Pern Novels [chronological order] #21"
"Moreta - Dragonlady of Pern Dragonriders of Pern, Book 7 [B002V0KHV4]","Anne McCaffrey\Pern Novels [publication order] #7, Pern Novels [chronological order] #11\Moreta - Dragonlady of Pern Dragonriders of Pern, Book 7 [B002V0KHV4]",370.05,VERIFIED_CANONICAL,Tier 1: ASIN Match,Moreta,Anne McCaffrey,B002V0KHV4,"Pern Novels [publication order] #7, Pern Novels [chronological order] #11"
A Gift of Dragons [B002V8HLQ0],"Anne McCaffrey\Pern Novels [publication order], Pern Novels [chronological order]\A Gift of Dragons [B002V8HLQ0]",208.55,VERIFIED_CANONICAL,Tier 1: ASIN Match,A Gift of Dragons,Anne McCaffrey,B002V8HLQ0,"Pern Novels [publication order], Pern Novels [chronological order]"
The Chronicles of Pern - First Fall [B09PFHKVTM],"Anne McCaffrey\Pern Novels [publication order], Pern Novels [chronological order]\The Chronicles of Pern - First Fall [B09PFHKVTM]",345.18,VERIFIED_CANONICAL,Tier 1: ASIN Match,The Chronicles of Pern,Anne McCaffrey,B09PFHKVTM,"Pern Novels [publication order], Pern Novels [chronological order]"
"Dragonsdawn - Dragonriders of Pern, Book 9 [B002V0JVMA]","Anne McCaffrey\Pern Novels [publication order] #9, Pern Novels [chronological order] #1\Dragonsdawn - Dragonriders of Pern, Book 9 [B002V0JVMA]",390.36,VERIFIED_CANONICAL,Tier 1: ASIN Match,Dragonsdawn,Anne McCaffrey,B002V0JVMA,"Pern Novels [publication order] #9, Pern Novels [chronological order] #1"
"The Dolphins of Pern - Dragonriders of Pern, Book 12 [B002V1NFYY]","Anne McCaffrey\Pern Novels [publication order] #12, Pern Novels [chronological order] #22\The Dolphins of Pern - Dragonriders of Pern, Book 12 [B002V1NFYY]",375.67,VERIFIED_CANONICAL,Tier 1: ASIN Match,The Dolphins of Pern,Anne McCaffrey,B002V1NFYY,"Pern Novels [publication order] #12, Pern Novels [chronological order] #22"
"Dragonquest - Dragonriders of Pern, Book 2 [B002V1NGHK]","Anne McCaffrey\Original Dragonriders of Pern #2, Pern Novels [chronological order] #15\Dragonquest - Dragonriders of Pern, Book 2 [B002V1NGHK]",310.54,VERIFIED_CANONICAL,Tier 1: ASIN Match,Dragonquest,Anne McCaffrey,B002V1NGHK,"Original Dragonriders of Pern #2, Pern Novels [chronological order] #15"
"Dragondrums - Harper Hall Trilogy, Volume 3 [B002V9Z0GW]","Anne McCaffrey\Harper Hall of Pern #3, Pern Novels [publication order] #6\Dragondrums - Harper Hall Trilogy, Volume 3 [B002V9Z0GW]",244.54,VERIFIED_CANONICAL,Tier 1: ASIN Match,Dragondrums,Anne McCaffrey,B002V9Z0GW,"Harper Hall of Pern #3, Pern Novels [chronological order] #18"
"The Skies of Pern - Dragonriders of Pern, Book 15 [B002V1LCTE]","Anne McCaffrey\Pern Novels [publication order] #15, Pern Novels [chronological order] #23\The Skies of Pern - Dragonriders of Pern, Book 15 [B002V1LCTE]",584.28,VERIFIED_CANONICAL,Tier 1: ASIN Match,The Skies of Pern,Anne McCaffrey,B002V1LCTE,"Pern Novels [publication order] #15, Pern Novels [chronological order] #23"
"The Renegades of Pern - Dragonriders of Pern, Book 10 [B002V0PR2S]","Anne McCaffrey\Pern Novels [publication order] #10, Pern Novels [chronological order] #20\The Renegades of Pern - Dragonriders of Pern, Book 10 [B002V0PR2S]",335.36,VERIFIED_CANONICAL,Tier 1: ASIN Match,The Renegades of Pern,Anne McCaffrey,B002V0PR2S,"Pern Novels [publication order] #10, Pern Novels [chronological order] #20"
"The White Dragon - Dragonriders of Pern, Book 3 [B002V5BCXG]","Anne McCaffrey\Original Dragonriders of Pern #3, Pern Novels [publication order] #5\The White Dragon - Dragonriders of Pern, Book 3 [B002V5BCXG]",404.38,VERIFIED_CANONICAL,Tier 1: ASIN Match,The White Dragon,Anne McCaffrey,B002V5BCXG,"Original Dragonriders of Pern #3, Pern Novels [publication order] #5"
The Chronicles of Lumineia Omnibus [B00XAK8OGE],Ben Hale\The Chronicles of Lumineia #1\The Chronicles of Lumineia Omnibus [B00XAK8OGE],960.42,VERIFIED_CANONICAL,Tier 1: ASIN Match,The Chronicles of Lumineia Omnibus,Ben Hale,B00XAK8OGE,The Chronicles of Lumineia #1
"Lords of the North - The Saxon Chronicles, Book 3 [B002V5GS2Q]","Bernard Cornwell\The Last Kingdom Series #3\Lords of the North - The Saxon Chronicles, Book 3 [B002V5GS2Q]",361.3,VERIFIED_CANONICAL,Tier 1: ASIN Match,Lords of the North,Bernard Cornwell,B002V5GS2Q,The Last Kingdom Series #3
Vagabond - A Novel [B00P2WA7PO],Bernard Cornwell\The Grail Quest #2\Vagabond - A Novel [B00P2WA7PO],403.49,VERIFIED_CANONICAL,Tier 1: ASIN Match,Vagabond,Bernard Cornwell,B00P2WA7PO,The Grail Quest #2
The Pale Horseman [B00PRAIAUA],Bernard Cornwell\The Last Kingdom Series #2\The Pale Horseman [B00PRAIAUA],400.21,VERIFIED_CANONICAL,Tier 1: ASIN Match,The Pale Horseman,Bernard Cornwell,B00PRAIAUA,The Last Kingdom Series #2
Heretic [B00P1NBK32],Bernard Cornwell\The Grail Quest #3\Heretic [B00P1NBK32],452.04,VERIFIED_CANONICAL,Tier 1: ASIN Match,Heretic,Bernard Cornwell,B00P1NBK32,The Grail Quest #3
Sword Song [B002V8HDLS],Bernard Cornwell\Bernard Cornwell Audiobook collection 1 - 8 @ Fenopy.com\Sword Song [B002V8HDLS],161.76,VERIFIED_CANONICAL,Tier 1: ASIN Match,Sword Song,Bernard Cornwell,B002V8HDLS,Bernard Cornwell Audiobook collection 1 - 8 @ Fenopy.com
The Last Kingdom [B002V1BWCQ],Bernard Cornwell\Bernard Cornwell Audiobook collection 1 - 8 @ Fenopy.com\The Last Kingdom [B002V1BWCQ],152.07,VERIFIED_CANONICAL,Tier 1: ASIN Match,The Last Kingdom,Bernard Cornwell,B002V1BWCQ,Bernard Cornwell Audiobook collection 1 - 8 @ Fenopy.com
The Archer's Tale [B002V8HBLK],Bernard Cornwell\Bernard Cornwell Audiobook collection 1 - 8 @ Fenopy.com\The Archer's Tale [B002V8HBLK],402.08,VERIFIED_CANONICAL,Tier 1: ASIN Match,The Archer's Tale,Bernard Cornwell,B002V8HBLK,Bernard Cornwell Audiobook collection 1 - 8 @ Fenopy.com
"Freedom's Fire Box Set, Books 1-6 - The Complete Military Space Opera Series [1982690917]","Bobby Adair\The Freedom's Fire Series #1\Freedom's Fire Box Set, Books 1-6 - The Complete Military Space Opera Series [1982690917]",1066.08,VERIFIED_CANONICAL,Tier 1: ASIN Match,"Freedom's Fire Box Set, Books 1-6",Bobby Adair,1982690917,The Freedom's Fire Series #1
After Dead - What Came Next in the World of Sookie Stackhouse [B00HQJUL8O],Charlaine Harris\Sookie Stackhouse\After Dead - What Came Next in the World of Sookie Stackhouse [B00HQJUL8O],22.07,VERIFIED_CANONICAL,Tier 1: ASIN Match,After Dead,Charlaine Harris,B00HQJUL8O,Sookie Stackhouse
The Sookie Stackhouse Companion [B005FM5AZI],Charlaine Harris\Sookie Stackhouse\The Sookie Stackhouse Companion [B005FM5AZI],274.52,VERIFIED_CANONICAL,Tier 1: ASIN Match,The Sookie Stackhouse Companion,Charlaine Harris,B005FM5AZI,Sookie Stackhouse
Dead Ever After [B00BR1VHVC],Charlaine Harris\Sookie Stackhouse #13\Dead Ever After [B00BR1VHVC],146.35,VERIFIED_CANONICAL,Tier 1: ASIN Match,Dead Ever After,Charlaine Harris,B00BR1VHVC,Sookie Stackhouse #13
Living Dead in Dallas [B002V0KPAW],Charlaine Harris\Sookie Stackhouse #2\Living Dead in Dallas [B002V0KPAW],242.3,VERIFIED_CANONICAL,Tier 1: ASIN Match,Living Dead in Dallas,Charlaine Harris,B002V0KPAW,Sookie Stackhouse #2
From Dead to Worse [B002VA3QM6],Charlaine Harris\Sookie Stackhouse #8\From Dead to Worse [B002VA3QM6],288.23,VERIFIED_CANONICAL,Tier 1: ASIN Match,From Dead to Worse,Charlaine Harris,B002VA3QM6,Sookie Stackhouse #8
All Together Dead [B002VA9IUA],Charlaine Harris\Sookie Stackhouse #7\All Together Dead [B002VA9IUA],247.52,VERIFIED_CANONICAL,Tier 1: ASIN Match,All Together Dead,Charlaine Harris,B002VA9IUA,Sookie Stackhouse #7
Dead Until Dark [B002V1LPJ6],Charlaine Harris\Sookie Stackhouse #1\Dead Until Dark [B002V1LPJ6],131.2,VERIFIED_CANONICAL,Tier 1: ASIN Match,Dead Until Dark,Charlaine Harris,B002V1LPJ6,Sookie Stackhouse #1
Club Dead [B002V0QUBK],Charlaine Harris\Sookie Stackhouse #3\Club Dead [B002V0QUBK],229.77,VERIFIED_CANONICAL,Tier 1: ASIN Match,Club Dead,Charlaine Harris,B002V0QUBK,Sookie Stackhouse #3
Dead to the World - Sookie Stackhouse Southern Vampire Mystery #4 [B002UZKJOK],Charlaine Harris\Sookie Stackhouse #4\Dead to the World - Sookie Stackhouse Southern Vampire Mystery #4 [B002UZKJOK],274.94,VERIFIED_CANONICAL,Tier 1: ASIN Match,Dead to the World,Charlaine Harris,B002UZKJOK,Sookie Stackhouse #4
Dead to the World [B002UZKJOK],Charlaine Harris\Sookie Stackhouse #4\Dead to the World [B002UZKJOK],147.52,VERIFIED_CANONICAL,Tier 1: ASIN Match,Dead to the World,Charlaine Harris,B002UZKJOK,Sookie Stackhouse #4
Dead In the Family [B003HTZBPU],Charlaine Harris\Sookie Stackhouse #10\Dead In the Family [B003HTZBPU],141.37,VERIFIED_CANONICAL,Tier 1: ASIN Match,Dead In the Family,Charlaine Harris,B003HTZBPU,Sookie Stackhouse #10
Dead Reckoning [B004W4TYXE],Charlaine Harris\Sookie Stackhouse #11\Dead Reckoning [B004W4TYXE],143.71,VERIFIED_CANONICAL,Tier 1: ASIN Match,Dead Reckoning,Charlaine Harris,B004W4TYXE,Sookie Stackhouse #11
After Dead What Came Next in the World of Sookie Stackhouse (Unabridged) [B00HQJUL8O],Charlaine Harris\Sookie Stackhouse #0\After Dead What Came Next in the World of Sookie Stackhouse (Unabridged) [B00HQJUL8O],21.5,VERIFIED_CANONICAL,Tier 1: ASIN Match,After Dead,Charlaine Harris,B00HQJUL8O,Sookie Stackhouse
Dead as a Doornail [B002V8LJTU],Charlaine Harris\Sookie Stackhouse #5\Dead as a Doornail [B002V8LJTU],132.73,VERIFIED_CANONICAL,Tier 1: ASIN Match,Dead as a Doornail,Charlaine Harris,B002V8LJTU,Sookie Stackhouse #5
Definitely Dead [B002V59ZE4],Charlaine Harris\Sookie Stackhouse #6\Definitely Dead [B002V59ZE4],152.88,VERIFIED_CANONICAL,Tier 1: ASIN Match,Definitely Dead,Charlaine Harris,B002V59ZE4,Sookie Stackhouse #6
Ranger Boxed Set - Books 1-3 [1705290949],Charles Lamb\Ranger #1\Ranger Boxed Set - Books 1-3 [1705290949],1280.78,VERIFIED_CANONICAL,Tier 1: ASIN Match,Ranger Boxed Set,Charles Lamb,1705290949,Ranger #1
Coyote Blue [B002V8MFY8],Christopher Moore\Christopher Moore\Coyote Blue [B002V8MFY8],142.6,VERIFIED_CANONICAL,Tier 1: ASIN Match,Coyote Blue,Christopher Moore,B002V8MFY8,Christopher Moore
Island of the Sequined Love Nun [B002V1JWIM],Christopher Moore\Christopher Moore\Island of the Sequined Love Nun [B002V1JWIM],160.86,VERIFIED_CANONICAL,Tier 1: ASIN Match,Island of the Sequined Love Nun,Christopher Moore,B002V1JWIM,Christopher Moore
Noir - A Novel [B078XM8PBN],Christopher Moore\Christopher Moore\Noir - A Novel [B078XM8PBN],125.78,VERIFIED_CANONICAL,Tier 1: ASIN Match,Noir,Christopher Moore,B078XM8PBN,Christopher Moore
Sacre Bleu - A Comedy d'Art [B007OXLCBW],Christopher Moore\Christopher Moore\Sacre Bleu - A Comedy d'Art [B007OXLCBW],321.24,VERIFIED_CANONICAL,Tier 1: ASIN Match,Sacre Bleu,Christopher Moore,B007OXLCBW,Christopher Moore
"Fluke - Or, I Know Why the Winged Whale Sings [B002V1K2PE]","Christopher Moore\Christopher Moore\Fluke - Or, I Know Why the Winged Whale Sings [B002V1K2PE]",537.79,VERIFIED_CANONICAL,Tier 1: ASIN Match,Fluke,Christopher Moore,B002V1K2PE,Christopher Moore
The Serpent of Venice - A Novel [B00J53FV2U],Christopher Moore\Fool #2\The Serpent of Venice - A Novel [B00J53FV2U],145.91,VERIFIED_CANONICAL,Tier 1: ASIN Match,The Serpent of Venice,Christopher Moore,B00J53FV2U,Fool #2
Shakespeare for Squirrels - A Novel [0062934155],Christopher Moore\Fool #3\Shakespeare for Squirrels - A Novel [0062934155],484.33,VERIFIED_CANONICAL,Tier 1: ASIN Match,Shakespeare for Squirrels,Christopher Moore,0062934155,Fool #3
Secondhand Souls - A Novel [B00XQS0AS0],Christopher Moore\Grim Reaper #2\Secondhand Souls - A Novel [B00XQS0AS0],308.34,VERIFIED_CANONICAL,Tier 1: ASIN Match,Secondhand Souls,Christopher Moore,B00XQS0AS0,Grim Reaper #2
Bite Me - A Love Story [B003C20NXM],Christopher Moore\Love Story #3\Bite Me - A Love Story [B003C20NXM],170.59,VERIFIED_CANONICAL,Tier 1: ASIN Match,Bite Me,Christopher Moore,B003C20NXM,Love Story #3
Practical Demonkeeping [B002V5A2Z0],Christopher Moore\Pine Cove #1\Practical Demonkeeping [B002V5A2Z0],206.93,VERIFIED_CANONICAL,Tier 1: ASIN Match,Practical Demonkeeping,Christopher Moore,B002V5A2Z0,Pine Cove #1
"Lamb - The Gospel According to Biff, Christ's Childhood Pal [B002V8OCDK]","Christopher Moore\Comedy\Lamb - The Gospel According to Biff, Christ's Childhood Pal [B002V8OCDK]",315.5,VERIFIED_CANONICAL,Tier 1: ASIN Match,Lamb,Christopher Moore,B002V8OCDK,Christopher Moore
Fool - A Novel [B002V1O3S6],Christopher Moore\Fool #1\Fool - A Novel [B002V1O3S6],243.14,VERIFIED_CANONICAL,Tier 1: ASIN Match,Fool,Christopher Moore,B002V1O3S6,Fool #1
The Lust Lizard of Melancholy Cove [B002V1OC28],Christopher Moore\Pine Cove #2\The Lust Lizard of Melancholy Cove [B002V1OC28],240.83,VERIFIED_CANONICAL,Tier 1: ASIN Match,The Lust Lizard of Melancholy Cove,Christopher Moore,B002V1OC28,Pine Cove #2
You Suck - A Love Story [B002V8LFK8],Christopher Moore\Love Story #2\You Suck - A Love Story [B002V8LFK8],429.41,VERIFIED_CANONICAL,Tier 1: ASIN Match,You Suck,Christopher Moore,B002V8LFK8,Love Story #2
Bloodsucking Fiends - A Love Story [B002V5B9SY],Christopher Moore\Love Story #1\Bloodsucking Fiends - A Love Story [B002V5B9SY],211.08,VERIFIED_CANONICAL,Tier 1: ASIN Match,Bloodsucking Fiends,Christopher Moore,B002V5B9SY,Love Story #1
A Dirty Job [B002V0QR4K],Christopher Moore\Grim Reaper #1\A Dirty Job [B002V0QR4K],324.44,VERIFIED_CANONICAL,Tier 1: ASIN Match,A Dirty Job,Christopher Moore,B002V0QR4K,Grim Reaper #1
The Road [B002V0PTQ2],Cormac McCarthy\(Audio Book) Cormac McCarthy - The Road (Uunabridged)\The Road [B002V0PTQ2],282.42,VERIFIED_CANONICAL,Tier 1: ASIN Match,The Road,Cormac McCarthy,B002V0PTQ2,(Audio Book) Cormac McCarthy - The Road (Uunabridged)
No Country for Old Men [B002VA8NLK],Cormac McCarthy\Cormac McCarthy - No Country for Old Men - Unabridged\No Country for Old Men [B002VA8NLK],101.58,VERIFIED_CANONICAL,Tier 1: ASIN Match,No Country for Old Men,Cormac McCarthy,B002VA8NLK,Cormac McCarthy - No Country for Old Men - Unabridged
Death Without Company - A Walt Longmire Mystery [B002VA9JL8],Craig Johnson\Walt Longmire #2\Death Without Company - A Walt Longmire Mystery [B002VA9JL8],135.05,VERIFIED_CANONICAL,Tier 1: ASIN Match,Death Without Company,Craig Johnson,B002VA9JL8,Walt Longmire #2
The Cold Dish - A Walt Longmire Mystery [B002V1LT0G],Craig Johnson\Walt Longmire #1\The Cold Dish - A Walt Longmire Mystery [B002V1LT0G],364.1,VERIFIED_CANONICAL,Tier 1: ASIN Match,The Cold Dish,Craig Johnson,B002V1LT0G,Walt Longmire #1
"Dungeon Born - Divine Dungeon Series, Book 1 [B06XQ78XLP]","Dakota Krout\The Divine Dungeon #1\Dungeon Born - Divine Dungeon Series, Book 1 [B06XQ78XLP]",347.78,VERIFIED_CANONICAL,Tier 1: ASIN Match,Dungeon Born,Dakota Krout,B06XQ78XLP,The Divine Dungeon #1
"Dungeon Eternium - Divine Dungeon Series, Book 5 [1977349684]","Dakota Krout\The Divine Dungeon #5\Dungeon Eternium - Divine Dungeon Series, Book 5 [1977349684]",561.87,VERIFIED_CANONICAL,Tier 1: ASIN Match,Dungeon Eternium,Dakota Krout,1977349684,The Divine Dungeon #5
"Ritualist - Completionist Chronicles, Book 1 [B07BTHWMFF]","Dakota Krout\The Completionist Chronicles #1\Ritualist - Completionist Chronicles, Book 1 [B07BTHWMFF]",327.68,VERIFIED_CANONICAL,Tier 1: ASIN Match,Ritualist,Dakota Krout,B07BTHWMFF,The Completionist Chronicles #1
"Dungeon Calamity - Divine Dungeon, Book 3 [B0799RFCCK]","Dakota Krout\The Divine Dungeon #3\Dungeon Calamity - Divine Dungeon, Book 3 [B0799RFCCK]",366.8,VERIFIED_CANONICAL,Tier 1: ASIN Match,Dungeon Calamity,Dakota Krout,B0799RFCCK,The Divine Dungeon #3
"Regicide - The Completionist Chronicles Series, Book 2 [B07FKYC3LD]","Dakota Krout\The Completionist Chronicles #2\Regicide - The Completionist Chronicles Series, Book 2 [B07FKYC3LD]",367.63,VERIFIED_CANONICAL,Tier 1: ASIN Match,Regicide,Dakota Krout,B07FKYC3LD,The Completionist Chronicles #2
"Dungeon Desolation - Divine Dungeon Series, Book 4 [1977385885]","Dakota Krout\The Divine Dungeon #4\Dungeon Desolation - Divine Dungeon Series, Book 4 [1977385885]",333.74,VERIFIED_CANONICAL,Tier 1: ASIN Match,Dungeon Desolation,Dakota Krout,1977385885,The Divine Dungeon #4
"Raze - Completionist Chronicles Series, Book 4 [1977374573]","Dakota Krout\The Completionist Chronicles #4\Raze - Completionist Chronicles Series, Book 4 [1977374573]",517.12,VERIFIED_CANONICAL,Tier 1: ASIN Match,Raze,Dakota Krout,1977374573,The Completionist Chronicles #4
"Dungeon Madness - Divine Dungeon Series, Book 2 [B0764H7Y83]","Dakota Krout\The Divine Dungeon #2\Dungeon Madness - Divine Dungeon Series, Book 2 [B0764H7Y83]",333.65,VERIFIED_CANONICAL,Tier 1: ASIN Match,Dungeon Madness,Dakota Krout,B0764H7Y83,The Divine Dungeon #2
Deception Point [B002UUFOPE],Dan Brown\Dan Brown - Deception Point (48kbps)\Deception Point [B002UUFOPE],25.66,VERIFIED_CANONICAL,Tier 1: ASIN Match,Deception Point,Dan Brown,B002UUFOPE,Dan Brown - Deception Point (48kbps)
Digital Fortress [B002VA8NOW],Dan Brown\Dan Brown - All 4 books\Digital Fortress [B002VA8NOW],165.55,VERIFIED_CANONICAL,Tier 1: ASIN Match,Digital Fortress,Dan Brown,B002VA8NOW,Dan Brown - All 4 books
Zero G [B07K4VYQ5X],Dan Wells\The Zero Chronicles #1\Zero G [B07K4VYQ5X],230.24,VERIFIED_CANONICAL,Tier 1: ASIN Match,Zero G,Dan Wells,B07K4VYQ5X,The Zero Chronicles #1
Dragon Planet [B07X7J8YJ3],Dan Wells\The Zero Chronicles #2\Dragon Planet [B07X7J8YJ3],209.2,VERIFIED_CANONICAL,Tier 1: ASIN Match,Dragon Planet,Dan Wells,B07X7J8YJ3,The Zero Chronicles #2
Stargazer [B08VYFG11M],Dan Wells\The Zero Chronicles #3\Stargazer [B08VYFG11M],249.52,VERIFIED_CANONICAL,Tier 1: ASIN Match,Stargazer,Dan Wells,B08VYFG11M,The Zero Chronicles #3
Robinson Crusoe [B01F66XHP2],Daniel Defoe\Audiobook - Robinson Crusoe - Daniel Defoe [Librivox]\Robinson Crusoe [B01F66XHP2],383.42,VERIFIED_CANONICAL,Tier 1: ASIN Match,Robinson Crusoe,Daniel Defoe,B01F66XHP2,Audiobook - Robinson Crusoe - Daniel Defoe [Librivox]
"The Dragon's Fang - Dragonfall, Book 3 [B07CHQM8FB]","David A. Wells\Dragonfall #3\The Dragon's Fang - Dragonfall, Book 3 [B07CHQM8FB]",324.32,VERIFIED_CANONICAL,Tier 1: ASIN Match,The Dragon's Fang,David A. Wells,B07CHQM8FB,Dragonfall #3
"The Dragon's Codex - Dragonfall, Book 2 [B01M9B82FH]","David A. Wells\Dragonfall #2\The Dragon's Codex - Dragonfall, Book 2 [B01M9B82FH]",389.68,VERIFIED_CANONICAL,Tier 1: ASIN Match,The Dragon's Codex,David A. Wells,B01M9B82FH,Dragonfall #2
"The Dragon's Egg - Dragonfall, Book 1 [B01A9E2VP8]","David A. Wells\Dragonfall #1\The Dragon's Egg - Dragonfall, Book 1 [B01A9E2VP8]",327.5,VERIFIED_CANONICAL,Tier 1: ASIN Match,The Dragon's Egg,David A. Wells,B01A9E2VP8,Dragonfall #1
"The Sapphire Rose - The Elenium, Book 3 [B002V9ZFDA]","David Eddings\The Elenium #3\The Sapphire Rose - The Elenium, Book 3 [B002V9ZFDA]",393.87,VERIFIED_CANONICAL,Tier 1: ASIN Match,The Sapphire Rose,David Eddings,B002V9ZFDA,The Elenium #3
"Guardians of the West - The Malloreon, Book 1 [B0DBBGBV79]","David Eddings\Malloreon #1\Guardians of the West - The Malloreon, Book 1 [B0DBBGBV79]",326.07,VERIFIED_CANONICAL,Tier 1: ASIN Match,Guardians of the West,David Eddings,B0DBBGBV79,Malloreon #1
"Queen of Sorcery - Belgariad, Book 2 [B0DB3P5HX7]","David Eddings\The Belgariad #2\Queen of Sorcery - Belgariad, Book 2 [B0DB3P5HX7]",350.4,VERIFIED_CANONICAL,Tier 1: ASIN Match,Queen of Sorcery,David Eddings,B0DB3P5HX7,The Belgariad #2
"Castle of Wizardry - The Belgariad, Book 4 [B0DG6KQBZH]","David Eddings\The Belgariad #4\Castle of Wizardry - The Belgariad, Book 4 [B0DG6KQBZH]",159.05,VERIFIED_CANONICAL,Tier 1: ASIN Match,Castle of Wizardry,David Eddings,B0DG6KQBZH,The Belgariad #4
"The Seeress of Kell - The Malloreon, Book 5 [B002V19YDU]","David Eddings\Malloreon #5\The Seeress of Kell - The Malloreon, Book 5 [B002V19YDU]",93.17,VERIFIED_CANONICAL,Tier 1: ASIN Match,The Seeress of Kell,David Eddings,B002V19YDU,Malloreon #5
"The Shining Ones - The Tamuli, Book 2 [B002V8MYAS]","David Eddings\The Tamuli #2\The Shining Ones - The Tamuli, Book 2 [B002V8MYAS]",385.3,VERIFIED_CANONICAL,Tier 1: ASIN Match,The Shining Ones,David Eddings,B002V8MYAS,The Tamuli #2
"King of the Murgos - Malloreon, Book 2 [B0DGLX217X]","David Eddings\Malloreon #2\King of the Murgos - Malloreon, Book 2 [B0DGLX217X]",323.04,VERIFIED_CANONICAL,Tier 1: ASIN Match,King of the Murgos,David Eddings,B0DGLX217X,Malloreon #2
"The Hidden City - The Tamuli, Book 3 [B002V5B2ZY]","David Eddings\The Tamuli #3\The Hidden City - The Tamuli, Book 3 [B002V5B2ZY]",378.35,VERIFIED_CANONICAL,Tier 1: ASIN Match,The Hidden City,David Eddings,B002V5B2ZY,The Tamuli #3
"The Diamond Throne - The Elenium, Book 1 [B002V0KLYC]","David Eddings\The Elenium #1\The Diamond Throne - The Elenium, Book 1 [B002V0KLYC]",285.15,VERIFIED_CANONICAL,Tier 1: ASIN Match,The Diamond Throne,David Eddings,B002V0KLYC,The Elenium #1
"Domes of Fire - The Tamuli, Book 1 [B002V8HEVW]","David Eddings\The Tamuli #1\Domes of Fire - The Tamuli, Book 1 [B002V8HEVW]",367.04,VERIFIED_CANONICAL,Tier 1: ASIN Match,Domes of Fire,David Eddings,B002V8HEVW,The Tamuli #1
"Sorceress of Darshiva - The Malloreon, Book 4 [B0DV1R3LNB]","David Eddings\Malloreon #4\Sorceress of Darshiva - The Malloreon, Book 4 [B0DV1R3LNB]",277.58,VERIFIED_CANONICAL,Tier 1: ASIN Match,Sorceress of Darshiva,David Eddings,B0DV1R3LNB,Malloreon #4
"Demon Lord of Karanda - The Malloreon, Book 3 [B0DJPPW5RT]","David Eddings\Malloreon #3\Demon Lord of Karanda - The Malloreon, Book 3 [B0DJPPW5RT]",298.53,VERIFIED_CANONICAL,Tier 1: ASIN Match,Demon Lord of Karanda,David Eddings,B0DJPPW5RT,Malloreon #3
"The Ruby Knight - The Elenium, Book 2 [B002V1NR1U]","David Eddings\The Elenium #2\The Ruby Knight - The Elenium, Book 2 [B002V1NR1U]",261.17,VERIFIED_CANONICAL,Tier 1: ASIN Match,The Ruby Knight,David Eddings,B002V1NR1U,The Elenium #2
Enchanters’ End Game [B0DJC4HRYM],David Eddings\The Belgariad #5\Enchanters’ End Game [B0DJC4HRYM],128.07,VERIFIED_CANONICAL,Tier 1: ASIN Match,Enchanters’ End Game,David Eddings,B0DJC4HRYM,The Belgariad #5
Magician’s Gambit [B0DCZY3XBV],David Eddings\The Belgariad #3\Magician’s Gambit [B0DCZY3XBV],211.47,VERIFIED_CANONICAL,Tier 1: ASIN Match,Magician’s Gambit,David Eddings,B0DCZY3XBV,The Belgariad #3
Pawn of Prophecy [B0D8XMMWLF],David Eddings\The Belgariad #1\Pawn of Prophecy [B0D8XMMWLF],287.91,VERIFIED_CANONICAL,Tier 1: ASIN Match,Pawn of Prophecy,David Eddings,B0D8XMMWLF,The Belgariad #1
"Magefall - The Kingfall Histories, Book 3 [B09JFZZG17]","David Estes\The Kingfall Histories #3\Magefall - The Kingfall Histories, Book 3 [B09JFZZG17]",921.26,VERIFIED_CANONICAL,Tier 1: ASIN Match,Magefall,David Estes,B09JFZZG17,The Kingfall Histories #3
"Kingfall - The Kingfall Histories, Book 1 [B0971NFG33]","David Estes\The Kingfall Histories #1\Kingfall - The Kingfall Histories, Book 1 [B0971NFG33]",1650.63,VERIFIED_CANONICAL,Tier 1: ASIN Match,Kingfall,David Estes,B0971NFG33,The Kingfall Histories #1
"Dragonfall - The Kingfall Histories, Book 2 [B09CZF3T9F]","David Estes\The Kingfall Histories #2\Dragonfall - The Kingfall Histories, Book 2 [B09CZF3T9F]",775.01,VERIFIED_CANONICAL,Tier 1: ASIN Match,Dragonfall,David Estes,B09CZF3T9F,The Kingfall Histories #2
The Sum of All Men [B002UZMM6S],David Farland\Runelords #1\The Sum of All Men [B002UZMM6S],1197.75,VERIFIED_CANONICAL,Tier 1: ASIN Match,The Sum of All Men,David Farland,B002UZMM6S,The Runelords Series #1
The Lair of Bones [B004FOE0AI],David Farland\Runelords #4\The Lair of Bones [B004FOE0AI],860.74,VERIFIED_CANONICAL,Tier 1: ASIN Match,The Lair of Bones,David Farland,B004FOE0AI,The Runelords Series #4
"Brotherhood of the Wolf - The Runelords, Book 2 [B002V5B86C]","David Farland\Runelords #2\Brotherhood of the Wolf - The Runelords, Book 2 [B002V5B86C]",1252.81,VERIFIED_CANONICAL,Tier 1: ASIN Match,Brotherhood of the Wolf,David Farland,B002V5B86C,The Runelords Series #2
Wizardborn [B0040ME3TS],David Farland\Runelords #3\Wizardborn [B0040ME3TS],1050.84,VERIFIED_CANONICAL,Tier 1: ASIN Match,Wizardborn,David Farland,B0040ME3TS,The Runelords Series #3
Honerverse,David Weber\David Weber\Honorverse\Collection\Honerverse,40.4,VERIFIED_CANONICAL,Tier 2: Leaf Folder Match,Honerverse,John Ringo,,Collection
Dragon Tears [B0037BQW2Y],Dean Koontz\Dean Koontz - Dragon Tears [Audiobook]\Dragon Tears [B0037BQW2Y],167.12,VERIFIED_CANONICAL,Tier 1: ASIN Match,Dragon Tears,Dean Koontz,B0037BQW2Y,Dean Koontz - Dragon Tears [Audiobook]
A Change of Plans - A Short Story [B088X5X8XJ],Dennis E. Taylor\Dennis E. Taylor\A Change of Plans - A Short Story [B088X5X8XJ],41.16,VERIFIED_CANONICAL,Tier 1: ASIN Match,A Change of Plans,Dennis E. Taylor,B088X5X8XJ,Dennis E. Taylor
The Singularity Trap [B07BHVWFSM],Dennis E. Taylor\Dennis E. Taylor\The Singularity Trap [B07BHVWFSM],630.57,VERIFIED_CANONICAL,Tier 1: ASIN Match,The Singularity Trap,Dennis E. Taylor,B07BHVWFSM,Dennis E. Taylor
A Change of Plans [B088X5X8XJ],Dennis E. Taylor\Dennis E. Taylor\A Change of Plans [B088X5X8XJ],41.16,VERIFIED_CANONICAL,Tier 1: ASIN Match,A Change of Plans,Dennis E. Taylor,B088X5X8XJ,Dennis E. Taylor
Roadkill [B0B6QBNK4J],Dennis E. Taylor\Dennis E. Taylor\Roadkill [B0B6QBNK4J],479.7,VERIFIED_CANONICAL,Tier 1: ASIN Match,Roadkill,Dennis E. Taylor,B0B6QBNK4J,Dennis E. Taylor
"We Are Legion (We Are Bob) - Bobiverse, Book 1 [B01L082HJ2]","Dennis E. Taylor\Bobiverse #1\We Are Legion (We Are Bob) - Bobiverse, Book 1 [B01L082HJ2]",307.97,VERIFIED_CANONICAL,Tier 1: ASIN Match,We Are Legion (We Are Bob),Dennis E. Taylor,B01L082HJ2,Bobiverse #1
Feedback [B08LF1Y476],Dennis E. Taylor\Audible Original Stories\Feedback [B08LF1Y476],30.59,VERIFIED_CANONICAL,Tier 1: ASIN Match,Feedback,Dennis E. Taylor,B08LF1Y476,Audible Original Stories
"Outland - Quantum Earth, Book 1 [B07PP44743]","Dennis E. Taylor\Quantum Earth #1\Outland - Quantum Earth, Book 1 [B07PP44743]",582.21,VERIFIED_CANONICAL,Tier 1: ASIN Match,Outland,Dennis E. Taylor,B07PP44743,Quantum Earth #1
"Heaven's River - Bobiverse, Book 4 [B088C4DBYP]","Dennis E. Taylor\Bobiverse #4\Heaven's River - Bobiverse, Book 4 [B088C4DBYP]",646.84,VERIFIED_CANONICAL,Tier 1: ASIN Match,Heaven's River,Dennis E. Taylor,B088C4DBYP,Bobiverse #4
"Not Till We Are Lost - Bobiverse, Book 5 [B0CW23CC7L]","Dennis E. Taylor\Bobiverse #5\Not Till We Are Lost - Bobiverse, Book 5 [B0CW23CC7L]",647.42,VERIFIED_CANONICAL,Tier 1: ASIN Match,Not Till We Are Lost,Dennis E. Taylor,B0CW23CC7L,Bobiverse #5
"For We Are Many - Bobiverse, Book 2 [B01N17THEO]","Dennis E. Taylor\Bobiverse #2\For We Are Many - Bobiverse, Book 2 [B01N17THEO]",409.23,VERIFIED_CANONICAL,Tier 1: ASIN Match,For We Are Many,Dennis E. Taylor,B01N17THEO,Bobiverse #2
"All These Worlds - Bobiverse, Book 3 [B07341FZDC]","Dennis E. Taylor\Bobiverse #3\All These Worlds - Bobiverse, Book 3 [B07341FZDC]",334.59,VERIFIED_CANONICAL,Tier 1: ASIN Match,All These Worlds,Dennis E. Taylor,B07341FZDC,Bobiverse #3
Encyclopedia Brown Tracks Them Down [B003LIMG0U],Donald Sobol\Encyclopedia Brown #8\Encyclopedia Brown Tracks Them Down [B003LIMG0U],37.48,VERIFIED_CANONICAL,Tier 1: ASIN Match,Encyclopedia Brown Tracks Them Down,Donald Sobol,B003LIMG0U,Encyclopedia Brown #8
Encyclopedia Brown Gets His Man [B003LLUG90],Donald Sobol\Encyclopedia Brown #4\Encyclopedia Brown Gets His Man [B003LLUG90],35.97,VERIFIED_CANONICAL,Tier 1: ASIN Match,Encyclopedia Brown Gets His Man,Donald Sobol,B003LLUG90,Encyclopedia Brown #4
Encyclopedia Brown in the Case of the Secret UFO [B005E19XDU],Donald Sobol\Encyclopedia Brown #26\Encyclopedia Brown in the Case of the Secret UFO [B005E19XDU],32.7,VERIFIED_CANONICAL,Tier 1: ASIN Match,Encyclopedia Brown in the Case of the Secret UFO,Donald Sobol,B005E19XDU,Encyclopedia Brown #26
Encyclopedia Brown Saves the Day [B003TIQUWC],Donald Sobol\Encyclopedia Brown #7\Encyclopedia Brown Saves the Day [B003TIQUWC],39.73,VERIFIED_CANONICAL,Tier 1: ASIN Match,Encyclopedia Brown Saves the Day,Donald Sobol,B003TIQUWC,Encyclopedia Brown #7
Encyclopedia Brown Keeps the Peace [B003LILVNI],Donald Sobol\Encyclopedia Brown #6\Encyclopedia Brown Keeps the Peace [B003LILVNI],36.97,VERIFIED_CANONICAL,Tier 1: ASIN Match,Encyclopedia Brown Keeps the Peace,Donald Sobol,B003LILVNI,Encyclopedia Brown #6
Encyclopedia Brown Finds the Clues [B003R65H3Y],Donald Sobol\Encyclopedia Brown #3\Encyclopedia Brown Finds the Clues [B003R65H3Y],37.86,VERIFIED_CANONICAL,Tier 1: ASIN Match,Encyclopedia Brown Finds the Clues,Donald Sobol,B003R65H3Y,Encyclopedia Brown #3
Encyclopedia Brown Super Sleuth [B004USPBH0],Donald Sobol\Encyclopedia Brown #25\Encyclopedia Brown Super Sleuth [B004USPBH0],41.32,VERIFIED_CANONICAL,Tier 1: ASIN Match,Encyclopedia Brown Super Sleuth,Donald Sobol,B004USPBH0,Encyclopedia Brown #25
Encyclopedia Brown Solves Them All [B003LIGKUW],Donald Sobol\Encyclopedia Brown #5\Encyclopedia Brown Solves Them All [B003LIGKUW],37.16,VERIFIED_CANONICAL,Tier 1: ASIN Match,Encyclopedia Brown Solves Them All,Donald Sobol,B003LIGKUW,Encyclopedia Brown #5
Encyclopedia Brown Cracks the Case [B003LIFZRQ],Donald Sobol\Encyclopedia Brown #24\Encyclopedia Brown Cracks the Case [B003LIFZRQ],39.99,VERIFIED_CANONICAL,Tier 1: ASIN Match,Encyclopedia Brown Cracks the Case,Donald Sobol,B003LIFZRQ,Encyclopedia Brown #24
Going Rogue [B01NBOUV2D],"Drew Hayes\Spells, Swords, & Stealth #3\Going Rogue [B01NBOUV2D]",418.48,VERIFIED_CANONICAL,Tier 1: ASIN Match,Going Rogue,Drew Hayes,B01NBOUV2D,"Spells, Swords, & Stealth #3"
"Super Powereds Year 2 - Super Powereds, Book 2 [B01I5OS9MI]","Drew Hayes\Super Powereds #2\Super Powereds Year 2 - Super Powereds, Book 2 [B01I5OS9MI]",894.52,VERIFIED_CANONICAL,Tier 1: ASIN Match,Super Powereds: Year 2,Drew Hayes,B01I5OS9MI,Super Powereds #2
"Bones of the Past Villains' Code, Book 2 (Unabridged) - Villains' Code, Book 2 [1515982971]","Drew Hayes\Villains' Code #2\Bones of the Past Villains' Code, Book 2 (Unabridged) - Villains' Code, Book 2 [1515982971]",978.33,VERIFIED_CANONICAL,Tier 1: ASIN Match,Bones of the Past,Drew Hayes,1515982971,Villains' Code #2
"The Utterly Uninteresting and Unadventurous Tales of Fred, the Vampire Accountant (Dramatized Adaptation) [1648816479]","Drew Hayes\Fred, the Vampire Accountant #1\The Utterly Uninteresting and Unadventurous Tales of Fred, the Vampire Accountant (Dramatized Adaptation) [1648816479]",320.94,VERIFIED_CANONICAL,Tier 1: ASIN Match,"The Utterly Uninteresting and Unadventurous Tales of Fred, the Vampire Accountant (Dramatized Adaptation)",Drew Hayes,1648816479,"Fred, the Vampire Accountant #1"
"The Utterly Uninteresting and Unadventurous Tales of Fred, the Vampire Accountant [B00TIY6GH0]","Drew Hayes\Fred, the Vampire Accountant #1\The Utterly Uninteresting and Unadventurous Tales of Fred, the Vampire Accountant [B00TIY6GH0]",192.16,VERIFIED_CANONICAL,Tier 1: ASIN Match,"The Utterly Uninteresting and Unadventurous Tales of Fred, the Vampire Accountant",Drew Hayes,B00TIY6GH0,"Fred, the Vampire Accountant #1"
"Super Powereds Year 3 - Super Powereds, Book 3 [B01KP2IAP4]","Drew Hayes\Super Powereds #3\Super Powereds Year 3 - Super Powereds, Book 3 [B01KP2IAP4]",1146.61,VERIFIED_CANONICAL,Tier 1: ASIN Match,Super Powereds: Year 3,Drew Hayes,B01KP2IAP4,Super Powereds #3
Undeath and Taxes [B015NMXZ7E],"Drew Hayes\Fred, the Vampire Accountant #2\Undeath and Taxes [B015NMXZ7E]",651.62,VERIFIED_CANONICAL,Tier 1: ASIN Match,Undeath and Taxes,Drew Hayes,B015NMXZ7E,"Fred, the Vampire Accountant #2"
Bloody Acquisitions [B01L7V7WNS],"Drew Hayes\Fred, the Vampire Accountant #3\Bloody Acquisitions [B01L7V7WNS]",270.19,VERIFIED_CANONICAL,Tier 1: ASIN Match,Bloody Acquisitions,Drew Hayes,B01L7V7WNS,"Fred, the Vampire Accountant #3"
Split the Party [B018UG3DJK],"Drew Hayes\Spells, Swords, & Stealth #2\Split the Party [B018UG3DJK]",309.44,VERIFIED_CANONICAL,Tier 1: ASIN Match,Split the Party,Drew Hayes,B018UG3DJK,"Spells, Swords, & Stealth #2"
"Super Powereds Year 1 - Super Powereds, Book 1 [B01FEAXNKO]","Drew Hayes\Super Powereds #1\Super Powereds Year 1 - Super Powereds, Book 1 [B01FEAXNKO]",725.76,VERIFIED_CANONICAL,Tier 1: ASIN Match,Super Powereds: Year 1,Drew Hayes,B01FEAXNKO,Super Powereds #1
"Super Powereds Year One (2 of 3) [Dramatized Adaptation] - Super Powereds, Book 1 [1648817696]","Drew Hayes\Super Powereds #1\Super Powereds Year One (2 of 3) [Dramatized Adaptation] - Super Powereds, Book 1 [1648817696]",246.83,VERIFIED_CANONICAL,Tier 1: ASIN Match,Super Powereds: Year One (2 of 3) [Dramatized Adaptation],Drew Hayes,1648817696,Super Powereds #1
Super Powereds Year One (1 of 3) (Dramatized Adaptation) [1648816606],Drew Hayes\Super Powereds #1\Super Powereds Year One (1 of 3) (Dramatized Adaptation) [1648816606],280.14,VERIFIED_CANONICAL,Tier 1: ASIN Match,Super Powereds: Year One (1 of 3) (Dramatized Adaptation),Drew Hayes,1648816606,Super Powereds #1
"Forging Hephaestus Villains' Code Series, Book 1 (Unabridged) - Villains' Code Series, Book 1 [B06VV7NQJ5]","Drew Hayes\Villains' Code #1\Forging Hephaestus Villains' Code Series, Book 1 (Unabridged) - Villains' Code Series, Book 1 [B06VV7NQJ5]",738.28,VERIFIED_CANONICAL,Tier 1: ASIN Match,Forging Hephaestus,Drew Hayes,B06VV7NQJ5,Villains' Code #1
"Super Powereds Year 4 - Super Powereds, Book 4 [B07D84P11M]","Drew Hayes\Super Powereds #4\Super Powereds Year 4 - Super Powereds, Book 4 [B07D84P11M]",1399.82,VERIFIED_CANONICAL,Tier 1: ASIN Match,Super Powereds: Year 4,Drew Hayes,B07D84P11M,Super Powereds #4
NPCs [B00NHY147E],"Drew Hayes\Spells, Swords, & Stealth #1\NPCs [B00NHY147E]",214.44,VERIFIED_CANONICAL,Tier 1: ASIN Match,NPCs,Drew Hayes,B00NHY147E,"Spells, Swords, & Stealth #1"
Noble Roots [B09YMJ8T4X],"Drew Hayes\Spells, Swords, & Stealth #5\Noble Roots [B09YMJ8T4X]",1287.57,VERIFIED_CANONICAL,Tier 1: ASIN Match,Noble Roots,Drew Hayes,B09YMJ8T4X,"Spells, Swords, & Stealth #5"
Siege Tactics [1977378889],"Drew Hayes\Spells, Swords, & Stealth #4\Siege Tactics [1977378889]",416.52,VERIFIED_CANONICAL,Tier 1: ASIN Match,Siege Tactics,Drew Hayes,1977378889,"Spells, Swords, & Stealth #4"
Out of House and Home (Dramatized Adaptation) [B09VV4FQBX],"Drew Hayes\Fred, the Vampire Accountant #7\Out of House and Home (Dramatized Adaptation) [B09VV4FQBX]",459.0,VERIFIED_CANONICAL,Tier 1: ASIN Match,Out of House and Home (Dramatized Adaptation),Drew Hayes,B09VV4FQBX,"Fred, the Vampire Accountant #7"
The Fangs of Freelance [Dramatized Adaptation] [1648817610],"Drew Hayes\Fred, the Vampire Accountant #4\The Fangs of Freelance [Dramatized Adaptation] [1648817610]",387.15,VERIFIED_CANONICAL,Tier 1: ASIN Match,The Fangs of Freelance [Dramatized Adaptation],Drew Hayes,1648817610,"Fred, the Vampire Accountant #4"
Undeading Bells (Dramatized Adaptation) [1648818439],"Drew Hayes\Fred, the Vampire Accountant #6\Undeading Bells (Dramatized Adaptation) [1648818439]",497.04,VERIFIED_CANONICAL,Tier 1: ASIN Match,Undeading Bells (Dramatized Adaptation),Drew Hayes,1648818439,"Fred, the Vampire Accountant #6"
Deadly Assessments [Dramatized Adaptation] [1648817904],"Drew Hayes\Fred, the Vampire Accountant #5\Deadly Assessments [Dramatized Adaptation] [1648817904]",418.14,VERIFIED_CANONICAL,Tier 1: ASIN Match,Deadly Assessments [Dramatized Adaptation],Drew Hayes,1648817904,"Fred, the Vampire Accountant #5"
The Cycle of Arawn [B00W8DAB9M],Edward W. Robertson\Edward W. Robertson\The Cycle of Arawn [B00W8DAB9M],1814.47,VERIFIED_CANONICAL,Tier 1: ASIN Match,The Cycle of Arawn,Edward W. Robertson,B00W8DAB9M,Edward W. Robertson
Good Intentions [B01419I7AU],Elliott Kay\Good Intentions #1\Good Intentions [B01419I7AU],1214.38,VERIFIED_CANONICAL,Tier 1: ASIN Match,Good Intentions,Elliott Kay,B01419I7AU,Good Intentions #1
"Hooked - The Never After Series, Book 1 [B09K2MCS1P]","Emily McIntire\The Never After Series #1\Hooked - The Never After Series, Book 1 [B09K2MCS1P]",499.14,VERIFIED_CANONICAL,Tier 1: ASIN Match,Hooked,Emily McIntire,B09K2MCS1P,The Never After Series #1
Steamborn The Complete Trilogy Box Set [B0764H1QWG],Eric Asher\Steamborn Series #1\Steamborn The Complete Trilogy Box Set [B0764H1QWG],640.13,VERIFIED_CANONICAL,Tier 1: ASIN Match,Steamborn: The Complete Trilogy Box Set,Eric Asher,B0764H1QWG,Steamborn Series #1
"Eat, Slay, Love - The Good Guys, Book 10 [1705267920]","Eric Ugland\The Good Guys #10\Eat, Slay, Love - The Good Guys, Book 10 [1705267920]",517.54,VERIFIED_CANONICAL,Tier 1: ASIN Match,"Eat, Slay, Love",Eric Ugland,1705267920,The Good Guys #10
"Eastbound and Town - A LitRPGGameLit Novel (The Good Guys Series, Book 8) [1977300502]","Eric Ugland\The Good Guys #8\Eastbound and Town - A LitRPGGameLit Novel (The Good Guys Series, Book 8) [1977300502]",450.86,VERIFIED_CANONICAL,Tier 1: ASIN Match,Eastbound and Town,Eric Ugland,1977300502,The Good Guys #8
"Trick of the Night - The Bad Guys, Book 8 [B09XJ79C11]","Eric Ugland\The Bad Guys #8\Trick of the Night - The Bad Guys, Book 8 [B09XJ79C11]",415.69,VERIFIED_CANONICAL,Tier 1: ASIN Match,Trick of the Night,Eric Ugland,B09XJ79C11,The Bad Guys #8
Skull and Thrones [1541436458],Eric Ugland\The Bad Guys #3\Skull and Thrones [1541436458],568.72,VERIFIED_CANONICAL,Tier 1: ASIN Match,Skull and Thrones,Eric Ugland,1541436458,The Bad Guys #3
Seas the Day [1705236561],Eric Ugland\The Bad Guys #5\Seas the Day [1705236561],490.9,VERIFIED_CANONICAL,Tier 1: ASIN Match,Seas the Day,Eric Ugland,1705236561,The Bad Guys #5
The Bare Hunt [1494548682],Eric Ugland\The Good Guys #7\The Bare Hunt [1494548682],496.44,VERIFIED_CANONICAL,Tier 1: ASIN Match,The Bare Hunt,Eric Ugland,1494548682,The Good Guys #7
"High Gloom - Bad Guys Series, Book 6 [1705236588]","Eric Ugland\The Bad Guys #6\High Gloom - Bad Guys Series, Book 6 [1705236588]",583.62,VERIFIED_CANONICAL,Tier 1: ASIN Match,High Gloom,Eric Ugland,1705236588,The Bad Guys #6
"Wild Wild Quest - The Good Guys Series, Book 12 [B09N9ZGVD6]","Eric Ugland\The Good Guys #12\Wild Wild Quest - The Good Guys Series, Book 12 [B09N9ZGVD6]",607.0,VERIFIED_CANONICAL,Tier 1: ASIN Match,Wild Wild Quest,Eric Ugland,B09N9ZGVD6,The Good Guys #12
"Four Beheadings and a Funeral - The Good Guys Series, Book 9 [1494548690]","Eric Ugland\The Good Guys #9\Four Beheadings and a Funeral - The Good Guys Series, Book 9 [1494548690]",516.79,VERIFIED_CANONICAL,Tier 1: ASIN Match,Four Beheadings and a Funeral,Eric Ugland,1494548690,The Good Guys #9
"Flex in the City - The Good Guys, Book 13 [B0BH6Z68LZ]","Eric Ugland\The Good Guys #13\Flex in the City - The Good Guys, Book 13 [B0BH6Z68LZ]",508.65,VERIFIED_CANONICAL,Tier 1: ASIN Match,Flex in the City,Eric Ugland,B0BH6Z68LZ,The Good Guys #13
"One More Last Time - A LitRPGGameLit Novel (The Good Guys, Book 1) [1541404467]","Eric Ugland\The Good Guys #1\One More Last Time - A LitRPGGameLit Novel (The Good Guys, Book 1) [1541404467]",215.96,VERIFIED_CANONICAL,Tier 1: ASIN Match,One More Last Time,Eric Ugland,1541404467,The Good Guys #1
Back to One [B09PSVRV4J],Eric Ugland\The Bad Guys #7\Back to One [B09PSVRV4J],435.78,VERIFIED_CANONICAL,Tier 1: ASIN Match,Back to One,Eric Ugland,B09PSVRV4J,The Bad Guys #7
"War of the Posers - Bad Guys Series, Book 4 [1705236545]","Eric Ugland\The Bad Guys #4\War of the Posers - Bad Guys Series, Book 4 [1705236545]",541.85,VERIFIED_CANONICAL,Tier 1: ASIN Match,War of the Posers,Eric Ugland,1705236545,The Bad Guys #4
"Dungeon Mauling - A LitRPGGameLit Novel (The Good Guys Series, Book 3) [1541404548]","Eric Ugland\The Good Guys #3\Dungeon Mauling - A LitRPGGameLit Novel (The Good Guys Series, Book 3) [1541404548]",465.13,VERIFIED_CANONICAL,Tier 1: ASIN Match,Dungeon Mauling,Eric Ugland,1541404548,The Good Guys #3
Second Story Man [154143644X],Eric Ugland\The Bad Guys #2\Second Story Man [154143644X],491.26,VERIFIED_CANONICAL,Tier 1: ASIN Match,Second Story Man,Eric Ugland,154143644X,The Bad Guys #2
Scamps & Scoundrels [1541435362],Eric Ugland\The Bad Guys #1\Scamps & Scoundrels [1541435362],635.44,VERIFIED_CANONICAL,Tier 1: ASIN Match,Scamps &amp; Scoundrels,Eric Ugland,1541435362,The Bad Guys #1
"Killing Them Awfully - The Good Guys, Book 11 [1705267947]","Eric Ugland\The Good Guys #11\Killing Them Awfully - The Good Guys, Book 11 [1705267947]",494.33,VERIFIED_CANONICAL,Tier 1: ASIN Match,Killing Them Awfully,Eric Ugland,1705267947,The Good Guys #11
"Heir Today, Pawn Tomorrow A LitRPG GameLit Novel [1541404475]","Eric Ugland\The Good Guys #2\Heir Today, Pawn Tomorrow A LitRPG GameLit Novel [1541404475]",358.13,VERIFIED_CANONICAL,Tier 1: ASIN Match,"Heir Today, Pawn Tomorrow",Eric Ugland,1541404475,The Good Guys #2
Dune Messiah - Book Two in the Dune Chronicles [B002V8H660],"Frank Herbert\Dune #2, The Dune Sequence #13\Dune Messiah - Book Two in the Dune Chronicles [B002V8H660]",109.09,VERIFIED_CANONICAL,Tier 1: ASIN Match,Dune Messiah,Frank Herbert,B002V8H660,"Dune #2, The Dune Sequence #13"
Gateway [B002VA9WOW],Frederik Pohl\The Heechee Saga #1\Gateway [B002VA9WOW],172.62,VERIFIED_CANONICAL,Tier 1: ASIN Match,Gateway,Frederik Pohl,B002VA9WOW,The Heechee Saga #1
The Annals of the Heechee [B009T8ZYIM],Frederik Pohl\The Heechee Saga #4\The Annals of the Heechee [B009T8ZYIM],215.83,VERIFIED_CANONICAL,Tier 1: ASIN Match,The Annals of the Heechee,Frederik Pohl,B009T8ZYIM,The Heechee Saga #4
Heechee Rendezvous [B009T90FYO],Frederik Pohl\The Heechee Saga #3\Heechee Rendezvous [B009T90FYO],193.87,VERIFIED_CANONICAL,Tier 1: ASIN Match,Heechee Rendezvous,Frederik Pohl,B009T90FYO,The Heechee Saga #3
Beyond the Blue Event Horizon [B009OIWDHM],Frederik Pohl\The Heechee Saga #2\Beyond the Blue Event Horizon [B009OIWDHM],204.15,VERIFIED_CANONICAL,Tier 1: ASIN Match,Beyond the Blue Event Horizon,Frederik Pohl,B009OIWDHM,The Heechee Saga #2
Wicked - The Life and Times of the Wicked Witch of the West [B002V8N45C],Gregory Maguire\The Wicked Years #1\Wicked - The Life and Times of the Wicked Witch of the West [B002V8N45C],269.27,VERIFIED_CANONICAL,Tier 1: ASIN Match,Wicked,Gregory Maguire,B002V8N45C,The Wicked Years #1
"Heretical Fishing 3 A Cozy Guide to Annoying the Cults, Outsmarting the Fish, and Alienating Oneself - Heretical Fishing, Book 3 [B0D7XD7PTN]","Haylock Jobson\Heretical Fishing #3\Heretical Fishing 3 A Cozy Guide to Annoying the Cults, Outsmarting the Fish, and Alienating Oneself - Heretical Fishing, Book 3 [B0D7XD7PTN]",898.53,VERIFIED_CANONICAL,Tier 1: ASIN Match,"Heretical Fishing 3: A Cozy Guide to Annoying the Cults, Outsmarting the Fish, and Alienating Oneself",Haylock Jobson,B0D7XD7PTN,Heretical Fishing #3
"Heretical Fishing 2 A Cozy Guide to Annoying the Cults, Outsmarting the Fish, and Alienating Oneself - Heretical Fishing, Book 2 [B0CZPKBY63]","Haylock Jobson\Heretical Fishing #2\Heretical Fishing 2 A Cozy Guide to Annoying the Cults, Outsmarting the Fish, and Alienating Oneself - Heretical Fishing, Book 2 [B0CZPKBY63]",1087.76,VERIFIED_CANONICAL,Tier 1: ASIN Match,"Heretical Fishing 2: A Cozy Guide to Annoying the Cults, Outsmarting the Fish, and Alienating Oneself",Haylock Jobson,B0CZPKBY63,Heretical Fishing #2
"All the Skills A Deck-Building LitRPG - All the Skills, Book 1 [B0BLTLDSYM]","Honour Rae\All the Skills #1\All the Skills A Deck-Building LitRPG - All the Skills, Book 1 [B0BLTLDSYM]",691.09,VERIFIED_CANONICAL,Tier 1: ASIN Match,All the Skills: A Deck-Building LitRPG,Honour Rae,B0BLTLDSYM,All the Skills #1
The Man with the Golden Gun - A James Bond Novel [B0C28VJHCY],Ian Fleming\James Bond (original) #13\The Man with the Golden Gun - A James Bond Novel [B0C28VJHCY],77.91,VERIFIED_CANONICAL,Tier 1: ASIN Match,The Man With the Golden Gun,Ian Fleming,B0C28VJHCY,James Bond (original) #13
Thunderball - A James Bond Novel [B0C2W4ZGRS],Ian Fleming\James Bond (original) #9\Thunderball - A James Bond Novel [B0C2W4ZGRS],130.77,VERIFIED_CANONICAL,Tier 1: ASIN Match,Thunderball,Ian Fleming,B0C2W4ZGRS,James Bond (original) #9
Casino Royale - James Bond 1 [B00U1PDINK],Ian Fleming\15 James bond 007 Audio Books - Ian Fleming #1\Casino Royale - James Bond 1 [B00U1PDINK],123.16,VERIFIED_CANONICAL,Tier 1: ASIN Match,Casino Royale,Ian Fleming,B00U1PDINK,15 James bond 007 Audio Books - Ian Fleming
You Only Live Twice - A James Bond Novel [B0C28VLPWG],Ian Fleming\James Bond (original) #12\You Only Live Twice - A James Bond Novel [B0C28VLPWG],185.66,VERIFIED_CANONICAL,Tier 1: ASIN Match,You Only Live Twice,Ian Fleming,B0C28VLPWG,15 James bond 007 Audio Books - Ian Fleming #12
"Guild Master - A LitRPG Adventure (Tower of Power, Book 1) [1977339484]","Ivan Kal\Tower of Power #1\Guild Master - A LitRPG Adventure (Tower of Power, Book 1) [1977339484]",229.29,VERIFIED_CANONICAL,Tier 1: ASIN Match,Guild Master,Ivan Kal,1977339484,Tower of Power #1
"The Invasion - Tower of Power, Book 6 [B09VNDQ91Q]","Ivan Kal\Tower of Power #6\The Invasion - Tower of Power, Book 6 [B09VNDQ91Q]",364.02,VERIFIED_CANONICAL,Tier 1: ASIN Match,The Invasion,Ivan Kal,B09VNDQ91Q,Tower of Power #6
"The Tower's Price - Tower of Power, Book 5 [1705200427]","Ivan Kal\Tower of Power #5\The Tower's Price - Tower of Power, Book 5 [1705200427]",416.58,VERIFIED_CANONICAL,Tier 1: ASIN Match,The Tower's Price,Ivan Kal,1705200427,Tower of Power #5
"Monsters and Legends - Infinite Realm, Book 1 [B09GCGC34C]","Ivan Kal\Infinite Realm Series #1\Monsters and Legends - Infinite Realm, Book 1 [B09GCGC34C]",955.74,VERIFIED_CANONICAL,Tier 1: ASIN Match,Monsters and Legends,Ivan Kal,B09GCGC34C,Infinite Realm Series #1
The Centennial Tournament [B0B3C1D8WV],Ivan Kal\Infinite Realm Series #3\The Centennial Tournament [B0B3C1D8WV],981.48,VERIFIED_CANONICAL,Tier 1: ASIN Match,The Centennial Tournament,Ivan Kal,B0B3C1D8WV,Infinite Realm Series #3
"The Price of Power - A LitRPG Cultivation Saga (Infinite Realm, Book 2) [B09RRJYJ9S]","Ivan Kal\Infinite Realm Series #2\The Price of Power - A LitRPG Cultivation Saga (Infinite Realm, Book 2) [B09RRJYJ9S]",968.35,VERIFIED_CANONICAL,Tier 1: ASIN Match,The Price of Power,Ivan Kal,B09RRJYJ9S,Infinite Realm Series #2
"The Great Raid - A LitRPG Adventure (Tower of Power Series, Book 4) [1705200400]","Ivan Kal\Tower of Power #4\The Great Raid - A LitRPG Adventure (Tower of Power Series, Book 4) [1705200400]",442.29,VERIFIED_CANONICAL,Tier 1: ASIN Match,The Great Raid,Ivan Kal,1705200400,Tower of Power #4
Black Ocean Mercy for Hire - Complete Collection Missions 1-16 [B08J8G7QF6],J.S. Morin\Black Ocean Mercy for Hire Series #1\Black Ocean Mercy for Hire - Complete Collection Missions 1-16 [B08J8G7QF6],2638.59,VERIFIED_CANONICAL,Tier 1: ASIN Match,Black Ocean: Mercy for Hire,J.S. Morin,B08J8G7QF6,Black Ocean: Mercy for Hire Series #1
Black Ocean Mirth & Mayhem Complete Collection - Missions 1-16 [B0CQ343MNR],J.S. Morin\Black Ocean Mirth and Mayhem #1\Black Ocean Mirth & Mayhem Complete Collection - Missions 1-16 [B0CQ343MNR],2616.11,VERIFIED_CANONICAL,Tier 1: ASIN Match,Black Ocean: Mirth & Mayhem Complete Collection,J.S. Morin,B0CQ343MNR,Black Ocean: Mirth and Mayhem #1
Star Wars Dark Lord The Rise of Darth Vader [B002V0KP4I],James Luceno\Star Wars\Star Wars Dark Lord The Rise of Darth Vader [B002V0KP4I],171.9,VERIFIED_CANONICAL,Tier 1: ASIN Match,Star Wars: Dark Lord: The Rise of Darth Vader,James Luceno,B002V0KP4I,Star Wars
The City of Ember - The First Book of Ember [B002V1OPUM],Jeanne DuPrau\The Books of Ember #1\The City of Ember - The First Book of Ember [B002V1OPUM],372.57,VERIFIED_CANONICAL,Tier 1: ASIN Match,The City of Ember,Jeanne DuPrau,B002V1OPUM,The Books of Ember #1
The Last Folk Hero [B09SGGN8QT],Jeff Pearlman\Jeff Pearlman\The Last Folk Hero [B09SGGN8QT],1210.55,VERIFIED_CANONICAL,Tier 1: ASIN Match,The Last Folk Hero,Jeff Pearlman,B09SGGN8QT,Jeff Pearlman
"Age of Iron - Rise of Mankind, Book 3 [B0B3BZMZBS]","Jez Cajiao\Rise of Mankind #3\Age of Iron - Rise of Mankind, Book 3 [B0B3BZMZBS]",1147.69,VERIFIED_CANONICAL,Tier 1: ASIN Match,Age of Iron,Jez Cajiao,B0B3BZMZBS,Rise of Mankind #3
"Age of Bronze - Rise of Mankind, Book 2 [B09XZ7YFVH]","Jez Cajiao\Rise of Mankind #2\Age of Bronze - Rise of Mankind, Book 2 [B09XZ7YFVH]",1170.36,VERIFIED_CANONICAL,Tier 1: ASIN Match,Age of Bronze,Jez Cajiao,B09XZ7YFVH,Rise of Mankind #2
"Age of Iron (Unabridged) - Rise of Mankind, Book 3 [B0B3BZMZBS]","Jez Cajiao\Rise of Mankind Series #3\Age of Iron (Unabridged) - Rise of Mankind, Book 3 [B0B3BZMZBS]",1899.93,VERIFIED_CANONICAL,Tier 1: ASIN Match,Age of Iron,Jez Cajiao,B0B3BZMZBS,Rise of Mankind #3
"Age of Bronze (Unabridged) - Rise of Mankind, Book 2 [B09XZ7YFVH]","Jez Cajiao\Rise of Mankind Series #2\Age of Bronze (Unabridged) - Rise of Mankind, Book 2 [B09XZ7YFVH]",1916.9,VERIFIED_CANONICAL,Tier 1: ASIN Match,Age of Bronze,Jez Cajiao,B09XZ7YFVH,Rise of Mankind #2
"Age of Stone - Rise of Mankind Series, Book 1 [1666111228]","Jez Cajiao\Rise of Mankind #1\Age of Stone - Rise of Mankind Series, Book 1 [1666111228]",921.66,VERIFIED_CANONICAL,Tier 1: ASIN Match,Age of Stone,Jez Cajiao,1666111228,Rise of Mankind #1
Age of Stone [1666111228],Jez Cajiao\Rise of Mankind #1\Age of Stone [1666111228],921.66,VERIFIED_CANONICAL,Tier 1: ASIN Match,Age of Stone,Jez Cajiao,1666111228,Rise of Mankind #1
"Grave Peril - The Dresden Files, Book 3 [B002V8MMPU]","Jim Butcher\The Dresden Files #3\Grave Peril - The Dresden Files, Book 3 [B002V8MMPU]",280.36,VERIFIED_CANONICAL,Tier 1: ASIN Match,Grave Peril,Jim Butcher,B002V8MMPU,The Dresden Files #3
"Storm Front - The Dresden Files, Book 1 [B002V8KYMI]","Jim Butcher\The Dresden Files #1\Storm Front - The Dresden Files, Book 1 [B002V8KYMI]",193.21,VERIFIED_CANONICAL,Tier 1: ASIN Match,Storm Front,Jim Butcher,B002V8KYMI,The Dresden Files #1
"Summer Knight - The Dresden Files, Book 4 [B002V189R2]","Jim Butcher\The Dresden Files #4\Summer Knight - The Dresden Files, Book 4 [B002V189R2]",613.74,VERIFIED_CANONICAL,Tier 1: ASIN Match,Summer Knight,Jim Butcher,B002V189R2,The Dresden Files #4
Fool Moon [B002V1BII4],Jim Butcher\The Dresden Files #2\Fool Moon [B002V1BII4],243.14,VERIFIED_CANONICAL,Tier 1: ASIN Match,Fool Moon,Jim Butcher,B002V1BII4,The Dresden Files #2
The Broker [B002V0TNJ6],John Grisham\John Grisham - The Broker\The Broker [B002V0TNJ6],316.27,VERIFIED_CANONICAL,Tier 1: ASIN Match,The Broker,John Grisham,B002V0TNJ6,John Grisham - The Broker
Escape from Virtual Island - An Audio Comedy [B0847SB7C1],John Lutz\John Lutz\Escape from Virtual Island - An Audio Comedy [B0847SB7C1],248.34,VERIFIED_CANONICAL,Tier 1: ASIN Match,Escape from Virtual Island,John Lutz,B0847SB7C1,John Lutz
Into the Wild [B002V1NYEK],Jon Krakauer\Jon Krakauer - Into The Wild\Into the Wild [B002V1NYEK],297.29,VERIFIED_CANONICAL,Tier 1: ASIN Match,Into the Wild,Jon Krakauer,B002V1NYEK,Jon Krakauer - Into The Wild
"Dawn of Wonder - The Wakening, Book 1 [B0FWL25VFH]","Jonathan Renshaw\The Wakening #1\Dawn of Wonder - The Wakening, Book 1 [B0FWL25VFH]",817.57,VERIFIED_CANONICAL,Tier 1: ASIN Match,Dawn of Wonder,Jonathan Renshaw,B0FWL25VFH,The Wakening #1
The Kite Runner [B002V00UMK],Khaled Hosseini\The Kite Runner - by Khaled Hosseini - BBC Radio Audiobook - cheops\The Kite Runner [B002V00UMK],124.91,VERIFIED_CANONICAL,Tier 1: ASIN Match,The Kite Runner,Khaled Hosseini,B002V00UMK,The Kite Runner - by Khaled Hosseini - BBC Radio Audiobook - cheops
A Thousand Splendid Suns - A Novel [B002UZN0SW],Khaled Hosseini\A Thousand Splendid Suns - by Khaled Hosseini - BBC Radio Audiobook - cheops\A Thousand Splendid Suns - A Novel [B002UZN0SW],126.85,VERIFIED_CANONICAL,Tier 1: ASIN Match,A Thousand Splendid Suns,Khaled Hosseini,B002UZN0SW,From_Drive_I
By Sorrow's River - Volume 3 of the Berrybender Narratives [B002UZL5XY],Larry McMurtry\The Berrybender Narratives #3\By Sorrow's River - Volume 3 of the Berrybender Narratives [B002UZL5XY],187.13,VERIFIED_CANONICAL,Tier 1: ASIN Match,By Sorrow's River,Larry McMurtry,B002UZL5XY,The Berrybender Narratives #3
Sin Killer - Volume 1 of The Berrybender Narratives [B002UUKYX6],Larry McMurtry\The Berrybender Narratives #1\Sin Killer - Volume 1 of The Berrybender Narratives [B002UUKYX6],105.86,VERIFIED_CANONICAL,Tier 1: ASIN Match,Sin Killer,Larry McMurtry,B002UUKYX6,The Berrybender Narratives #1
Dead Man's Walk [B002UZN28A],Larry McMurtry\Lonesome Dove Saga #1\Dead Man's Walk [B002UZN28A],294.26,VERIFIED_CANONICAL,Tier 1: ASIN Match,Dead Man's Walk,Larry McMurtry,B002UZN28A,Lonesome Dove Saga #1
The Adventures of Tom Sawyer [B0036GPL9A],Mark Twain\Twain's Tom and Huck #1\The Adventures of Tom Sawyer [B0036GPL9A],186.16,VERIFIED_CANONICAL,Tier 1: ASIN Match,The Adventures of Tom Sawyer,Mark Twain,B0036GPL9A,Twain's Tom and Huck #1
Dungeon Crawler Carl - A LitRPGGamelit Adventure [B08V8B2CGV],Matt Dinniman\Dungeon Crawler Carl #1\Dungeon Crawler Carl - A LitRPGGamelit Adventure [B08V8B2CGV],747.17,VERIFIED_CANONICAL,Tier 1: ASIN Match,Dungeon Crawler Carl,Matt Dinniman,B08V8B2CGV,Dungeon Crawler Carl #1
"The Dungeon Anarchist's Cookbook - Dungeon Crawler Carl, Book 3 [B094XCNV6G]","Matt Dinniman\Dungeon Crawler Carl #3\The Dungeon Anarchist's Cookbook - Dungeon Crawler Carl, Book 3 [B094XCNV6G]",795.58,VERIFIED_CANONICAL,Tier 1: ASIN Match,The Dungeon Anarchist's Cookbook,Matt Dinniman,B094XCNV6G,Dungeon Crawler Carl #3
"Carl's Doomsday Scenario - Dungeon Crawler Carl, Book 2 [B0934GTSGT]","Matt Dinniman\Dungeon Crawler Carl #2\Carl's Doomsday Scenario - Dungeon Crawler Carl, Book 2 [B0934GTSGT]",534.66,VERIFIED_CANONICAL,Tier 1: ASIN Match,Carl's Doomsday Scenario,Matt Dinniman,B0934GTSGT,Dungeon Crawler Carl #2
"The Eye of the Bedlam Bride - Dungeon Crawler Carl, Book 6 [B0CDXWSS5D]","Matt Dinniman\Dungeon Crawler Carl #6\The Eye of the Bedlam Bride - Dungeon Crawler Carl, Book 6 [B0CDXWSS5D]",1203.74,VERIFIED_CANONICAL,Tier 1: ASIN Match,The Eye of the Bedlam Bride,Matt Dinniman,B0CDXWSS5D,Dungeon Crawler Carl #6
The Mammoth Book of the Adventures of Moriarty - The Secret Life of Sherlock Holmes's Nemesis - 37 short stories [B015YO6JRE],Maxim Jakubowski\Maxim Jakubowski\The Mammoth Book of the Adventures of Moriarty - The Secret Life of Sherlock Holmes's Nemesis - 37 short stories [B015YO6JRE],569.73,VERIFIED_CANONICAL,Tier 1: ASIN Match,The Mammoth Book of the Adventures of Moriarty,Maxim Jakubowski,B015YO6JRE,Maxim Jakubowski
State of Fear [B002V1OWEQ],Michael Crichton\State Of Fear - Michael Crichton [audiobooks-download.blogspot.com]\State of Fear [B002V1OWEQ],180.25,VERIFIED_CANONICAL,Tier 1: ASIN Match,State of Fear,Michael Crichton,B002V1OWEQ,State Of Fear - Michael Crichton [audiobooks-download.blogspot.com]
Prey [B002UUQVFG],Michael Crichton\Prey - Michael Crichton [audiobooks-download.blogspot.com]\Prey [B002UUQVFG],354.19,VERIFIED_CANONICAL,Tier 1: ASIN Match,Prey,Michael Crichton,B002UUQVFG,Prey - Michael Crichton [audiobooks-download.blogspot.com]
Congo [B00ZJQ9AZQ],Michael Crichton\Congo - Michael Crichton [audiobooks-download.blogspot.com]\Congo [B00ZJQ9AZQ],96.39,VERIFIED_CANONICAL,Tier 1: ASIN Match,Congo,Michael Crichton,B00ZJQ9AZQ,Congo - Michael Crichton [audiobooks-download.blogspot.com]
Airframe [B01JOHPOYG],Michael Crichton\Airframe - Michael Crichton [audiobooks-download.blogspot.com]\Airframe [B01JOHPOYG],115.96,VERIFIED_CANONICAL,Tier 1: ASIN Match,Airframe,Michael Crichton,B01JOHPOYG,Airframe - Michael Crichton [audiobooks-download.blogspot.com]
The Great Train Robbery [B014UAXJVM],Michael Crichton\The Great Train Robbery - Michael Crichton [audiobooks-download.blogspot.com]\The Great Train Robbery [B014UAXJVM],88.9,VERIFIED_CANONICAL,Tier 1: ASIN Match,The Great Train Robbery,Michael Crichton,B014UAXJVM,The Great Train Robbery - Michael Crichton [audiobooks-download.blogspot.com]
Space Chronicles - Facing the Ultimate Frontier [B00X8YFMX0],Neil deGrasse Tyson\Neil deGrasse Tyson\Space Chronicles - Facing the Ultimate Frontier [B00X8YFMX0],147.73,VERIFIED_CANONICAL,Tier 1: ASIN Match,Space Chronicles,Neil deGrasse Tyson,B00X8YFMX0,Neil Degrasse Tyson
Astrophysics for People in a Hurry [B06X9MXN32],Neil deGrasse Tyson\Neil deGrasse Tyson\Astrophysics for People in a Hurry [B06X9MXN32],104.48,VERIFIED_CANONICAL,Tier 1: ASIN Match,Astrophysics for People in a Hurry,Neil DeGrasse Tyson,B06X9MXN32,Neil Degrasse Tyson
"Death by Black Hole- And Other Cosmic Quandaries (Unabridged), Part 2","Neil deGrasse Tyson\Death by Black Hole- And Other Cosmic Quandaries (Unabridged)\Death by Black Hole [B002VA9L7A]\Death by Black Hole- And Other Cosmic Quandaries (Unabridged), Part 2",437.9,VERIFIED_CANONICAL,Tier 4: Prefix Match,Death by Black Hole,Neil deGrasse Tyson,B002VA9L7A,Neil Degrasse Tyson
"Death by Black Hole- And Other Cosmic Quandaries (Unabridged), Part 1","Neil deGrasse Tyson\Death by Black Hole- And Other Cosmic Quandaries (Unabridged)\Death by Black Hole [B002VA9L7A]\Death by Black Hole- And Other Cosmic Quandaries (Unabridged), Part 1",392.56,VERIFIED_CANONICAL,Tier 4: Prefix Match,Death by Black Hole,Neil deGrasse Tyson,B002VA9L7A,Neil Degrasse Tyson
The Pluto Files - The Rise and Fall of America's Favorite Planet [B002UZLJG2],Neil deGrasse Tyson\Neil Degrasse Tyson - The Pluto Files\The Pluto Files - The Rise and Fall of America's Favorite Planet [B002UZLJG2],181.12,VERIFIED_CANONICAL,Tier 1: ASIN Match,The Pluto Files,Neil Degrasse Tyson,B002UZLJG2,Neil Degrasse Tyson - The Pluto Files
Neil Gaiman - Coraline,Neil Gaiman\Neil Gaiman\Standalone\Coraline\Neil Gaiman - Coraline,173.69,VERIFIED_CANONICAL,Tier 2: Leaf Folder Match,Coraline,Neil Gaiman,B0C34X9S2B,Books & Spoken Word
Anansi Boys [B002V8LI0U],Neil Gaiman\American Gods #2\Anansi Boys [B002V8LI0U],209.13,VERIFIED_CANONICAL,Tier 1: ASIN Match,Anansi Boys,Neil Gaiman,B002V8LI0U,American Gods #2
Stardust [B0035GXQPC],Neil Gaiman\(Audio Book) Neil Gaiman - Stardust (Unabridged)\Stardust [B0035GXQPC],131.88,VERIFIED_CANONICAL,Tier 1: ASIN Match,Stardust,Neil Gaiman,B0035GXQPC,(Audio Book) Neil Gaiman - Stardust (Unabridged)
Coraline [B0C34X9S2B],Neil Gaiman\Books & Spoken Word\Coraline [B0C34X9S2B],260.19,VERIFIED_CANONICAL,Tier 1: ASIN Match,Coraline,Neil Gaiman,B0C34X9S2B,Books & Spoken Word
Coraline (Original Motion Picture Sound,Neil Gaiman\Books & Spoken Word\Coraline [B0C34X9S2B]\Coraline (Original Motion Picture Sound,86.5,VERIFIED_CANONICAL,Tier 4: Prefix Match,Coraline,Neil Gaiman,B0C34X9S2B,Books & Spoken Word
Fragile Things [B002V8N6IC],Neil Gaiman\Neil Gaiman - Fragile Things Audiobook In Proper Order [JabbaJr]\Fragile Things [B002V8N6IC],741.0,VERIFIED_CANONICAL,Tier 1: ASIN Match,Fragile Things,Neil Gaiman,B002V8N6IC,Neil Gaiman - Fragile Things Audiobook In Proper Order [JabbaJr]
The Game [B002V1K17I],Neil Strauss\Neil Strauss - The Game [AUDIOBOOK]\The Game [B002V1K17I],39.36,VERIFIED_CANONICAL,Tier 1: ASIN Match,The Game,Neil Strauss,B002V1K17I,Neil Strauss - The Game [AUDIOBOOK]
Paddle Your Own Canoe - One Man's Fundamentals for Delicious Living [B00FEKWQOO],Nick Offerman\Nick Offerman\Paddle Your Own Canoe - One Man's Fundamentals for Delicious Living [B00FEKWQOO],298.96,VERIFIED_CANONICAL,Tier 1: ASIN Match,Paddle Your Own Canoe,Nick Offerman,B00FEKWQOO,Nick Offerman
Gumption [B00UKG14PE],Nick Offerman\Nick Offerman\Gumption [B00UKG14PE],325.78,VERIFIED_CANONICAL,Tier 1: ASIN Match,Gumption,Nick Offerman,B00UKG14PE,Nick Offerman
Where the Deer and the Antelope Play [0451485041],Nick Offerman\Where the Deer and the Antelope Play\Where the Deer and the Antelope Play [0451485041],638.97,VERIFIED_CANONICAL,Tier 1: ASIN Match,Where the Deer and the Antelope Play,Nick Offerman,0451485041,Where the Deer and the Antelope Play
Sarah - Women of Genesis (A Novel) [B07CQ87772],Orson Scott Card\Orson Scott Card Audiobook Collection @ Fenopy.com\Sarah - Women of Genesis (A Novel) [B07CQ87772],266.41,VERIFIED_CANONICAL,Tier 1: ASIN Match,Sarah,Orson Scott Card,B07CQ87772,Orson Scott Card Audiobook Collection @ Fenopy.com
Treason [B002V5GP24],Orson Scott Card\Orson Scott Card Audiobook Collection @ Fenopy.com\Treason [B002V5GP24],222.11,VERIFIED_CANONICAL,Tier 1: ASIN Match,Treason,Orson Scott Card,B002V5GP24,Orson Scott Card Audiobook Collection @ Fenopy.com
Elephants Of Posnan,Orson Scott Card\Orson Scott Card Audiobook Collection @ Fenopy.com\Elephants Of Posnan,114.45,VERIFIED_CANONICAL,Tier 3: Title Match,Elephants Of Posnan,Orson Scott Card,,Orson Scott Card Audiobook Collection @ Fenopy.com
Hart's Hope [B002V1NHQA],Orson Scott Card\Orson Scott Card Audiobook Collection @ Fenopy.com\Hart's Hope [B002V1NHQA],305.33,VERIFIED_CANONICAL,Tier 1: ASIN Match,Hart's Hope,Orson Scott Card,B002V1NHQA,Orson Scott Card Audiobook Collection @ Fenopy.com
Homebody [B002V5GRVI],Orson Scott Card\Orson Scott Card Audiobook Collection @ Fenopy.com\Homebody [B002V5GRVI],296.62,VERIFIED_CANONICAL,Tier 1: ASIN Match,Homebody,Orson Scott Card,B002V5GRVI,Orson Scott Card Audiobook Collection @ Fenopy.com
Lost Boys [B002V0M532],Orson Scott Card\Orson Scott Card Audiobook Collection @ Fenopy.com\Lost Boys [B002V0M532],325.95,VERIFIED_CANONICAL,Tier 1: ASIN Match,Lost Boys,Orson Scott Card,B002V0M532,Orson Scott Card Audiobook Collection @ Fenopy.com
Magic Street [B002V0Q1BE],Orson Scott Card\Orson Scott Card Audiobook Collection @ Fenopy.com\Magic Street [B002V0Q1BE],183.55,VERIFIED_CANONICAL,Tier 1: ASIN Match,Orson Scott Card - Magic Street,Mirron E Willis,B002V0Q1BE,Orson Scott Card Audiobook Collection @ Fenopy.com
Songmaster [B0036JULYC],Orson Scott Card\Orson Scott Card Audiobook Collection @ Fenopy.com\Songmaster [B0036JULYC],334.57,VERIFIED_CANONICAL,Tier 1: ASIN Match,Songmaster,Orson Scott Card,B0036JULYC,Orson Scott Card Audiobook Collection @ Fenopy.com
The Folk of the Fringe [B002V1JF0W],Orson Scott Card\Orson Scott Card Audiobook Collection @ Fenopy.com\The Folk of the Fringe [B002V1JF0W],291.08,VERIFIED_CANONICAL,Tier 1: ASIN Match,The Folk of the Fringe,Orson Scott Card,B002V1JF0W,Orson Scott Card Audiobook Collection @ Fenopy.com
Treasure Box [B002V0TMJW],Orson Scott Card\Orson Scott Card Audiobook Collection @ Fenopy.com\Treasure Box [B002V0TMJW],266.32,VERIFIED_CANONICAL,Tier 1: ASIN Match,Treasure Box,Orson Scott Card,B002V0TMJW,Orson Scott Card Audiobook Collection @ Fenopy.com
Wyrms [B002V8MNZE],Orson Scott Card\Orson Scott Card Audiobook Collection @ Fenopy.com\Wyrms [B002V8MNZE],263.78,VERIFIED_CANONICAL,Tier 1: ASIN Match,Wyrms,Orson Scott Card,B002V8MNZE,Orson Scott Card Audiobook Collection @ Fenopy.com
"Red Prophet - Tales of Alvin Maker, Book 2 [B0036K2EZ0]","Orson Scott Card\Alvin Maker #2\Red Prophet - Tales of Alvin Maker, Book 2 [B0036K2EZ0]",226.39,VERIFIED_CANONICAL,Tier 1: ASIN Match,Red Prophet,Orson Scott Card,B0036K2EZ0,Alvin Maker #2
"Prentice Alvin - Tales of Alvin Maker, Book 3 [B002V8N71I]","Orson Scott Card\Alvin Maker #3\Prentice Alvin - Tales of Alvin Maker, Book 3 [B002V8N71I]",285.26,VERIFIED_CANONICAL,Tier 1: ASIN Match,Prentice Alvin,Orson Scott Card,B002V8N71I,Alvin Maker #3
"Seventh Son - Tales of Alvin Maker, Book 1 [B002V01FUG]","Orson Scott Card\Alvin Maker #1\Seventh Son - Tales of Alvin Maker, Book 1 [B002V01FUG]",188.48,VERIFIED_CANONICAL,Tier 1: ASIN Match,Seventh Son,Orson Scott Card,B002V01FUG,Alvin Maker #1
The Worthing Saga [B002VA99ZE],Orson Scott Card\Collection\The Worthing Saga [B002VA99ZE],1021.06,VERIFIED_CANONICAL,Tier 1: ASIN Match,The Worthing Saga,Orson Scott Card,B002VA99ZE,Collection
"Crystal City - The Tales of Alvin Maker, Book Six [B002V8NBVO]","Orson Scott Card\Alvin Maker #6\Crystal City - The Tales of Alvin Maker, Book Six [B002V8NBVO]",317.2,VERIFIED_CANONICAL,Tier 1: ASIN Match,Crystal City,Orson Scott Card,B002V8NBVO,Alvin Maker #6
Earthborn - Homecoming Volume 5 [B002VA38CY],Orson Scott Card\Homecoming #5\Earthborn - Homecoming Volume 5 [B002VA38CY],301.71,VERIFIED_CANONICAL,Tier 1: ASIN Match,Earthborn,Orson Scott Card,B002VA38CY,Homecoming #5
"The Ships of Earth - Homecoming, Volume 3 [B002UZK3CS]","Orson Scott Card\Homecoming #3\The Ships of Earth - Homecoming, Volume 3 [B002UZK3CS]",229.1,VERIFIED_CANONICAL,Tier 1: ASIN Match,The Ships of Earth,Orson Scott Card,B002UZK3CS,Homecoming #3
A War of Gifts - An Ender Story [B002V0KR6E],"Orson Scott Card\The Ender Saga #10, The Enderverse #6.5\A War of Gifts - An Ender Story [B002V0KR6E]",166.38,VERIFIED_CANONICAL,Tier 1: ASIN Match,A War of Gifts,Orson Scott Card,B002V0KR6E,"The Ender Saga #10, The Enderverse #6.5"
The Call of Earth - Homecoming Volume 2 [B002V0QULA],Orson Scott Card\Homecoming #2\The Call of Earth - Homecoming Volume 2 [B002V0QULA],195.25,VERIFIED_CANONICAL,Tier 1: ASIN Match,The Call of Earth,Orson Scott Card,B002V0QULA,Homecoming #2
"Heartfire - The Tales of Alvin Maker, Book 5 [B0CFT61XJX]","Orson Scott Card\Alvin Maker #5\Heartfire - The Tales of Alvin Maker, Book 5 [B0CFT61XJX]",123.17,VERIFIED_CANONICAL,Tier 1: ASIN Match,Heartfire,Orson Scott Card,B0CFT61XJX,Alvin Maker #5
"The Memory of Earth - Homecoming, Volume 1 [B002V00Z16]","Orson Scott Card\Homecoming #1\The Memory of Earth - Homecoming, Volume 1 [B002V00Z16]",193.2,VERIFIED_CANONICAL,Tier 1: ASIN Match,The Memory of Earth,Orson Scott Card,B002V00Z16,Homecoming #1
Children of the Mind [B002V0TILE],"Orson Scott Card\The Ender Saga #4, The Enderverse #14\Children of the Mind [B002V0TILE]",105.06,VERIFIED_CANONICAL,Tier 1: ASIN Match,Children of the Mind,Orson Scott Card,B002V0TILE,"The Ender Saga #4, The Enderverse #14"
"Alvin Journeyman - Tales of Alvin Maker, Book 4 [B002UZZ44A]","Orson Scott Card\Alvin Maker #4\Alvin Journeyman - Tales of Alvin Maker, Book 4 [B002UZZ44A]",242.8,VERIFIED_CANONICAL,Tier 1: ASIN Match,Alvin Journeyman,Orson Scott Card,B002UZZ44A,Alvin Maker #4
Xenocide - Volume Three of the Ender Saga [B002V1OPY8],"Orson Scott Card\The Ender Saga #3, The Enderverse #13\Xenocide - Volume Three of the Ender Saga [B002V1OPY8]",275.99,VERIFIED_CANONICAL,Tier 1: ASIN Match,Xenocide,Orson Scott Card,B002V1OPY8,"The Ender Saga #3, The Enderverse #13"
Pretty Boy [B002V01COU],Orson Scott Card\The Enderverse #4.75\Pretty Boy [B002V01COU],107.0,VERIFIED_CANONICAL,Tier 1: ASIN Match,Pretty Boy,Orson Scott Card,B002V01COU,The Enderverse #4.75
Speaker for the Dead [B002V8N9VG],"Orson Scott Card\The Ender Saga #2, The Enderverse #12\Speaker for the Dead [B002V8N9VG]",339.11,VERIFIED_CANONICAL,Tier 1: ASIN Match,Speaker for the Dead,Orson Scott Card,B002V8N9VG,"The Ender Saga #2, The Enderverse #12"
First Meetings - In the Enderverse [B002UUOTMI],"Orson Scott Card\The Ender Saga #8, The Enderverse #4.5\First Meetings - In the Enderverse [B002UUOTMI]",361.5,VERIFIED_CANONICAL,Tier 1: ASIN Match,First Meetings,Orson Scott Card,B002UUOTMI,"The Ender Saga #8, The Enderverse #4.5"
Earthfall - Homecoming Volume 4 [B002VA3P6I],Orson Scott Card\Homecoming #4\Earthfall - Homecoming Volume 4 [B002VA3P6I],250.01,VERIFIED_CANONICAL,Tier 1: ASIN Match,Earthfall,Orson Scott Card,B002VA3P6I,Homecoming #4
"The Reverse of the Medal - AubreyMaturin Series, Book 11 [B002V8N9Y8]","Patrick O'Brian\AubreyMaturin #11\The Reverse of the Medal - AubreyMaturin Series, Book 11 [B002V8N9Y8]",434.27,VERIFIED_CANONICAL,Tier 1: ASIN Match,The Reverse of the Medal,Patrick O'Brian,B002V8N9Y8,Aubrey/Maturin #11
"The Wine-Dark Sea - AubreyMaturin Series, Book 16 [B002V1A268]","Patrick O'Brian\AubreyMaturin #16\The Wine-Dark Sea - AubreyMaturin Series, Book 16 [B002V1A268]",173.74,VERIFIED_CANONICAL,Tier 1: ASIN Match,The Wine-Dark Sea,Patrick O'Brian,B002V1A268,Aubrey/Maturin #16
"Post Captain - AubreyMaturin Series, Book 2 [B002UZI17C]","Patrick O'Brian\AubreyMaturin #2\Post Captain - AubreyMaturin Series, Book 2 [B002UZI17C]",534.25,VERIFIED_CANONICAL,Tier 1: ASIN Match,Post Captain,Patrick O'Brian,B002UZI17C,Aubrey/Maturin #2
"The Nutmeg of Consolation - AubreyMaturin Series, Book 14 [B002V59UIA]","Patrick O'Brian\AubreyMaturin #14\The Nutmeg of Consolation - AubreyMaturin Series, Book 14 [B002V59UIA]",524.06,VERIFIED_CANONICAL,Tier 1: ASIN Match,The Nutmeg of Consolation,Patrick O'Brian,B002V59UIA,Aubrey/Maturin #14
"The Hundred Days - AubreyMaturin Series, Book 19 [B002V8NA6U]","Patrick O'Brian\AubreyMaturin #19\The Hundred Days - AubreyMaturin Series, Book 19 [B002V8NA6U]",433.04,VERIFIED_CANONICAL,Tier 1: ASIN Match,The Hundred Days,Patrick O'Brian,B002V8NA6U,Aubrey/Maturin #19
"The Truelove - AubreyMaturin Series, Book 15 [B002V5B5LU]","Patrick O'Brian\AubreyMaturin #15\The Truelove - AubreyMaturin Series, Book 15 [B002V5B5LU]",436.89,VERIFIED_CANONICAL,Tier 1: ASIN Match,The Truelove,Patrick O'Brian,B002V5B5LU,Aubrey/Maturin #15
"The Surgeon's Mate - AubreyMaturin Series, Book 7 [B002V1OTVW]","Patrick O'Brian\AubreyMaturin (abridged) #7\The Surgeon's Mate - AubreyMaturin Series, Book 7 [B002V1OTVW]",59.01,VERIFIED_CANONICAL,Tier 1: ASIN Match,The Surgeon's Mate,Patrick O'brian,B002V1OTVW,Aubrey/Maturin (abridged) #7
"The Yellow Admiral - AubreyMaturin Series, Book 18 [B002UZI1D6]","Patrick O'Brian\AubreyMaturin #18\The Yellow Admiral - AubreyMaturin Series, Book 18 [B002UZI1D6]",431.53,VERIFIED_CANONICAL,Tier 1: ASIN Match,The Yellow Admiral,Patrick O'brian,B002UZI1D6,Aubrey/Maturin #18
"The Commodore - AubreyMaturin Series, Book 17 [B002UUMMJ0]","Patrick O'Brian\AubreyMaturin #17\The Commodore - AubreyMaturin Series, Book 17 [B002UUMMJ0]",162.63,VERIFIED_CANONICAL,Tier 1: ASIN Match,The Commodore,Patrick O'Brian,B002UUMMJ0,Aubrey/Maturin #17
21 - The Final Unfinished Voyage of Jack Aubrey [B002V5GT0C],Patrick O'Brian\AubreyMaturin #21\21 - The Final Unfinished Voyage of Jack Aubrey [B002V5GT0C],506.79,VERIFIED_CANONICAL,Tier 1: ASIN Match,21,Patrick O'Brian,B002V5GT0C,Aubrey/Maturin #21
"Blue at the Mizzen - AubreyMaturin Series, Book 20 [B002V5BB0K]","Patrick O'Brian\AubreyMaturin #20\Blue at the Mizzen - AubreyMaturin Series, Book 20 [B002V5BB0K]",402.74,VERIFIED_CANONICAL,Tier 1: ASIN Match,Blue at the Mizzen,Patrick O'Brian,B002V5BB0K,Aubrey/Maturin #20
"The Letter of Marque - AubreyMaturin Series, Book 12 [B002UZZC0G]","Patrick O'Brian\AubreyMaturin #12\The Letter of Marque - AubreyMaturin Series, Book 12 [B002UZZC0G]",162.53,VERIFIED_CANONICAL,Tier 1: ASIN Match,The Letter of Marque,Patrick O'Brian,B002UZZC0G,Aubrey/Maturin #12
"The Thirteen-Gun Salute - AubreyMaturin Series, Book 13 [B002VA8MN4]","Patrick O'Brian\AubreyMaturin #13\The Thirteen-Gun Salute - AubreyMaturin Series, Book 13 [B002VA8MN4]",543.23,VERIFIED_CANONICAL,Tier 1: ASIN Match,The Thirteen-Gun Salute,Patrick O'Brian,B002VA8MN4,Aubrey/Maturin #13
"Master and Commander - AubreyMaturin Series, Book 1 [B002V0KS9A]","Patrick O'Brian\AubreyMaturin #1\Master and Commander - AubreyMaturin Series, Book 1 [B002V0KS9A]",461.45,VERIFIED_CANONICAL,Tier 1: ASIN Match,Master and Commander,Patrick O'Brian,B002V0KS9A,Aubrey/Maturin #1
The Fortune Of War - Cd 8(1993),Patrick O'Brian\Aubrey Maturin (abridged) #6\The Fortune of War [B002V5CHOE]\The Fortune Of War - Cd 8(1993),30.74,VERIFIED_CANONICAL,Tier 4: Prefix Match,The Fortune of War,Patrick O'brian,B002V5CHOE,Aubrey/Maturin (abridged) #6
The Fortune Of War - Cd 9(1993),Patrick O'Brian\Aubrey Maturin (abridged) #6\The Fortune of War [B002V5CHOE]\The Fortune Of War - Cd 9(1993),33.83,VERIFIED_CANONICAL,Tier 4: Prefix Match,The Fortune of War,Patrick O'brian,B002V5CHOE,Aubrey/Maturin (abridged) #6
The Fortune Of War - Cd 7(1993),Patrick O'Brian\Aubrey Maturin (abridged) #6\The Fortune of War [B002V5CHOE]\The Fortune Of War - Cd 7(1993),27.32,VERIFIED_CANONICAL,Tier 4: Prefix Match,The Fortune of War,Patrick O'brian,B002V5CHOE,Aubrey/Maturin (abridged) #6
The Fortune Of War - Cd 5(1993),Patrick O'Brian\Aubrey Maturin (abridged) #6\The Fortune of War [B002V5CHOE]\The Fortune Of War - Cd 5(1993),30.82,VERIFIED_CANONICAL,Tier 4: Prefix Match,The Fortune of War,Patrick O'brian,B002V5CHOE,Aubrey/Maturin (abridged) #6
The Fortune Of War - Cd 6(1993),Patrick O'Brian\Aubrey Maturin (abridged) #6\The Fortune of War [B002V5CHOE]\The Fortune Of War - Cd 6(1993),27.68,VERIFIED_CANONICAL,Tier 4: Prefix Match,The Fortune of War,Patrick O'brian,B002V5CHOE,Aubrey/Maturin (abridged) #6
The Fortune Of War - Cd 1(1993),Patrick O'Brian\Aubrey Maturin (abridged) #6\The Fortune of War [B002V5CHOE]\The Fortune Of War - Cd 1(1993),31.34,VERIFIED_CANONICAL,Tier 4: Prefix Match,The Fortune of War,Patrick O'brian,B002V5CHOE,Aubrey/Maturin (abridged) #6
The Fortune Of War - Cd 3(1993),Patrick O'Brian\Aubrey Maturin (abridged) #6\The Fortune of War [B002V5CHOE]\The Fortune Of War - Cd 3(1993),28.29,VERIFIED_CANONICAL,Tier 4: Prefix Match,The Fortune of War,Patrick O'brian,B002V5CHOE,Aubrey/Maturin (abridged) #6
The Fortune Of War - Cd 2(1993),Patrick O'Brian\Aubrey Maturin (abridged) #6\The Fortune of War [B002V5CHOE]\The Fortune Of War - Cd 2(1993),33.97,VERIFIED_CANONICAL,Tier 4: Prefix Match,The Fortune of War,Patrick O'brian,B002V5CHOE,Aubrey/Maturin (abridged) #6
The Fortune Of War - Cd 4(1993),Patrick O'Brian\Aubrey Maturin (abridged) #6\The Fortune of War [B002V5CHOE]\The Fortune Of War - Cd 4(1993),28.05,VERIFIED_CANONICAL,Tier 4: Prefix Match,The Fortune of War,Patrick O'brian,B002V5CHOE,Aubrey/Maturin (abridged) #6
The Ionian Mission - Cd 1(1994),Patrick O'Brian\Aubrey Maturin (abridged) #8\The Ionian Mission [B002V0JUJO]\The Ionian Mission - Cd 1(1994),33.99,VERIFIED_CANONICAL,Tier 4: Prefix Match,The Ionian Mission,Patrick O'brian,B002V0JUJO,Aubrey/Maturin (abridged) #8
The Ionian Mission - Cd 2(1994),Patrick O'Brian\Aubrey Maturin (abridged) #8\The Ionian Mission [B002V0JUJO]\The Ionian Mission - Cd 2(1994),33.95,VERIFIED_CANONICAL,Tier 4: Prefix Match,The Ionian Mission,Patrick O'brian,B002V0JUJO,Aubrey/Maturin (abridged) #8
Treason's Harbour - Cd 9(1994),Patrick O'Brian\Aubrey Maturin (abridged) #9\Treason's Harbour [B002V1K4X4]\Treason's Harbour - Cd 9(1994),32.56,VERIFIED_CANONICAL,Tier 2: Leaf Folder Match,Treason's Harbour,Patrick O'brian,B002V1K4X4,Aubrey/Maturin (abridged) #9
Treason's Harbour - Cd 4(1994),Patrick O'Brian\Aubrey Maturin (abridged) #9\Treason's Harbour [B002V1K4X4]\Treason's Harbour - Cd 4(1994),33.07,VERIFIED_CANONICAL,Tier 4: Prefix Match,Treason,Orson Scott Card,B002V5GP24,Orson Scott Card Audiobook Collection @ Fenopy.com
Treason's Harbour - Cd 6(1994),Patrick O'Brian\Aubrey Maturin (abridged) #9\Treason's Harbour [B002V1K4X4]\Treason's Harbour - Cd 6(1994),32.86,VERIFIED_CANONICAL,Tier 4: Prefix Match,Treason,Orson Scott Card,B002V5GP24,Orson Scott Card Audiobook Collection @ Fenopy.com
Treason's Harbour - Cd 8(1994),Patrick O'Brian\Aubrey Maturin (abridged) #9\Treason's Harbour [B002V1K4X4]\Treason's Harbour - Cd 8(1994),31.97,VERIFIED_CANONICAL,Tier 4: Prefix Match,Treason,Orson Scott Card,B002V5GP24,Orson Scott Card Audiobook Collection @ Fenopy.com
Treason's Harbour - Cd 7(1994),Patrick O'Brian\Aubrey Maturin (abridged) #9\Treason's Harbour [B002V1K4X4]\Treason's Harbour - Cd 7(1994),28.69,VERIFIED_CANONICAL,Tier 4: Prefix Match,Treason,Orson Scott Card,B002V5GP24,Orson Scott Card Audiobook Collection @ Fenopy.com
Treason's Harbour - Cd 5(1994),Patrick O'Brian\Aubrey Maturin (abridged) #9\Treason's Harbour [B002V1K4X4]\Treason's Harbour - Cd 5(1994),30.77,VERIFIED_CANONICAL,Tier 4: Prefix Match,Treason,Orson Scott Card,B002V5GP24,Orson Scott Card Audiobook Collection @ Fenopy.com
Treason's Harbour - Cd 3(1994),Patrick O'Brian\Aubrey Maturin (abridged) #9\Treason's Harbour [B002V1K4X4]\Treason's Harbour - Cd 3(1994),33.85,VERIFIED_CANONICAL,Tier 4: Prefix Match,Treason,Orson Scott Card,B002V5GP24,Orson Scott Card Audiobook Collection @ Fenopy.com
Treason's Harbour - Cd 2(1994),Patrick O'Brian\Aubrey Maturin (abridged) #9\Treason's Harbour [B002V1K4X4]\Treason's Harbour - Cd 2(1994),30.98,VERIFIED_CANONICAL,Tier 4: Prefix Match,Treason,Orson Scott Card,B002V5GP24,Orson Scott Card Audiobook Collection @ Fenopy.com
Treason's Harbour - Cd 10(1994),Patrick O'Brian\Aubrey Maturin (abridged) #9\Treason's Harbour [B002V1K4X4]\Treason's Harbour - Cd 10(1994),33.92,VERIFIED_CANONICAL,Tier 4: Prefix Match,Treason,Orson Scott Card,B002V5GP24,Orson Scott Card Audiobook Collection @ Fenopy.com
Treason's Harbour - Cd 1(1994),Patrick O'Brian\Aubrey Maturin (abridged) #9\Treason's Harbour [B002V1K4X4]\Treason's Harbour - Cd 1(1994),33.78,VERIFIED_CANONICAL,Tier 4: Prefix Match,Treason,Orson Scott Card,B002V5GP24,Orson Scott Card Audiobook Collection @ Fenopy.com
Treason's Harbour - Cd 11(1994),Patrick O'Brian\Aubrey Maturin (abridged) #9\Treason's Harbour [B002V1K4X4]\Treason's Harbour - Cd 11(1994),32.57,VERIFIED_CANONICAL,Tier 4: Prefix Match,Treason,Orson Scott Card,B002V5GP24,Orson Scott Card Audiobook Collection @ Fenopy.com
Desolation Island - Cd 9(1993),Patrick O'Brian\Aubrey Maturin (abridged) #5\Desolation Island [B002V5HB04]\Desolation Island - Cd 9(1993),32.88,VERIFIED_CANONICAL,Tier 2: Leaf Folder Match,Desolation Island,Patrick O'brian,B002V5HB04,Aubrey/Maturin (abridged) #5
Desolation Island - Cd 5(1993),Patrick O'Brian\Aubrey Maturin (abridged) #5\Desolation Island [B002V5HB04]\Desolation Island - Cd 5(1993),32.48,VERIFIED_CANONICAL,Tier 4: Prefix Match,Desolation Island,Patrick O'brian,B002V5HB04,Aubrey/Maturin (abridged) #5
Desolation Island - Cd 4(1993),Patrick O'Brian\Aubrey Maturin (abridged) #5\Desolation Island [B002V5HB04]\Desolation Island - Cd 4(1993),32.64,VERIFIED_CANONICAL,Tier 4: Prefix Match,Desolation Island,Patrick O'brian,B002V5HB04,Aubrey/Maturin (abridged) #5
Desolation Island - Cd 8(1993),Patrick O'Brian\Aubrey Maturin (abridged) #5\Desolation Island [B002V5HB04]\Desolation Island - Cd 8(1993),31.13,VERIFIED_CANONICAL,Tier 4: Prefix Match,Desolation Island,Patrick O'brian,B002V5HB04,Aubrey/Maturin (abridged) #5
Desolation Island - Cd 7(1993),Patrick O'Brian\Aubrey Maturin (abridged) #5\Desolation Island [B002V5HB04]\Desolation Island - Cd 7(1993),31.5,VERIFIED_CANONICAL,Tier 4: Prefix Match,Desolation Island,Patrick O'brian,B002V5HB04,Aubrey/Maturin (abridged) #5
Desolation Island - Cd 6(1993),Patrick O'Brian\Aubrey Maturin (abridged) #5\Desolation Island [B002V5HB04]\Desolation Island - Cd 6(1993),33.39,VERIFIED_CANONICAL,Tier 4: Prefix Match,Desolation Island,Patrick O'brian,B002V5HB04,Aubrey/Maturin (abridged) #5
Desolation Island - Cd 3(1993),Patrick O'Brian\Aubrey Maturin (abridged) #5\Desolation Island [B002V5HB04]\Desolation Island - Cd 3(1993),32.86,VERIFIED_CANONICAL,Tier 4: Prefix Match,Desolation Island,Patrick O'brian,B002V5HB04,Aubrey/Maturin (abridged) #5
Desolation Island - Cd 2(1993),Patrick O'Brian\Aubrey Maturin (abridged) #5\Desolation Island [B002V5HB04]\Desolation Island - Cd 2(1993),33.37,VERIFIED_CANONICAL,Tier 4: Prefix Match,Desolation Island,Patrick O'brian,B002V5HB04,Aubrey/Maturin (abridged) #5
Desolation Island - Cd 10(1993),Patrick O'Brian\Aubrey Maturin (abridged) #5\Desolation Island [B002V5HB04]\Desolation Island - Cd 10(1993),33.33,VERIFIED_CANONICAL,Tier 4: Prefix Match,Desolation Island,Patrick O'brian,B002V5HB04,Aubrey/Maturin (abridged) #5
Desolation Island - Cd 1(1993),Patrick O'Brian\Aubrey Maturin (abridged) #5\Desolation Island [B002V5HB04]\Desolation Island - Cd 1(1993),33.19,VERIFIED_CANONICAL,Tier 4: Prefix Match,Desolation Island,Patrick O'brian,B002V5HB04,Aubrey/Maturin (abridged) #5
Desolation Island - Cd 11(1993),Patrick O'Brian\Aubrey Maturin (abridged) #5\Desolation Island [B002V5HB04]\Desolation Island - Cd 11(1993),33.0,VERIFIED_CANONICAL,Tier 4: Prefix Match,Desolation Island,Patrick O'brian,B002V5HB04,Aubrey/Maturin (abridged) #5
The Mauritius Command - Cd 9(1992),Patrick O'Brian\Aubrey Maturin (abridged) #4\The Mauritius Command [B002UZI4JM]\The Mauritius Command - Cd 9(1992),32.69,VERIFIED_CANONICAL,Tier 2: Leaf Folder Match,The Mauritius Command,Patrick O'brian,B002UZI4JM,Aubrey/Maturin (abridged) #4
The Mauritius Command - Cd 7(1992),Patrick O'Brian\Aubrey Maturin (abridged) #4\The Mauritius Command [B002UZI4JM]\The Mauritius Command - Cd 7(1992),31.72,VERIFIED_CANONICAL,Tier 4: Prefix Match,The Mauritius Command,Patrick O'brian,B002UZI4JM,Aubrey/Maturin (abridged) #4
The Mauritius Command - Cd 6(1992),Patrick O'Brian\Aubrey Maturin (abridged) #4\The Mauritius Command [B002UZI4JM]\The Mauritius Command - Cd 6(1992),33.66,VERIFIED_CANONICAL,Tier 4: Prefix Match,The Mauritius Command,Patrick O'brian,B002UZI4JM,Aubrey/Maturin (abridged) #4
The Mauritius Command - Cd 5(1992),Patrick O'Brian\Aubrey Maturin (abridged) #4\The Mauritius Command [B002UZI4JM]\The Mauritius Command - Cd 5(1992),31.75,VERIFIED_CANONICAL,Tier 4: Prefix Match,The Mauritius Command,Patrick O'brian,B002UZI4JM,Aubrey/Maturin (abridged) #4
The Mauritius Command - Cd 8(1992),Patrick O'Brian\Aubrey Maturin (abridged) #4\The Mauritius Command [B002UZI4JM]\The Mauritius Command - Cd 8(1992),31.98,VERIFIED_CANONICAL,Tier 4: Prefix Match,The Mauritius Command,Patrick O'brian,B002UZI4JM,Aubrey/Maturin (abridged) #4
The Mauritius Command - Cd 4(1992),Patrick O'Brian\Aubrey Maturin (abridged) #4\The Mauritius Command [B002UZI4JM]\The Mauritius Command - Cd 4(1992),33.9,VERIFIED_CANONICAL,Tier 4: Prefix Match,The Mauritius Command,Patrick O'brian,B002UZI4JM,Aubrey/Maturin (abridged) #4
The Mauritius Command - Cd 3(1992),Patrick O'Brian\Aubrey Maturin (abridged) #4\The Mauritius Command [B002UZI4JM]\The Mauritius Command - Cd 3(1992),31.33,VERIFIED_CANONICAL,Tier 4: Prefix Match,The Mauritius Command,Patrick O'brian,B002UZI4JM,Aubrey/Maturin (abridged) #4
The Mauritius Command - Cd 2(1992),Patrick O'Brian\Aubrey Maturin (abridged) #4\The Mauritius Command [B002UZI4JM]\The Mauritius Command - Cd 2(1992),32.9,VERIFIED_CANONICAL,Tier 4: Prefix Match,The Mauritius Command,Patrick O'brian,B002UZI4JM,Aubrey/Maturin (abridged) #4
The Mauritius Command - Cd 12(1992),Patrick O'Brian\Aubrey Maturin (abridged) #4\The Mauritius Command [B002UZI4JM]\The Mauritius Command - Cd 12(1992),31.46,VERIFIED_CANONICAL,Tier 4: Prefix Match,The Mauritius Command,Patrick O'brian,B002UZI4JM,Aubrey/Maturin (abridged) #4
The Mauritius Command - Cd 10(1992),Patrick O'Brian\Aubrey Maturin (abridged) #4\The Mauritius Command [B002UZI4JM]\The Mauritius Command - Cd 10(1992),32.01,VERIFIED_CANONICAL,Tier 4: Prefix Match,The Mauritius Command,Patrick O'brian,B002UZI4JM,Aubrey/Maturin (abridged) #4
The Mauritius Command - Cd 11(1992),Patrick O'Brian\Aubrey Maturin (abridged) #4\The Mauritius Command [B002UZI4JM]\The Mauritius Command - Cd 11(1992),32.45,VERIFIED_CANONICAL,Tier 4: Prefix Match,The Mauritius Command,Patrick O'brian,B002UZI4JM,Aubrey/Maturin (abridged) #4
The Mauritius Command - Cd 1(1992),Patrick O'Brian\Aubrey Maturin (abridged) #4\The Mauritius Command [B002UZI4JM]\The Mauritius Command - Cd 1(1992),33.09,VERIFIED_CANONICAL,Tier 4: Prefix Match,The Mauritius Command,Patrick O'brian,B002UZI4JM,Aubrey/Maturin (abridged) #4
The Far Side Of The World - Cd 4(1992),Patrick O'Brian\Aubrey Maturin (abridged) #10\The Far Side of the World [B002V8HHVE]\The Far Side Of The World - Cd 4(1992),31.54,VERIFIED_CANONICAL,Tier 4: Prefix Match,The Far Side of the World,Patrick O'brian,B002V8HHVE,Aubrey/Maturin (abridged) #10
The Far Side Of The World - Cd 5(1992),Patrick O'Brian\Aubrey Maturin (abridged) #10\The Far Side of the World [B002V8HHVE]\The Far Side Of The World - Cd 5(1992),34.47,VERIFIED_CANONICAL,Tier 4: Prefix Match,The Far Side of the World,Patrick O'brian,B002V8HHVE,Aubrey/Maturin (abridged) #10
The Far Side Of The World - Cd 6(1992),Patrick O'Brian\Aubrey Maturin (abridged) #10\The Far Side of the World [B002V8HHVE]\The Far Side Of The World - Cd 6(1992),33.83,VERIFIED_CANONICAL,Tier 4: Prefix Match,The Far Side of the World,Patrick O'brian,B002V8HHVE,Aubrey/Maturin (abridged) #10
The Far Side Of The World - Cd 7(1992),Patrick O'Brian\Aubrey Maturin (abridged) #10\The Far Side of the World [B002V8HHVE]\The Far Side Of The World - Cd 7(1992),27.28,VERIFIED_CANONICAL,Tier 4: Prefix Match,The Far Side of the World,Patrick O'brian,B002V8HHVE,Aubrey/Maturin (abridged) #10
The Far Side Of The World - Cd 8(1992),Patrick O'Brian\Aubrey Maturin (abridged) #10\The Far Side of the World [B002V8HHVE]\The Far Side Of The World - Cd 8(1992),32.04,VERIFIED_CANONICAL,Tier 4: Prefix Match,The Far Side of the World,Patrick O'brian,B002V8HHVE,Aubrey/Maturin (abridged) #10
The Far Side Of The World - Cd 9(1992),Patrick O'Brian\Aubrey Maturin (abridged) #10\The Far Side of the World [B002V8HHVE]\The Far Side Of The World - Cd 9(1992),27.39,VERIFIED_CANONICAL,Tier 2: Leaf Folder Match,The Far Side of the World,Patrick O'brian,B002V8HHVE,Aubrey/Maturin (abridged) #10
The Far Side Of The World - Cd 2(1992),Patrick O'Brian\Aubrey Maturin (abridged) #10\The Far Side of the World [B002V8HHVE]\The Far Side Of The World - Cd 2(1992),31.19,VERIFIED_CANONICAL,Tier 4: Prefix Match,The Far Side of the World,Patrick O'brian,B002V8HHVE,Aubrey/Maturin (abridged) #10
The Far Side Of The World - Cd 3(1992),Patrick O'Brian\Aubrey Maturin (abridged) #10\The Far Side of the World [B002V8HHVE]\The Far Side Of The World - Cd 3(1992),32.75,VERIFIED_CANONICAL,Tier 4: Prefix Match,The Far Side of the World,Patrick O'brian,B002V8HHVE,Aubrey/Maturin (abridged) #10
The Far Side Of The World - Cd 13(1992),Patrick O'Brian\Aubrey Maturin (abridged) #10\The Far Side of the World [B002V8HHVE]\The Far Side Of The World - Cd 13(1992),30.15,VERIFIED_CANONICAL,Tier 4: Prefix Match,The Far Side of the World,Patrick O'brian,B002V8HHVE,Aubrey/Maturin (abridged) #10
The Far Side Of The World - Cd 11(1992),Patrick O'Brian\Aubrey Maturin (abridged) #10\The Far Side of the World [B002V8HHVE]\The Far Side Of The World - Cd 11(1992),29.8,VERIFIED_CANONICAL,Tier 4: Prefix Match,The Far Side of the World,Patrick O'brian,B002V8HHVE,Aubrey/Maturin (abridged) #10
The Far Side Of The World - Cd 12(1992),Patrick O'Brian\Aubrey Maturin (abridged) #10\The Far Side of the World [B002V8HHVE]\The Far Side Of The World - Cd 12(1992),30.41,VERIFIED_CANONICAL,Tier 4: Prefix Match,The Far Side of the World,Patrick O'brian,B002V8HHVE,Aubrey/Maturin (abridged) #10
The Far Side Of The World - Cd 10(1992),Patrick O'Brian\Aubrey Maturin (abridged) #10\The Far Side of the World [B002V8HHVE]\The Far Side Of The World - Cd 10(1992),34.45,VERIFIED_CANONICAL,Tier 4: Prefix Match,The Far Side of the World,Patrick O'brian,B002V8HHVE,Aubrey/Maturin (abridged) #10
The Far Side Of The World - Cd 1(1992),Patrick O'Brian\Aubrey Maturin (abridged) #10\The Far Side of the World [B002V8HHVE]\The Far Side Of The World - Cd 1(1992),34.46,VERIFIED_CANONICAL,Tier 4: Prefix Match,The Far Side of the World,Patrick O'brian,B002V8HHVE,Aubrey/Maturin (abridged) #10
"The Golden Compass - His Dark Materials, Book 1 [B002V1NG16]","Philip Pullman\His Dark Materials #1\The Golden Compass - His Dark Materials, Book 1 [B002V1NG16]",301.9,VERIFIED_CANONICAL,Tier 1: ASIN Match,The Golden Compass,Philip Pullman,B002V1NG16,His Dark Materials #1
"The Amber Spyglass - His Dark Materials, Book 3 [B002V5BA06]","Philip Pullman\His Dark Materials #3, His Dark Materialsik #3\The Amber Spyglass - His Dark Materials, Book 3 [B002V5BA06]",421.56,VERIFIED_CANONICAL,Tier 1: ASIN Match,The Amber Spyglass,Philip Pullman,B002V5BA06,"His Dark Materials #3, His Dark Materialsik #3"
One-Eyed Jax - A Forgotten Realms Adventure [B095PT3F8D],R.A. Salvatore\Legend of Drizzt\One-Eyed Jax - A Forgotten Realms Adventure [B095PT3F8D],106.88,VERIFIED_CANONICAL,Tier 1: ASIN Match,One-Eyed Jax,R.A. Salvatore,B095PT3F8D,Legend of Drizzt
Betwixt Two Worlds [B0DHLTN9BX],R.A. Salvatore\Legend of Drizzt\Betwixt Two Worlds [B0DHLTN9BX],162.59,VERIFIED_CANONICAL,Tier 1: ASIN Match,Betwixt Two Worlds,R.A. Salvatore,B0DHLTN9BX,Legend of Drizzt
"The Orc King - Transitions, Book I [B002VA9T22]","R.A. Salvatore\Forgotten Realms - Transitions #1, Legend of Drizzt #20\The Orc King - Transitions, Book I [B002VA9T22]",313.36,VERIFIED_CANONICAL,Tier 1: ASIN Match,The Orc King,R.A. Salvatore,B002VA9T22,"Forgotten Realms - Transitions #1, Legend of Drizzt #20"
"The Companions - Forgotten Realms The Sundering, Book 1 [B00EAGFG8Q]","R.A. Salvatore\The Sundering #1, Legend of Drizzt #27\The Companions - Forgotten Realms The Sundering, Book 1 [B00EAGFG8Q]",303.83,VERIFIED_CANONICAL,Tier 1: ASIN Match,The Companions,R.A. Salvatore,B00EAGFG8Q,"The Sundering #1, Legend of Drizzt #27"
"The Pirate King - Forgotten Realms Transitions, Book 2 [B002VACI7U]","R.A. Salvatore\Forgotten Realms - Transitions #2, Legend of Drizzt #21\The Pirate King - Forgotten Realms Transitions, Book 2 [B002VACI7U]",285.34,VERIFIED_CANONICAL,Tier 1: ASIN Match,The Pirate King,R.A. Salvatore,B002VACI7U,"Forgotten Realms - Transitions #2, Legend of Drizzt #21"
"The Ghost King - Forgotten Realms Transitions, Book 3 [B002V8LAEO]","R.A. Salvatore\Forgotten Realms - Transitions #3, Legend of Drizzt #22\The Ghost King - Forgotten Realms Transitions, Book 3 [B002V8LAEO]",259.32,VERIFIED_CANONICAL,Tier 1: ASIN Match,The Ghost King,R.A. Salvatore,B002V8LAEO,"Forgotten Realms - Transitions #3, Legend of Drizzt #22"
"The Demon Awakens (Dramatized Adaptation) - The DemonWars Saga, Book 1 [B0B7XNY87P]","R.A. Salvatore\The DemonWars Saga #1\The Demon Awakens (Dramatized Adaptation) - The DemonWars Saga, Book 1 [B0B7XNY87P]",169.63,VERIFIED_CANONICAL,Tier 1: ASIN Match,The Demon Awakens (Dramatized Adaptation),R.A. Salvatore,B0B7XNY87P,The DemonWars Saga #1
The Secret [B002V5GN4Y],Rhonda Byrne\The Secret\The Secret [B002V5GN4Y],523.87,VERIFIED_CANONICAL,Tier 1: ASIN Match,The Secret,Rhonda Byrne,B002V5GN4Y,The Secret
"Chrysalis, Books 1-3 - A LitRPG Adventure Box Set [B0CS3XXW7C]","RinoZ\Chrysalis #1\Chrysalis, Books 1-3 - A LitRPG Adventure Box Set [B0CS3XXW7C]",1528.72,VERIFIED_CANONICAL,Tier 1: ASIN Match,"Chrysalis, Books 1-3",RinoZ,B0CS3XXW7C,Chrysalis #1
Royal Assassin [B003NTPCVM],"Robin Hobb\Realms of the Elderlings #2, Farseer Trilogy #2\Royal Assassin [B003NTPCVM]",800.8,VERIFIED_CANONICAL,Tier 1: ASIN Match,Royal Assassin,Robin Hobb,B003NTPCVM,"Realms of the Elderlings #2, Farseer Trilogy #2"
Assassin's Quest [B003XWVC0E],"Robin Hobb\Farseer Trilogy #3, Realms of the Elderlings #3\Assassin's Quest [B003XWVC0E]",210.77,VERIFIED_CANONICAL,Tier 1: ASIN Match,Assassin's Quest,Robin Hobb,B003XWVC0E,"Farseer Trilogy #3, Realms of the Elderlings #3"
The Farseer Assassin's Apprentice (Unabridged) [B003AO3P5A],Robin Hobb\Realms of the Elderlings #1\The Farseer Assassin's Apprentice (Unabridged) [B003AO3P5A],478.23,VERIFIED_CANONICAL,Tier 1: ASIN Match,The Farseer: Assassin's Apprentice,Robin Hobb,B003AO3P5A,"Realms of the Elderlings #1, Farseer Trilogy #1"
"Street Cultivation - Street Cultivation, Book 1 [1541438299]","Sarah Lin\Street Cultivation #1\Street Cultivation - Street Cultivation, Book 1 [1541438299]",691.27,VERIFIED_CANONICAL,Tier 1: ASIN Match,Street Cultivation,Sarah Lin,1541438299,Street Cultivation #1
Street Cultivation 2 [1541438302],Sarah Lin\Street Cultivation #2\Street Cultivation 2 [1541438302],741.36,VERIFIED_CANONICAL,Tier 1: ASIN Match,Street Cultivation 2,Sarah Lin,1541438302,Street Cultivation #2
Uncontrollable - A LitRPG Adventure [B09F1GN4PC],Sean Oswald\Class Shift #1\Uncontrollable - A LitRPG Adventure [B09F1GN4PC],849.08,VERIFIED_CANONICAL,Tier 1: ASIN Match,Uncontrollable,Sean Oswald,B09F1GN4PC,Class Shift #1
Unstoppable [B0BFC7GHFC],Sean Oswald\Class Shift #3\Unstoppable [B0BFC7GHFC],682.25,VERIFIED_CANONICAL,Tier 1: ASIN Match,Unstoppable,Sean Oswald,B0BFC7GHFC,Class Shift #3
"Induction (Unabridged) - Welcome to the Multiverse, Book 1 [B0CKJBPTLQ]","Sean Oswald\Welcome to the Multiverse #1\Induction (Unabridged) - Welcome to the Multiverse, Book 1 [B0CKJBPTLQ]",674.22,VERIFIED_CANONICAL,Tier 1: ASIN Match,Induction,Sean Oswald,B0CKJBPTLQ,Welcome to the Multiverse #1
Unbalanced [B0B351859J],Sean Oswald\Class Shift #2\Unbalanced [B0B351859J],592.52,VERIFIED_CANONICAL,Tier 1: ASIN Match,Unbalanced,Sean Oswald,B0B351859J,Class Shift #2
"Domestication - A Fantasy LitRPG Adventure (Battle Mage Farmer, Book 1) [B09WRTK4DS]","Seth Ring\Battle Mage Farmer #1\Domestication - A Fantasy LitRPG Adventure (Battle Mage Farmer, Book 1) [B09WRTK4DS]",664.09,VERIFIED_CANONICAL,Tier 1: ASIN Match,Domestication,Seth Ring,B09WRTK4DS,Battle Mage Farmer #1
"Germination - A Fantasy LitRPG Adventure (Farmer Mage, Book 2) [B0B75K91ZL]","Seth Ring\Battle Mage Farmer #2\Germination - A Fantasy LitRPG Adventure (Farmer Mage, Book 2) [B0B75K91ZL]",663.14,VERIFIED_CANONICAL,Tier 1: ASIN Match,Germination,Seth Ring,B0B75K91ZL,Battle Mage Farmer #2
"Against All Things Ending The Last Chronicles of Thomas Covenant, Book 3 (Unabridged) - The Last Chronicles of Thomas Covenant, Book 3 [B0052UX9SI]","Stephen R. Donaldson\Last Chronicles of Thomas Covenant #3\Against All Things Ending The Last Chronicles of Thomas Covenant, Book 3 (Unabridged) - The Last Chronicles of Thomas Covenant, Book 3 [B0052UX9SI]",1613.29,VERIFIED_CANONICAL,Tier 1: ASIN Match,Against All Things Ending,Stephen R. Donaldson,B0052UX9SI,"Last Chronicles of Thomas Covenant #3, The Chronicles of Thomas Covenant #9"
"White Gold Wielder - The Second Chronicles of Thomas Covenant, Book 3 [B0B432RZ21]","Stephen R. Donaldson\Second Chronicles of Thomas Covenant #3\White Gold Wielder - The Second Chronicles of Thomas Covenant, Book 3 [B0B432RZ21]",1263.42,VERIFIED_CANONICAL,Tier 1: ASIN Match,White Gold Wielder,Stephen R. Donaldson,B0B432RZ21,Second Chronicles of Thomas Covenant #3
"The One Tree - The Second Chronicles of Thomas Covenant, Book 2 [B0B3G876N9]","Stephen R. Donaldson\Second Chronicles of Thomas Covenant #2\The One Tree - The Second Chronicles of Thomas Covenant, Book 2 [B0B3G876N9]",1226.79,VERIFIED_CANONICAL,Tier 1: ASIN Match,The One Tree,Stephen R. Donaldson,B0B3G876N9,Second Chronicles of Thomas Covenant #2
"Against All Things Ending - The Last Chronicles of Thomas Covenant, Book 3 [B0052UX9SI]","Stephen R. Donaldson\The Chronicles of Thomas Covenant #9, Last Chronicles of Thomas Covenant #3\Against All Things Ending - The Last Chronicles of Thomas Covenant, Book 3 [B0052UX9SI]",916.68,VERIFIED_CANONICAL,Tier 1: ASIN Match,Against All Things Ending,Stephen R. Donaldson,B0052UX9SI,"Last Chronicles of Thomas Covenant #3, The Chronicles of Thomas Covenant #9"
Fatal Revenant [B097YXJ3FV],"Stephen R. Donaldson\The Chronicles of Thomas Covenant #8, Last Chronicles of Thomas Covenant #2\Fatal Revenant [B097YXJ3FV]",624.44,VERIFIED_CANONICAL,Tier 1: ASIN Match,Fatal Revenant,Stephen R. Donaldson,B097YXJ3FV,"Last Chronicles of Thomas Covenant #2, The Chronicles of Thomas Covenant #8"
"The Wounded Land - The Second Chronicles of Thomas Covenant, Book 1 [B0B2JK6ZSX]","Stephen R. Donaldson\Second Chronicles of Thomas Covenant #1\The Wounded Land - The Second Chronicles of Thomas Covenant, Book 1 [B0B2JK6ZSX]",1257.86,VERIFIED_CANONICAL,Tier 1: ASIN Match,The Wounded Land,Stephen R. Donaldson,B0B2JK6ZSX,Second Chronicles of Thomas Covenant #1
"Eclipse - The Twilight Saga, Book 3 [B0036KZN9E]","Stephenie Meyer\The Twilight Saga #3\Eclipse - The Twilight Saga, Book 3 [B0036KZN9E]",600.8,VERIFIED_CANONICAL,Tier 1: ASIN Match,Eclipse,Stephenie Meyer,B0036KZN9E,The Twilight Saga #3
"New Moon - The Twilight Saga, Book 2 [B002V1NT6I]","Stephenie Meyer\The Twilight Saga #2\New Moon - The Twilight Saga, Book 2 [B002V1NT6I]",589.45,VERIFIED_CANONICAL,Tier 1: ASIN Match,New Moon,Stephenie Meyer,B002V1NT6I,The Twilight Saga #2
"Breaking Dawn - The Twilight Saga, Book 4 [B002V9ZA1M]","Stephenie Meyer\The Twilight Saga #4\Breaking Dawn - The Twilight Saga, Book 4 [B002V9ZA1M]",812.55,VERIFIED_CANONICAL,Tier 1: ASIN Match,Breaking Dawn,Stephenie Meyer,B002V9ZA1M,The Twilight Saga #4
"System Change A LitRPG Adventure - System Universe, Book 1 [B0BH9FDKP8]","SunriseCV\System Universe Series #1\System Change A LitRPG Adventure - System Universe, Book 1 [B0BH9FDKP8]",651.06,VERIFIED_CANONICAL,Tier 1: ASIN Match,System Change: A LitRPG Adventure,SunriseCV,B0BH9FDKP8,System Universe Series #1
Gideon the Ninth [1980004900],Tamsyn Muir\The Locked Tomb Trilogy #1\Gideon the Ninth [1980004900],476.1,VERIFIED_CANONICAL,Tier 1: ASIN Match,Gideon the Ninth,Tamsyn Muir,1980004900,The Locked Tomb Trilogy #1
Nona the Ninth [B0B1QVZKZG],Tamsyn Muir\The Locked Tomb Trilogy #3\Nona the Ninth [B0B1QVZKZG],969.65,VERIFIED_CANONICAL,Tier 1: ASIN Match,Nona the Ninth,Tamsyn Muir,B0B1QVZKZG,The Locked Tomb Trilogy #3
Strata [3837155978],Terry Pratchett\Terry Pratchett\Strata [3837155978],181.66,VERIFIED_CANONICAL,Tier 1: ASIN Match,Strata,Terry Pratchett,3837155978,Terry Pratchett
The Carpet People [B0CNHX3KCL],Terry Pratchett\Terry Pratchett\The Carpet People [B0CNHX3KCL],32.39,VERIFIED_CANONICAL,Tier 1: ASIN Match,The Carpet People,Terry Pratchett,B0CNHX3KCL,Terry Pratchett
Night Watch - (Discworld Novel 29) [B09M8XH27V],"Terry Pratchett\Discworld #29, Discworld Ankh-Morpork City Watch #6\Night Watch - (Discworld Novel 29) [B09M8XH27V]",591.54,VERIFIED_CANONICAL,Tier 1: ASIN Match,Night Watch,Terry Pratchett,B09M8XH27V,"Discworld #29, Discworld: Ankh-Morpork City Watch #6"
"Hogfather - Discworld, Book 20 [B09LVLY9DC]","Terry Pratchett\Discworld #20, Discworld Death #4\Hogfather - Discworld, Book 20 [B09LVLY9DC]",405.16,VERIFIED_CANONICAL,Tier 1: ASIN Match,Hogfather,Terry Pratchett,B09LVLY9DC,"Discworld #20, Discworld: Death #4"
Wings - The Bromeliad Trilogy #3 [B0032N2TLU],Terry Pratchett\The Bromeliad Trilogy (abridged) #3\Wings - The Bromeliad Trilogy #3 [B0032N2TLU],130.18,VERIFIED_CANONICAL,Tier 1: ASIN Match,Wings,Terry Pratchett,B0032N2TLU,The Bromeliad Trilogy (abridged) #3
Truckers - The Bromeliad Trilogy #1 [B0032N8U36],Terry Pratchett\The Bromeliad Trilogy (abridged) #1\Truckers - The Bromeliad Trilogy #1 [B0032N8U36],67.23,VERIFIED_CANONICAL,Tier 1: ASIN Match,Truckers,Terry Pratchett,B0032N8U36,The Bromeliad Trilogy (abridged) #1
Eric - (Discworld Novel 9) [B09LZ43BCX],"Terry Pratchett\Discworld #9, Discworld Rincewind #4\Eric - (Discworld Novel 9) [B09LZ43BCX]",714.37,VERIFIED_CANONICAL,Tier 1: ASIN Match,Eric,Terry Pratchett,B09LZ43BCX,"Discworld #9, Discworld: Rincewind #4"
Making Money [B002V0Q7KE],"Terry Pratchett\Discworld #36, Discworld Industrial Revolution #5\Making Money [B002V0Q7KE]",912.4,VERIFIED_CANONICAL,Tier 1: ASIN Match,Making Money,Terry Pratchett,B002V0Q7KE,"Discworld #36, Discworld: Industrial Revolution #5"
"Equal Rites - Discworld, Book 3 [B09LYYDBYH]","Terry Pratchett\Discworld #3, Discworld Witches #1\Equal Rites - Discworld, Book 3 [B09LYYDBYH]",106.8,VERIFIED_CANONICAL,Tier 1: ASIN Match,Equal Rites,Terry Pratchett,B09LYYDBYH,"Discworld #3, Discworld: Witches #1"
A Hat Full of Sky [B002V5B8QW],"Terry Pratchett\Discworld #32, Discworld For Kids #3\A Hat Full of Sky [B002V5B8QW]",398.44,VERIFIED_CANONICAL,Tier 1: ASIN Match,A Hat Full of Sky,Terry Pratchett,B002V5B8QW,"Discworld #32, Discworld: For Kids #3"
Feet Of Clay - (Discworld Novel 19) [B09M8Y536Y],"Terry Pratchett\Discworld #19, Discworld Ankh-Morpork City Watch #3\Feet Of Clay - (Discworld Novel 19) [B09M8Y536Y]",263.83,VERIFIED_CANONICAL,Tier 1: ASIN Match,Feet Of Clay,Terry Pratchett,B09M8Y536Y,"Discworld #19, Discworld: Ankh-Morpork City Watch #3"
Monstrous Regiment [B002V8LLYI],"Terry Pratchett\Discworld #31, Discworld Industrial Revolution #3\Monstrous Regiment [B002V8LLYI]",320.53,VERIFIED_CANONICAL,Tier 1: ASIN Match,Monstrous Regiment,Terry Pratchett,B002V8LLYI,"Discworld #31, Discworld: Industrial Revolution #3"
"Sourcery - Discworld, Book 5 [B09LZ1JBL7]","Terry Pratchett\Discworld #5, Discworld Rincewind #3\Sourcery - Discworld, Book 5 [B09LZ1JBL7]",108.81,VERIFIED_CANONICAL,Tier 1: ASIN Match,Sourcery,Terry Pratchett,B09LZ1JBL7,"Discworld #5, Discworld: Rincewind #3"
Wintersmith [B002V5BIEO],"Terry Pratchett\Discworld #35, Discworld Tiffany Aching #3\Wintersmith [B002V5BIEO]",235.49,VERIFIED_CANONICAL,Tier 1: ASIN Match,Wintersmith,Terry Pratchett,B002V5BIEO,"Discworld #35, Discworld: For Kids #4"
"Reaper Man - Discworld, Book 11 [B09LZ43N8W]","Terry Pratchett\Discworld #11, Discworld Death #2\Reaper Man - Discworld, Book 11 [B09LZ43N8W]",231.29,VERIFIED_CANONICAL,Tier 1: ASIN Match,Reaper Man,Terry Pratchett,B09LZ43N8W,"Discworld #11, Discworld: Death #2"
The Wee Free Men [B002V5B8JE],"Terry Pratchett\Discworld #30, Discworld Tiffany Aching #1\The Wee Free Men [B002V5B8JE]",199.13,VERIFIED_CANONICAL,Tier 1: ASIN Match,The Wee Free Men,Terry Pratchett,B002V5B8JE,"Discworld #30, Discworld: For Kids #2"
Small Gods - (Discworld Novel 13) [B0032NAM4Q],Terry Pratchett\Discworld (abridged) #13\Small Gods - (Discworld Novel 13) [B0032NAM4Q],279.37,VERIFIED_CANONICAL,Tier 1: ASIN Match,Small Gods,Terry Pratchett,B0032NAM4Q,Discworld (abridged) #13
Moving Pictures - (Discworld Novel 10) [B09M8W3939],"Terry Pratchett\Discworld #10, Discworld Industrial Revolution #1\Moving Pictures - (Discworld Novel 10) [B09M8W3939]",281.23,VERIFIED_CANONICAL,Tier 1: ASIN Match,Moving Pictures,Terry Pratchett,B09M8W3939,"Discworld #10, Discworld: Industrial Revolution #1"
"Witches Abroad - Discworld, Book 12 [B09LZ2Y525]","Terry Pratchett\Discworld #12, Discworld Witches #3\Witches Abroad - Discworld, Book 12 [B09LZ2Y525]",229.14,VERIFIED_CANONICAL,Tier 1: ASIN Match,Witches Abroad,Terry Pratchett,B09LZ2Y525,"Discworld #12, Discworld: Witches #3"
The Fifth Elephant - (Discworld Novel 24) [B09M8X6H8X],"Terry Pratchett\Discworld #24, Discworld Ankh-Morpork City Watch #5\The Fifth Elephant - (Discworld Novel 24) [B09M8X6H8X]",148.52,VERIFIED_CANONICAL,Tier 1: ASIN Match,The Fifth Elephant,Terry Pratchett,B09M8X6H8X,"Discworld #24, Discworld: Ankh-Morpork City Watch #5"
Going Postal [B002V5IWF2],"Terry Pratchett\Discworld #33, Discworld Industrial Revolution #4\Going Postal [B002V5IWF2]",235.49,VERIFIED_CANONICAL,Tier 1: ASIN Match,Going Postal,Terry Pratchett,B002V5IWF2,"Discworld #33, Discworld: Industrial Revolution #4"
Carpe Jugulum - (Discworld Novel 23) [B09LZ32Z7P],"Terry Pratchett\Discworld #23, Discworld Witches #6\Carpe Jugulum - (Discworld Novel 23) [B09LZ32Z7P]",266.14,VERIFIED_CANONICAL,Tier 1: ASIN Match,Carpe Jugulum,Terry Pratchett,B09LZ32Z7P,"Discworld #23, Discworld: Witches #6"
Diggers - The Bromeliad Trilogy #2 [B0032N8TYG],Terry Pratchett\The Bromeliad Trilogy (abridged) #2\Diggers - The Bromeliad Trilogy #2 [B0032N8TYG],51.39,VERIFIED_CANONICAL,Tier 1: ASIN Match,Diggers,Terry Pratchett,B0032N8TYG,The Bromeliad Trilogy (abridged) #2
Pyramids - (Discworld Novel 7) [B09M7L8L2R],Terry Pratchett\Discworld #7\Pyramids - (Discworld Novel 7) [B09M7L8L2R],127.94,VERIFIED_CANONICAL,Tier 1: ASIN Match,Pyramids,Terry Pratchett,B09M7L8L2R,Discworld #7
Executive Orders - A Novel [B004ESTSSO],"Tom Clancy\A Jack Ryan Novel (chronological order) #9, A Jack Ryan Novel (publication order) #7\Executive Orders - A Novel [B004ESTSSO]",303.94,VERIFIED_CANONICAL,Tier 1: ASIN Match,Executive Orders,Tom Clancy,B004ESTSSO,"A Jack Ryan Novel (chronological order) #9, A Jack Ryan Novel (publication order) #7"
The Cardinal of the Kremlin [B004EBW0K4],"Tom Clancy\A Jack Ryan Novel (chronological order) #5, A Jack Ryan Novel (publication order) #3\The Cardinal of the Kremlin [B004EBW0K4]",174.48,VERIFIED_CANONICAL,Tier 1: ASIN Match,The Cardinal of the Kremlin,Tom Clancy,B004EBW0K4,"A Jack Ryan Novel (chronological order) #5, A Jack Ryan Novel (publication order) #3"
The Sum of All Fears [B004XN6PVS],"Tom Clancy\A Jack Ryan Novel (chronological order) #7, A Jack Ryan Novel (publication order) #5\The Sum of All Fears [B004XN6PVS]",76.34,VERIFIED_CANONICAL,Tier 1: ASIN Match,The Sum of All Fears,Tom Clancy,B004XN6PVS,"A Jack Ryan Novel (chronological order) #7, A Jack Ryan Novel (publication order) #5"
Patriot Games [B004KAPD4Y],"Tom Clancy\A Jack Ryan Novel (chronological order) #1, A Jack Ryan Novel (publication order) #2\Patriot Games [B004KAPD4Y]",463.06,VERIFIED_CANONICAL,Tier 1: ASIN Match,Patriot Games,Tom Clancy,B004KAPD4Y,"A Jack Ryan Novel (chronological order) #1, A Jack Ryan Novel (publication order) #2"
Debt of Honor - A Jack Ryan Novel [B004JOAIDM],"Tom Clancy\A Jack Ryan Novel (chronological order) #8, A Jack Ryan Novel (publication order) #6\Debt of Honor - A Jack Ryan Novel [B004JOAIDM]",41.45,VERIFIED_CANONICAL,Tier 1: ASIN Match,Debt of Honor,Tom Clancy,B004JOAIDM,"A Jack Ryan Novel (chronological order) #8, A Jack Ryan Novel (publication order) #6"
Rainbow Six [B004I6ZR78],Tom Clancy\John Clark #2\Rainbow Six [B004I6ZR78],117.4,VERIFIED_CANONICAL,Tier 1: ASIN Match,Rainbow Six,Tom Clancy,B004I6ZR78,John Clark #2
The Teeth of the Tiger [B002UZKKOO],Tom Clancy\A Jack Ryan Jr. Novel #1\The Teeth of the Tiger [B002UZKKOO],235.63,VERIFIED_CANONICAL,Tier 1: ASIN Match,The Teeth of the Tiger,Tom Clancy,B002UZKKOO,A Jack Ryan Jr. Novel #1
Without Remorse [B002VA9AVM],Tom Clancy\John Clark (abridged) #1\Without Remorse [B002VA9AVM],123.93,VERIFIED_CANONICAL,Tier 1: ASIN Match,Without Remorse,Tom Clancy,B002VA9AVM,John Clark (abridged) #1
The Bear and the Dragon [B002V5GXQ2],"Tom Clancy\Jack Ryan (chronological order) (abridged) #9, Jack Ryan (publication order) (abridged) #8\The Bear and the Dragon [B002V5GXQ2]",125.43,VERIFIED_CANONICAL,Tier 1: ASIN Match,The Bear and the Dragon,Tom Clancy,B002V5GXQ2,"Jack Ryan (chronological order) (abridged) #9, Jack Ryan (publication order) (abridged) #8"
"The Grand Game, Book 1 - A Solo Adventure in a New World [B09D8K6HHB]","Tom Elliot\The Grand Game #1\The Grand Game, Book 1 - A Solo Adventure in a New World [B09D8K6HHB]",875.88,VERIFIED_CANONICAL,Tier 1: ASIN Match,"The Grand Game, Book 1",Tom Elliot,B09D8K6HHB,The Grand Game #1
Neil Degrasse Tyson_dup_399,To_Sort\From_Archive\Non Fiction\Neil Degrasse Tyson_dup_399,422.54,VERIFIED_CANONICAL,Tier 2: Leaf Folder Match,Letters from an Astrophysicist,Neil deGrasse Tyson,B07VQJB4NF,
Audible,To_Sort\From_Drive_G\Audible,286.98,VERIFIED_CANONICAL,Tier 2: Leaf Folder Match,"Heretical Fishing: A Cozy Guide to Annoying the Cults, Outsmarting the Fish, and Alienating Oneself",Haylock Jobson,B0CVCYB19Y,Heretical Fishing #1
Audible,To_Sort\From_Root\Audible,21802.4,VERIFIED_CANONICAL,Tier 2: Leaf Folder Match,"Heretical Fishing: A Cozy Guide to Annoying the Cults, Outsmarting the Fish, and Alienating Oneself",Haylock Jobson,B0CVCYB19Y,Heretical Fishing #1
Impact Winter Season 2 [B0C66LN3JW],Travis Beacham\Impact Winter #2\Impact Winter Season 2 [B0C66LN3JW],311.48,VERIFIED_CANONICAL,Tier 1: ASIN Match,Impact Winter Season 2,Travis Beacham,B0C66LN3JW,Impact Winter #2
Impact Winter Season 3 [B0D6GQWSBK],Travis Beacham\Impact Winter #3\Impact Winter Season 3 [B0D6GQWSBK],417.41,VERIFIED_CANONICAL,Tier 1: ASIN Match,Impact Winter Season 3,Travis Beacham,B0D6GQWSBK,Impact Winter #3
CONAF-333-20250122-Burr-MGv01 [B08JJPCTKT],Various Authors\Conan Oâ€™Brien Needs A Friend\CONAF-333-20250122-Burr-MGv01 [B08JJPCTKT],66.3,VERIFIED_CANONICAL,Tier 1: ASIN Match,CONAF-333-20250122-Burr-MGv01,Various Authors,B08JJPCTKT,Conan O’Brien Needs A Friend
"The Kartoss Gambit - Way of the Shaman, Book 2 [B01DPZLX4I]","Vasily Mahanenko\The Way of the Shaman #2\The Kartoss Gambit - Way of the Shaman, Book 2 [B01DPZLX4I]",441.33,VERIFIED_CANONICAL,Tier 1: ASIN Match,The Kartoss Gambit,Vasily Mahanenko,B01DPZLX4I,The Way of the Shaman #2
Survival Quest - Way of the Shaman Series # 1 [B01CRDD6ZS],Vasily Mahanenko\The Way of the Shaman #1\Survival Quest - Way of the Shaman Series # 1 [B01CRDD6ZS],315.53,VERIFIED_CANONICAL,Tier 1: ASIN Match,Survival Quest,Vasily Mahanenko,B01CRDD6ZS,The Way of the Shaman #1
"Shaman's Revenge - Way of the Shaman, Book 6 [B07773KCY7]","Vasily Mahanenko\The Way of the Shaman #6\Shaman's Revenge - Way of the Shaman, Book 6 [B07773KCY7]",932.4,VERIFIED_CANONICAL,Tier 1: ASIN Match,Shaman's Revenge,Vasily Mahanenko,B07773KCY7,The Way of the Shaman #6
"The Phantom Castle - Way of the Shaman Series, Book 4 [B06WVJ5NTG]","Vasily Mahanenko\The Way of the Shaman #4\The Phantom Castle - Way of the Shaman Series, Book 4 [B06WVJ5NTG]",526.19,VERIFIED_CANONICAL,Tier 1: ASIN Match,The Phantom Castle,Vasily Mahanenko,B06WVJ5NTG,The Way of the Shaman #4
"Clans War - Way of the Shaman Series, Book 7 [B07CWWTJJ1]","Vasily Mahanenko\The Way of the Shaman #7\Clans War - Way of the Shaman Series, Book 7 [B07CWWTJJ1]",465.23,VERIFIED_CANONICAL,Tier 1: ASIN Match,Clans War,Vasily Mahanenko,B07CWWTJJ1,The Way of the Shaman #7
"The Karmadont Chess Set - Way of the Shaman, Book 5 [B071DSVT79]","Vasily Mahanenko\The Way of the Shaman #5\The Karmadont Chess Set - Way of the Shaman, Book 5 [B071DSVT79]",439.04,VERIFIED_CANONICAL,Tier 1: ASIN Match,The Karmadont Chess Set,Vasily Mahanenko,B071DSVT79,The Way of the Shaman #5
Einstein - His Life and Universe [B002V1A1YQ],Walter Isaacson\Einstein LifeUniverse\Einstein - His Life and Universe [B002V1A1YQ],565.71,VERIFIED_CANONICAL,Tier 1: ASIN Match,Einstein,Walter Isaacson,B002V1A1YQ,Einstein LifeUniverse
Reborn as a Demonic Tree 2 [B0CQPVXD1X],XKarnation\Reborn as a Demonic Tree #2\Reborn as a Demonic Tree 2 [B0CQPVXD1X],1370.27,VERIFIED_CANONICAL,Tier 1: ASIN Match,Reborn as a Demonic Tree 2,XKarnation,B0CQPVXD1X,Reborn as a Demonic Tree #2
Reborn as a Demonic Tree - An Isekai LitRPG Adventure [B0CJKXYH8Y],XKarnation\Reborn as a Demonic Tree #1\Reborn as a Demonic Tree - An Isekai LitRPG Adventure [B0CJKXYH8Y],1030.26,VERIFIED_CANONICAL,Tier 1: ASIN Match,Reborn as a Demonic Tree,Xkarnation,B0CJKXYH8Y,Reborn as a Demonic Tree #1
The Primal Hunter - A LitRPG Adventure [B09MWP4277],Zogarth\The Primal Hunter #1\The Primal Hunter - A LitRPG Adventure [B09MWP4277],1112.3,VERIFIED_CANONICAL,Tier 1: ASIN Match,The Primal Hunter,Zogarth,B09MWP4277,The Primal Hunter #1
Your First Listen [B002V8N37Q],Books\Books\Your First Listen [B002V8N37Q],5.0,VERIFIED_CANONICAL,Tier 1: ASIN Match,Your First Listen,test,B002V8N37Q,Books
Star Wars Darth Bane Audiobook Trilogy [Unabridged] [Unabridged],Sci-FI\Star Wars\Star Wars Darth Bane Audiobook Trilogy [Unabridged] [Unabridged],4357.4,VERIFIED_CANONICAL,Tier 4: Prefix Match,Star Wars Darth Bane Audiobook Trilogy [Unabridged],Sci-FI,,star warz bukz
Audible,Audible,21801.61,VERIFIED_CANONICAL,Tier 2: Leaf Folder Match,"Heretical Fishing: A Cozy Guide to Annoying the Cults, Outsmarting the Fish, and Alienating Oneself",Haylock Jobson,B0CVCYB19Y,Heretical Fishing #1
Percy Jackson And The Olympians 05 - The Last Olympians,Fantasy\Rick Riordan-Percy Jackson and the Olympians Series Book 1-5 (2)\Percy Jackson And The Olympians 05 - The Last Olympians,601.0,VERIFIED_CANONICAL,Tier 2: Leaf Folder Match,Percy Jackson And The Olympians 05 - The Last Olympians,Fantasy,,Rick Riordan-Percy Jackson and the Olympians Series Book 1-5 (2)
Daredevil Guardian Devil [1974977722],"Kevin Smith, Marvel\Marvel audio books\Daredevil Guardian Devil [1974977722]",292.02,VERIFIED_CANONICAL,Tier 1: ASIN Match,Daredevil: Guardian Devil,"Kevin Smith, Marvel",1974977722,Marvel audio books
"Vengeance of the Iron Dwarf - Legend of Drizzt Companions Codex, Book 3 [B00RNGB73S]","R. A. Salvatore\Legend of Drizzt #30\Vengeance of the Iron Dwarf - Legend of Drizzt Companions Codex, Book 3 [B00RNGB73S]",277.21,VERIFIED_CANONICAL,Tier 1: ASIN Match,Vengeance of the Iron Dwarf,R. A. Salvatore,B00RNGB73S,Legend of Drizzt #30
"Streams of Silver - Legend of Drizzt Icewind Dale Trilogy, Book 2 [B00BWRTI4E]","R. A. Salvatore\Legend of Drizzt #5\Streams of Silver - Legend of Drizzt Icewind Dale Trilogy, Book 2 [B00BWRTI4E]",235.66,VERIFIED_CANONICAL,Tier 1: ASIN Match,Streams of Silver,R. A. Salvatore,B00BWRTI4E,Legend of Drizzt #5
"The Last Threshold - Legend of Drizzt Neverwinter Saga, Book 4 [B00AXZZI7W]","R. A. Salvatore\Legend of Drizzt #26\The Last Threshold - Legend of Drizzt Neverwinter Saga, Book 4 [B00AXZZI7W]",300.47,VERIFIED_CANONICAL,Tier 1: ASIN Match,The Last Threshold,R. A. Salvatore,B00AXZZI7W,Legend of Drizzt #26
"Night Masks - Forgotten Realms The Cleric Quintet, Book 3 [B00E0L64CI]","R. A. Salvatore\Forgotten Realms The Cleric Quintet #3\Night Masks - Forgotten Realms The Cleric Quintet, Book 3 [B00E0L64CI]",219.03,VERIFIED_CANONICAL,Tier 1: ASIN Match,Night Masks,R. A. Salvatore,B00E0L64CI,Forgotten Realms: The Cleric Quintet #3
"Servant of the Shard - Forgotten Realms The Sellswords, Book 1 [B00II84AA2]","R. A. Salvatore\Forgotten Realms - Sellswords #1, Legend of Drizzt #14\Servant of the Shard - Forgotten Realms The Sellswords, Book 1 [B00II84AA2]",575.13,VERIFIED_CANONICAL,Tier 1: ASIN Match,Servant of the Shard,R. A. Salvatore,B00II84AA2,"Forgotten Realms - Sellswords #1, Legend of Drizzt #14"
"The Lone Drow - Legend of Drizzt Hunter's Blade Trilogy, Book 2 [B00JJZNRJI]","R. A. Salvatore\Legend of Drizzt #18\The Lone Drow - Legend of Drizzt Hunter's Blade Trilogy, Book 2 [B00JJZNRJI]",294.32,VERIFIED_CANONICAL,Tier 1: ASIN Match,The Lone Drow,R. A. Salvatore,B00JJZNRJI,Legend of Drizzt #18
The Dao of Drizzt [B09SGN4M9L],"R. A. Salvatore\Legend of Drizzt, Legend of Drizzt Homecoming\The Dao of Drizzt [B09SGN4M9L]",761.04,VERIFIED_CANONICAL,Tier 1: ASIN Match,The Dao of Drizzt,R. A. Salvatore,B09SGN4M9L,"Legend of Drizzt, Legend of Drizzt: Homecoming"
The Witch's Daughter [B003JTZFHM],R. A. Salvatore\Chronicles of Ynis Aielle #2\The Witch's Daughter [B003JTZFHM],278.24,VERIFIED_CANONICAL,Tier 1: ASIN Match,The Witch's Daughter,R. A. Salvatore,B003JTZFHM,Chronicles of Ynis Aielle #2
Dragonslayer's Return [B003TU3Q9A],R. A. Salvatore\Spearwielder's Tales #3\Dragonslayer's Return [B003TU3Q9A],303.04,VERIFIED_CANONICAL,Tier 1: ASIN Match,Dragonslayer's Return,R. A. Salvatore,B003TU3Q9A,Spearwielder's Tales #3
"Maestro - Legend of Drizzt Homecoming, Book II [B01C4Q0886]","R. A. Salvatore\Legend of Drizzt #32, Legend of Drizzt Homecoming #2\Maestro - Legend of Drizzt Homecoming, Book II [B01C4Q0886]",270.53,VERIFIED_CANONICAL,Tier 1: ASIN Match,Maestro,R. A. Salvatore,B01C4Q0886,"Legend of Drizzt #32, Legend of Drizzt: Homecoming #2"
Relentless - A Drizzt Novel [0062688693],"R. A. Salvatore\Legend of Drizzt #36, Generations #3\Relentless - A Drizzt Novel [0062688693]",768.57,VERIFIED_CANONICAL,Tier 1: ASIN Match,Relentless,R. A. Salvatore,0062688693,"Legend of Drizzt #36, Generations #3"
"The Halfling's Gem - Legend of Drizzt Icewind Dale Trilogy, Book 3 [B00BWA4GXE]","R. A. Salvatore\Legend of Drizzt #6\The Halfling's Gem - Legend of Drizzt Icewind Dale Trilogy, Book 3 [B00BWA4GXE]",224.62,VERIFIED_CANONICAL,Tier 1: ASIN Match,The Halfling's Gem,R. A. Salvatore,B00BWA4GXE,Legend of Drizzt #6
Timeless - A Drizzt Novel [B079Y9D7SK],"R. A. Salvatore\Legend of Drizzt #34, Generations #1\Timeless - A Drizzt Novel [B079Y9D7SK]",232.32,VERIFIED_CANONICAL,Tier 1: ASIN Match,Timeless,R. A. Salvatore,B079Y9D7SK,"Legend of Drizzt #34, Generations #1"
"The Two Swords - Legend of Drizzt Hunter's Blade Trilogy, Book 3 [B00JK0T2GE]","R. A. Salvatore\Legend of Drizzt #19\The Two Swords - Legend of Drizzt Hunter's Blade Trilogy, Book 3 [B00JK0T2GE]",269.49,VERIFIED_CANONICAL,Tier 1: ASIN Match,The Two Swords,R. A. Salvatore,B00JK0T2GE,Legend of Drizzt #19
"The Thousand Orcs - Legend of Drizzt Hunter's Blade Trilogy, Book 1 [B00JANBXLS]","R. A. Salvatore\Legend of Drizzt #17\The Thousand Orcs - Legend of Drizzt Hunter's Blade Trilogy, Book 1 [B00JANBXLS]",268.52,VERIFIED_CANONICAL,Tier 1: ASIN Match,The Thousand Orcs,R. A. Salvatore,B00JANBXLS,Legend of Drizzt #17
"The Crystal Shard - Legend of Drizzt Icewind Dale Trilogy, Book 1 [B00BWA4ULM]","R. A. Salvatore\Legend of Drizzt #4\The Crystal Shard - Legend of Drizzt Icewind Dale Trilogy, Book 1 [B00BWA4ULM]",238.3,VERIFIED_CANONICAL,Tier 1: ASIN Match,The Crystal Shard,R. A. Salvatore,B00BWA4ULM,Legend of Drizzt #4
"Siege of Darkness - Legend of Drizzt Legacy of the Drow, Book 3 [B00FVZKNHE]","R. A. Salvatore\Legend of Drizzt #9\Siege of Darkness - Legend of Drizzt Legacy of the Drow, Book 3 [B00FVZKNHE]",239.23,VERIFIED_CANONICAL,Tier 1: ASIN Match,Siege of Darkness,R. A. Salvatore,B00FVZKNHE,Legend of Drizzt #9
The Sword of Bedwyr - The Crimson Shadow [B0036I52BU],R. A. Salvatore\Crimson Shadow #1\The Sword of Bedwyr - The Crimson Shadow [B0036I52BU],261.93,VERIFIED_CANONICAL,Tier 1: ASIN Match,The Sword of Bedwyr,R. A. Salvatore,B0036I52BU,Crimson Shadow #1
The Sword of Bedwyr [B0036I52BU],R. A. Salvatore\Crimson Shadow #1\The Sword of Bedwyr [B0036I52BU],257.09,VERIFIED_CANONICAL,Tier 1: ASIN Match,The Sword of Bedwyr,R. A. Salvatore,B0036I52BU,Crimson Shadow #1
"Hero - Legend of Drizzt Homecoming, Book III [B01KIQRTKO]","R. A. Salvatore\Legend of Drizzt #33, Legend of Drizzt Homecoming #3\Hero - Legend of Drizzt Homecoming, Book III [B01KIQRTKO]",1210.55,VERIFIED_CANONICAL,Tier 1: ASIN Match,Hero,R. A. Salvatore,B01KIQRTKO,"Legend of Drizzt #33, Legend of Drizzt: Homecoming #3"
"Charon's Claw - Legend of Drizzt Neverwinter Saga, Book 3 [B00AWVC230]","R. A. Salvatore\Legend of Drizzt #25\Charon's Claw - Legend of Drizzt Neverwinter Saga, Book 3 [B00AWVC230]",302.59,VERIFIED_CANONICAL,Tier 1: ASIN Match,Charon's Claw,R. A. Salvatore,B00AWVC230,Legend of Drizzt #25
"Neverwinter - Legend of Drizzt Neverwinter Saga, Book 2 [B00AWVC0PK]","R. A. Salvatore\Legend of Drizzt #24\Neverwinter - Legend of Drizzt Neverwinter Saga, Book 2 [B00AWVC0PK]",242.83,VERIFIED_CANONICAL,Tier 1: ASIN Match,Neverwinter,R. A. Salvatore,B00AWVC0PK,Legend of Drizzt #24
Lolth's Warrior - A Novel [B0BR8N8JK2],"R. A. Salvatore\Legend of Drizzt #39, The Way of the Drow #3\Lolth's Warrior - A Novel [B0BR8N8JK2]",734.73,VERIFIED_CANONICAL,Tier 1: ASIN Match,Lolth's Warrior,R. A. Salvatore,B0BR8N8JK2,"Legend of Drizzt #39, The Way of the Drow #3"
A Song for Sadye - A Tale of DemonWars [B00S1LX7R8],R. A. Salvatore\The DemonWars Saga #10\A Song for Sadye - A Tale of DemonWars [B00S1LX7R8],17.57,VERIFIED_CANONICAL,Tier 1: ASIN Match,A Song for Sadye,R. A. Salvatore,B00S1LX7R8,The DemonWars Saga #10
A Song for Sadye A Tale of DemonWars (Unabridged) [B00S1LX7R8],R. A. Salvatore\The DemonWars Saga #10\A Song for Sadye A Tale of DemonWars (Unabridged) [B00S1LX7R8],16.98,VERIFIED_CANONICAL,Tier 1: ASIN Match,A Song for Sadye,R. A. Salvatore,B00S1LX7R8,The DemonWars Saga #10
Glacier's Edge - A Novel [B09M9BXZ5S],"R. A. Salvatore\Legend of Drizzt #38, The Way of the Drow #2\Glacier's Edge - A Novel [B09M9BXZ5S]",757.11,VERIFIED_CANONICAL,Tier 1: ASIN Match,Glacier's Edge,R. A. Salvatore,B09M9BXZ5S,"Legend of Drizzt #38, The Way of the Drow #2"
Bastion of Darkness [B003TIWRY2],R. A. Salvatore\Chronicles of Ynis Aielle #3\Bastion of Darkness [B003TIWRY2],138.05,VERIFIED_CANONICAL,Tier 1: ASIN Match,Bastion of Darkness,R. A. Salvatore,B003TIWRY2,Chronicles of Ynis Aielle #3
"Archmage - Legend of Drizzt Homecoming, Book 1 [B0118JEFUW]","R. A. Salvatore\Legend of Drizzt #31, Legend of Drizzt Homecoming #1\Archmage - Legend of Drizzt Homecoming, Book 1 [B0118JEFUW]",286.98,VERIFIED_CANONICAL,Tier 1: ASIN Match,Archmage,R. A. Salvatore,B0118JEFUW,"Legend of Drizzt #31, Legend of Drizzt: Homecoming #1"
The Woods Out Back [B003CM64AI],R. A. Salvatore\Spearwielder's Tales #1\The Woods Out Back [B003CM64AI],657.21,VERIFIED_CANONICAL,Tier 1: ASIN Match,The Woods Out Back,R. A. Salvatore,B003CM64AI,Spearwielder's Tales #1
"The Silent Blade - Legend of Drizzt Paths of Darkness, Book 1 [B00HDQ7WIM]","R. A. Salvatore\Legend of Drizzt #11\The Silent Blade - Legend of Drizzt Paths of Darkness, Book 1 [B00HDQ7WIM]",517.92,VERIFIED_CANONICAL,Tier 1: ASIN Match,The Silent Blade,R. A. Salvatore,B00HDQ7WIM,Legend of Drizzt #11
"The Legacy - Legend of Drizzt Legacy of the Drow, Book 1 [B00ELLREQC]","R. A. Salvatore\Legend of Drizzt #7\The Legacy - Legend of Drizzt Legacy of the Drow, Book 1 [B00ELLREQC]",213.73,VERIFIED_CANONICAL,Tier 1: ASIN Match,The Legacy,R. A. Salvatore,B00ELLREQC,Legend of Drizzt #7
"Passage to Dawn - Legend of Drizzt Legacy of the Drow, Book 4 [B00FVZLGLQ]","R. A. Salvatore\Legend of Drizzt #10\Passage to Dawn - Legend of Drizzt Legacy of the Drow, Book 4 [B00FVZLGLQ]",236.48,VERIFIED_CANONICAL,Tier 1: ASIN Match,Passage to Dawn,R. A. Salvatore,B00FVZLGLQ,Legend of Drizzt #10
"Gauntlgrym - Legend of Drizzt Neverwinter Saga, Book 1 [B00AWVBWKE]","R. A. Salvatore\Legend of Drizzt #23\Gauntlgrym - Legend of Drizzt Neverwinter Saga, Book 1 [B00AWVBWKE]",271.76,VERIFIED_CANONICAL,Tier 1: ASIN Match,Gauntlgrym,R. A. Salvatore,B00AWVBWKE,Legend of Drizzt #23
Canticle - Forgotten Realms The Cleric Quintet Book 1 [B00CX72QZK],R. A. Salvatore\Forgotten Realms The Cleric Quintet #1\Canticle - Forgotten Realms The Cleric Quintet Book 1 [B00CX72QZK],240.14,VERIFIED_CANONICAL,Tier 1: ASIN Match,Canticle,R. A. Salvatore,B00CX72QZK,Forgotten Realms: The Cleric Quintet #1
"Rise of the King - Legend of Drizzt Companions Codex, Book 2 [B00NFO4TH8]","R. A. Salvatore\Legend of Drizzt #29\Rise of the King - Legend of Drizzt Companions Codex, Book 2 [B00NFO4TH8]",292.21,VERIFIED_CANONICAL,Tier 1: ASIN Match,Rise of the King,R. A. Salvatore,B00NFO4TH8,Legend of Drizzt #29
"Road of the Patriarch - Forgotten Realms The Sellswords, Book 3 [B002V0JZEY]","R. A. Salvatore\Forgotten Realms - Sellswords #3, Legend of Drizzt #16\Road of the Patriarch - Forgotten Realms The Sellswords, Book 3 [B002V0JZEY]",367.09,VERIFIED_CANONICAL,Tier 1: ASIN Match,Road of the Patriarch,R. A. Salvatore,B002V0JZEY,"Forgotten Realms - Sellswords #3, Legend of Drizzt #16"
Starlight Enclave - A Novel [0063029804],"R. A. Salvatore\Legend of Drizzt #37, The Way of the Drow #1\Starlight Enclave - A Novel [0063029804]",787.36,VERIFIED_CANONICAL,Tier 1: ASIN Match,Starlight Enclave,R. A. Salvatore,0063029804,"Legend of Drizzt #37, The Way of the Drow #1"
"The Chaos Curse - Forgotten Realms The Cleric Quintet, Book 5 [B00EAH29D0]","R. A. Salvatore\Forgotten Realms The Cleric Quintet #5\The Chaos Curse - Forgotten Realms The Cleric Quintet, Book 5 [B00EAH29D0]",199.58,VERIFIED_CANONICAL,Tier 1: ASIN Match,The Chaos Curse,R. A. Salvatore,B00EAH29D0,Forgotten Realms: The Cleric Quintet #5
The Ancient [Dramatized Adaptation] [1648809936],R. A. Salvatore\Saga of the First King #2\The Ancient [Dramatized Adaptation] [1648809936],440.75,VERIFIED_CANONICAL,Tier 1: ASIN Match,The Ancient [Dramatized Adaptation],R. A. Salvatore,1648809936,Saga of the First King #2
"Starless Night - Legend of Drizzt Legacy of the Drow, Book 2 [B00FRILVJO]","R. A. Salvatore\Legend of Drizzt #8\Starless Night - Legend of Drizzt Legacy of the Drow, Book 2 [B00FRILVJO]",223.33,VERIFIED_CANONICAL,Tier 1: ASIN Match,Starless Night,R. A. Salvatore,B00FRILVJO,Legend of Drizzt #8
"The Fallen Fortress - Forgotten Realms - The Cleric Quintet, Book 4 [B00EAH2DS6]","R. A. Salvatore\Forgotten Realms The Cleric Quintet #4\The Fallen Fortress - Forgotten Realms - The Cleric Quintet, Book 4 [B00EAH2DS6]",222.55,VERIFIED_CANONICAL,Tier 1: ASIN Match,The Fallen Fortress,R. A. Salvatore,B00EAH2DS6,Forgotten Realms: The Cleric Quintet #4
Mather's Blood [B00S1LWP0S],R. A. Salvatore\The DemonWars Saga #9\Mather's Blood [B00S1LWP0S],20.55,VERIFIED_CANONICAL,Tier 1: ASIN Match,Mather's Blood,R. A. Salvatore,B00S1LWP0S,The DemonWars Saga #9
"Homeland - Legend of Drizzt Dark Elf Trilogy, Book 1 [B00BW5V1FU]","R. A. Salvatore\Legend of Drizzt #1\Homeland - Legend of Drizzt Dark Elf Trilogy, Book 1 [B00BW5V1FU]",212.92,VERIFIED_CANONICAL,Tier 1: ASIN Match,Homeland,R. A. Salvatore,B00BW5V1FU,Legend of Drizzt #1
Echoes of the Fourth Magic [B003BKQZ28],R. A. Salvatore\Chronicles of Ynis Aielle #1\Echoes of the Fourth Magic [B003BKQZ28],310.19,VERIFIED_CANONICAL,Tier 1: ASIN Match,Echoes of the Fourth Magic,R. A. Salvatore,B003BKQZ28,Chronicles of Ynis Aielle #1
"Sojourn - Legend of Drizzt Dark Elf Trilogy, Book 3 [B00BWQUFRE]","R. A. Salvatore\Legend of Drizzt #3\Sojourn - Legend of Drizzt Dark Elf Trilogy, Book 3 [B00BWQUFRE]",211.36,VERIFIED_CANONICAL,Tier 1: ASIN Match,Sojourn,R. A. Salvatore,B00BWQUFRE,Legend of Drizzt #3
Boundless - A Drizzt Novel [0062688650],"R. A. Salvatore\Legend of Drizzt #35, Generations #2\Boundless - A Drizzt Novel [0062688650]",720.74,VERIFIED_CANONICAL,Tier 1: ASIN Match,Boundless,R. A. Salvatore,0062688650,"Legend of Drizzt #35, Generations #2"
"Exile - Legend of Drizzt Dark Elf Trilogy, Book 2 [B00BWSI8A8]","R. A. Salvatore\Legend of Drizzt #2\Exile - Legend of Drizzt Dark Elf Trilogy, Book 2 [B00BWSI8A8]",401.57,VERIFIED_CANONICAL,Tier 1: ASIN Match,Exile,R. A. Salvatore,B00BWSI8A8,Legend of Drizzt #2
"Promise of the Witch-King - Forgotten Realms The Sellswords, Book 2 [B00IIW28OI]","R. A. Salvatore\Forgotten Realms - Sellswords #2, Legend of Drizzt #15\Promise of the Witch-King - Forgotten Realms The Sellswords, Book 2 [B00IIW28OI]",358.0,VERIFIED_CANONICAL,Tier 1: ASIN Match,Promise of the Witch-King,R. A. Salvatore,B00IIW28OI,"Forgotten Realms - Sellswords #2, Legend of Drizzt #15"
The Highwayman [Dramatized Adaptation] [1648802362],R. A. Salvatore\Saga of the First King #1\The Highwayman [Dramatized Adaptation] [1648802362],442.63,VERIFIED_CANONICAL,Tier 1: ASIN Match,The Highwayman [Dramatized Adaptation],R. A. Salvatore,1648802362,Saga of the First King #1
In Sylvan Shadows [B00EO4PDQY],R. A. Salvatore\Forgotten Realms The Cleric Quintet #2\In Sylvan Shadows [B00EO4PDQY],221.08,VERIFIED_CANONICAL,Tier 1: ASIN Match,In Sylvan Shadows,R. A. Salvatore,B00EO4PDQY,Forgotten Realms: The Cleric Quintet #2
Polgara the Sorceress [B003DRKISG],"David Eddings, Leigh Eddings\Belgariad Prequels #2\Polgara the Sorceress [B003DRKISG]",588.4,VERIFIED_CANONICAL,Tier 1: ASIN Match,Polgara the Sorceress,"David Eddings, Leigh Eddings",B003DRKISG,Belgariad Prequels #2
Belgarath the Sorcerer [B01N39DESN],"David Eddings, Leigh Eddings\Belgariad Prequels #1\Belgarath the Sorcerer [B01N39DESN]",564.72,VERIFIED_CANONICAL,Tier 1: ASIN Match,Belgarath the Sorcerer,"David Eddings, Leigh Eddings",B01N39DESN,Belgariad Prequels #1
Wasteland Warlords 1 [B0CKLRSQVZ],"James Hunter, Eden Hudson\Wasteland Warlords #1\Wasteland Warlords 1 [B0CKLRSQVZ]",193.37,VERIFIED_CANONICAL,Tier 1: ASIN Match,Wasteland Warlords 1,"James Hunter, Eden Hudson",B0CKLRSQVZ,Wasteland Warlords #1
Wasteland Warlords 2 [B0CKLS8RV3],"James Hunter, Eden Hudson\Wasteland Warlords #2\Wasteland Warlords 2 [B0CKLS8RV3]",206.3,VERIFIED_CANONICAL,Tier 1: ASIN Match,Wasteland Warlords 2,"James Hunter, Eden Hudson",B0CKLS8RV3,Wasteland Warlords #2
Wasteland Warlords 6 [B0CQDNJ6Q3],"James Hunter, Eden Hudson\Wasteland Warlords #6\Wasteland Warlords 6 [B0CQDNJ6Q3]",200.08,VERIFIED_CANONICAL,Tier 1: ASIN Match,Wasteland Warlords 6,"James Hunter, Eden Hudson",B0CQDNJ6Q3,Wasteland Warlords #6
"Wasteland Warlords 5 - Wasteland Warlords, Book 5 [B0CQM8NJY2]","James Hunter, Eden Hudson\Wasteland Warlords #5\Wasteland Warlords 5 - Wasteland Warlords, Book 5 [B0CQM8NJY2]",164.96,VERIFIED_CANONICAL,Tier 1: ASIN Match,Wasteland Warlords 5,"James Hunter, Eden Hudson",B0CQM8NJY2,Wasteland Warlords #5
Wasteland Warlords 3 [B0CKLRGXCV],"James Hunter, Eden Hudson\Wasteland Warlords #3\Wasteland Warlords 3 [B0CKLRGXCV]",182.76,VERIFIED_CANONICAL,Tier 1: ASIN Match,Wasteland Warlords 3,"James Hunter, Eden Hudson",B0CKLRGXCV,Wasteland Warlords #3
"Wasteland Warlords 4 - Wasteland Warlords, Book 4 [B0CQM9DV55]","James Hunter, Eden Hudson\Wasteland Warlords #4\Wasteland Warlords 4 - Wasteland Warlords, Book 4 [B0CQM9DV55]",176.2,VERIFIED_CANONICAL,Tier 1: ASIN Match,Wasteland Warlords 4,"James Hunter, Eden Hudson",B0CQM9DV55,Wasteland Warlords #4
The Great Hunt - Book Two of The Wheel Of Time [B002UP1LXS],Robert Jordan\The Wheel of Time #2\The Great Hunt - Book Two of The Wheel Of Time [B002UP1LXS],578.07,VERIFIED_CANONICAL,Tier 1: ASIN Match,The Great Hunt,Robert Jordan,B002UP1LXS,The Wheel of Time #2
Lord of Chaos - Book Six of The Wheel of Time [B002V5BDOE],Robert Jordan\The Wheel of Time #6\Lord of Chaos - Book Six of The Wheel of Time [B002V5BDOE],1110.82,VERIFIED_CANONICAL,Tier 1: ASIN Match,Lord of Chaos,Robert Jordan,B002V5BDOE,The Wheel of Time #6
Conan the Invincible,Robert Jordan\Robert Jordan - Wheel of Time 1 - 11 + prequal new spring + The Conan Chronicles [2 Complete Collections] (2)\Conan the Invincible,157.31,VERIFIED_CANONICAL,Tier 3: Title Match,Conan the Invincible,Robert Jordan,,Robert Jordan - Wheel of Time 1 - 11 + prequal new spring + The Conan Chronicles [2 Complete Collections] (2)
Conan the Unconquered,Robert Jordan\Robert Jordan - Wheel of Time 1 - 11 + prequal new spring + The Conan Chronicles [2 Complete Collections] (2)\Conan the Unconquered,161.36,VERIFIED_CANONICAL,Tier 3: Title Match,Conan the Unconquered,Robert Jordan,,Robert Jordan - Wheel of Time 1 - 11 + prequal new spring + The Conan Chronicles [2 Complete Collections] (2)
"Winter's Heart - Wheel of Time, Book 9 [B004NQKRVE]","Robert Jordan\The Wheel of Time #9\Winter's Heart - Wheel of Time, Book 9 [B004NQKRVE]",528.56,VERIFIED_CANONICAL,Tier 1: ASIN Match,Winter's Heart,Robert Jordan,B004NQKRVE,The Wheel of Time #9
New Spring - The Wheel of Time Prequel [B002UUFOSG],Robert Jordan\The Wheel of Time #0\New Spring - The Wheel of Time Prequel [B002UUFOSG],347.51,VERIFIED_CANONICAL,Tier 1: ASIN Match,New Spring,Robert Jordan,B002UUFOSG,The Wheel of Time #0
Job - A Comedy of Justice [B002V8MMX2],Robert A. Heinlein\Robert Heinlein Audiobook collection @ fenopy.com (2)\Job - A Comedy of Justice [B002V8MMX2],324.44,VERIFIED_CANONICAL,Tier 1: ASIN Match,Job,Robert A. Heinlein,B002V8MMX2,Robert Heinlein Audiobook collection @ fenopy.com (2)
Citizen of the Galaxy [B00H4ERQCU],Robert A. Heinlein\Robert Heinlein Audiobook collection @ fenopy.com (2)\Citizen of the Galaxy [B00H4ERQCU],495.91,VERIFIED_CANONICAL,Tier 1: ASIN Match,Citizen of the Galaxy,Robert A. Heinlein,B00H4ERQCU,Robert Heinlein Audiobook collection @ fenopy.com (2)
Double Star [109417940X],Robert A. Heinlein\Robert Heinlein Audiobook collection @ fenopy.com (2)\Double Star [109417940X],87.25,VERIFIED_CANONICAL,Tier 1: ASIN Match,Double Star,Robert A. Heinlein,109417940X,Robert Heinlein Audiobook collection @ fenopy.com (2)
Friday [B002V0KEJY],Robert A. Heinlein\Robert Heinlein Audiobook collection @ fenopy.com (2)\Friday [B002V0KEJY],424.58,VERIFIED_CANONICAL,Tier 1: ASIN Match,Friday,Robert A. Heinlein,B002V0KEJY,Robert Heinlein Audiobook collection @ fenopy.com (2)
Glory Road [B0085WERC2],Robert A. Heinlein\Robert Heinlein Audiobook collection @ fenopy.com (2)\Glory Road [B0085WERC2],475.58,VERIFIED_CANONICAL,Tier 1: ASIN Match,Glory Road,Robert A. Heinlein,B0085WERC2,Robert Heinlein Audiobook collection @ fenopy.com (2)
I Will Fear No Evil [B004VGIVH8],Robert A. Heinlein\Robert Heinlein Audiobook collection @ fenopy.com (2)\I Will Fear No Evil [B004VGIVH8],475.1,VERIFIED_CANONICAL,Tier 1: ASIN Match,I Will Fear No Evil,Robert A. Heinlein,B004VGIVH8,Robert Heinlein Audiobook collection @ fenopy.com (2)
Methuselah's Children [B008MASVH4],Robert A. Heinlein\Robert Heinlein Audiobook collection @ fenopy.com (2)\Methuselah's Children [B008MASVH4],130.11,VERIFIED_CANONICAL,Tier 1: ASIN Match,Methuselah's Children,Robert A. Heinlein,B008MASVH4,Robert Heinlein Audiobook collection @ fenopy.com (2)
Podkayne of Mars [B002V59V02],Robert A. Heinlein\Robert Heinlein Audiobook collection @ fenopy.com (2)\Podkayne of Mars [B002V59V02],168.85,VERIFIED_CANONICAL,Tier 1: ASIN Match,Podkayne of Mars,Robert A. Heinlein,B002V59V02,Robert Heinlein Audiobook collection @ fenopy.com (2)
Revolt in 2100 [B002V8MOIA],Robert A. Heinlein\Robert Heinlein Audiobook collection @ fenopy.com (2)\Revolt in 2100 [B002V8MOIA],217.41,VERIFIED_CANONICAL,Tier 1: ASIN Match,Revolt in 2100,Robert A. Heinlein,B002V8MOIA,Robert Heinlein Audiobook collection @ fenopy.com (2)
Rocket Ship Galileo [B002V5H8CU],Robert A. Heinlein\Robert Heinlein Audiobook collection @ fenopy.com (2)\Rocket Ship Galileo [B002V5H8CU],312.31,VERIFIED_CANONICAL,Tier 1: ASIN Match,Rocket Ship Galileo,Robert A. Heinlein,B002V5H8CU,Robert Heinlein Audiobook collection @ fenopy.com (2)
Starman Jones - Encoded with Ashampoo AudioCD MP3 Studio 3. [B002UZQYN0],Robert A. Heinlein\Robert Heinlein Audiobook collection @ fenopy.com (2)\Starman Jones - Encoded with Ashampoo AudioCD MP3 Studio 3. [B002UZQYN0],215.34,VERIFIED_CANONICAL,Tier 1: ASIN Match,Starman Jones,Robert A. Heinlein,B002UZQYN0,Robert Heinlein Audiobook collection @ fenopy.com (2)
The Door into Summer [B002V5A4BM],Robert A. Heinlein\Robert Heinlein Audiobook collection @ fenopy.com (2)\The Door into Summer [B002V5A4BM],374.23,VERIFIED_CANONICAL,Tier 1: ASIN Match,The Door into Summer,Robert A. Heinlein,B002V5A4BM,Robert Heinlein Audiobook collection @ fenopy.com (2)
The Moon Is a Harsh Mistress [B002VA35NG],Robert A. Heinlein\Robert Heinlein Audiobook collection @ fenopy.com (2)\The Moon Is a Harsh Mistress [B002VA35NG],488.23,VERIFIED_CANONICAL,Tier 1: ASIN Match,The Moon Is a Harsh Mistress,Robert A. Heinlein,B002VA35NG,Robert Heinlein Audiobook collection @ fenopy.com (2)
Time for the Stars [B004KO95MQ],Robert A. Heinlein\Robert Heinlein Audiobook collection @ fenopy.com (2)\Time for the Stars [B004KO95MQ],166.26,VERIFIED_CANONICAL,Tier 1: ASIN Match,Time for the Stars,Robert A. Heinlein,B004KO95MQ,Robert Heinlein Audiobook collection @ fenopy.com (2)
"The Star Beast - Heinlein's Juveniles, Book 8 [B018641NW0]","Robert A. Heinlein\Heinlein's Juveniles #8\The Star Beast - Heinlein's Juveniles, Book 8 [B018641NW0]",226.45,VERIFIED_CANONICAL,Tier 1: ASIN Match,The Star Beast,Robert A. Heinlein,B018641NW0,Heinlein's Juveniles #8
"Tunnel in the Sky - Heinlein's Juveniles, Book 9 [B0FBH1MKD1]","Robert A. Heinlein\Heinlein's Juveniles #9\Tunnel in the Sky - Heinlein's Juveniles, Book 9 [B0FBH1MKD1]",418.14,VERIFIED_CANONICAL,Tier 1: ASIN Match,Tunnel in the Sky,Robert A. Heinlein,B0FBH1MKD1,Heinlein's Juveniles #9
"Defiance of the Fall, Book 10 [B0C78G69ZW]","JF Brink TheFirstDefier\Defiance of the Fall #10\Defiance of the Fall, Book 10 [B0C78G69ZW]",1095.61,VERIFIED_CANONICAL,Tier 1: ASIN Match,"Defiance of the Fall, Book 10","TheFirstDefier, JF Brink",B0C78G69ZW,Defiance of the Fall #10
Defiance of the Fall 9 [B0BXTC9MMP],JF Brink TheFirstDefier\Defiance of the Fall #9\Defiance of the Fall 9 [B0BXTC9MMP],1211.27,VERIFIED_CANONICAL,Tier 1: ASIN Match,Defiance of the Fall 9,"TheFirstDefier, JF Brink",B0BXTC9MMP,Defiance of the Fall #9
Defiance of the Fall 8 [B0BRDBWDQL],JF Brink TheFirstDefier\Defiance of the Fall #8\Defiance of the Fall 8 [B0BRDBWDQL],1287.57,VERIFIED_CANONICAL,Tier 1: ASIN Match,Defiance of the Fall 8,"TheFirstDefier, JF Brink",B0BRDBWDQL,Defiance of the Fall #8
"Defiance of the Fall 7 - Defiance of the Fall, Book 7 [B0BHJM2G38]","JF Brink TheFirstDefier\Defiance of the Fall #7\Defiance of the Fall 7 - Defiance of the Fall, Book 7 [B0BHJM2G38]",1288.48,VERIFIED_CANONICAL,Tier 1: ASIN Match,Defiance of the Fall 7,"TheFirstDefier, JF Brink",B0BHJM2G38,Defiance of the Fall #7
The Forest House [B0041M3DSO],Marion Zimmer-Bradley\Avalon #2\The Forest House [B0041M3DSO],487.79,VERIFIED_CANONICAL,Tier 1: ASIN Match,The Forest House,Marion Zimmer-Bradley,B0041M3DSO,Avalon #2
"He Who Fights with Monsters 5 - A LitRPG Adventure (He Who Fights with Monsters, Book 5) [B09PSSTFP3]","Shirtaloon, Travis Deverell\He Who Fights with Monsters #5\He Who Fights with Monsters 5 - A LitRPG Adventure (He Who Fights with Monsters, Book 5) [B09PSSTFP3]",1108.2,VERIFIED_CANONICAL,Tier 1: ASIN Match,He Who Fights with Monsters 5,"Shirtaloon, Travis Deverell",B09PSSTFP3,He Who Fights with Monsters #5
"He Who Fights with Monsters 10 - A LitRPG Adventure (He Who Fights with Monsters, Book 10) [B0C1PV6Q7C]","Shirtaloon, Travis Deverell\He Who Fights with Monsters #10\He Who Fights with Monsters 10 - A LitRPG Adventure (He Who Fights with Monsters, Book 10) [B0C1PV6Q7C]",1396.51,VERIFIED_CANONICAL,Tier 1: ASIN Match,He Who Fights with Monsters 10,"Shirtaloon, Travis Deverell",B0C1PV6Q7C,He Who Fights with Monsters #10
"He Who Fights with Monsters 4 - A LitRPG Adventure (He Who Fights with Monsters, Book 4) [B09GHD1R2R]","Shirtaloon, Travis Deverell\He Who Fights with Monsters #4\He Who Fights with Monsters 4 - A LitRPG Adventure (He Who Fights with Monsters, Book 4) [B09GHD1R2R]",1231.62,VERIFIED_CANONICAL,Tier 1: ASIN Match,He Who Fights with Monsters 4,"Shirtaloon, Travis Deverell",B09GHD1R2R,He Who Fights with Monsters #4
"He Who Fights with Monsters 8 - A LitRPG Adventure (He Who Fights with Monsters, Book 8) [B0BDMQN3S8]","Shirtaloon, Travis Deverell\He Who Fights with Monsters #8\He Who Fights with Monsters 8 - A LitRPG Adventure (He Who Fights with Monsters, Book 8) [B0BDMQN3S8]",1005.18,VERIFIED_CANONICAL,Tier 1: ASIN Match,He Who Fights with Monsters 8,"Shirtaloon, Travis Deverell",B0BDMQN3S8,He Who Fights with Monsters #8
"He Who Fights with Monsters 2 - A LitRPG Adventure (He Who Fights with Monsters, Book 2) [1774249162]","Shirtaloon, Travis Deverell\He Who Fights with Monsters #2\He Who Fights with Monsters 2 - A LitRPG Adventure (He Who Fights with Monsters, Book 2) [1774249162]",1231.46,VERIFIED_CANONICAL,Tier 1: ASIN Match,He Who Fights with Monsters 2,"Shirtaloon, Travis Deverell",1774249162,He Who Fights with Monsters #2
"He Who Fights with Monsters 9 - A LitRPG Adventure (He Who Fights with Monsters, Book 9) [B0BMCNHHWN]","Shirtaloon, Travis Deverell\He Who Fights with Monsters #9\He Who Fights with Monsters 9 - A LitRPG Adventure (He Who Fights with Monsters, Book 9) [B0BMCNHHWN]",1546.16,VERIFIED_CANONICAL,Tier 1: ASIN Match,He Who Fights with Monsters 9,"Shirtaloon, Travis Deverell",B0BMCNHHWN,He Who Fights with Monsters #9
"He Who Fights with Monsters 6 - A LitRPG Adventure (He Who Fights with Monsters, Book 6) [B09WB2V33H]","Shirtaloon, Travis Deverell\He Who Fights with Monsters #6\He Who Fights with Monsters 6 - A LitRPG Adventure (He Who Fights with Monsters, Book 6) [B09WB2V33H]",872.83,VERIFIED_CANONICAL,Tier 1: ASIN Match,He Who Fights with Monsters 6,"Shirtaloon, Travis Deverell",B09WB2V33H,He Who Fights with Monsters #6
"He Who Fights with Monsters 3 - A LitRPG Adventure (He Who Fights with Monsters, Book 3) [1039400205]","Shirtaloon, Travis Deverell\He Who Fights with Monsters #3\He Who Fights with Monsters 3 - A LitRPG Adventure (He Who Fights with Monsters, Book 3) [1039400205]",1360.24,VERIFIED_CANONICAL,Tier 1: ASIN Match,He Who Fights with Monsters 3,"Shirtaloon, Travis Deverell",1039400205,He Who Fights with Monsters #3
"He Who Fights with Monsters 7 - A LitRPG Adventure (He Who Fights with Monsters, Book 7) [B0B5HY4BM7]","Shirtaloon, Travis Deverell\He Who Fights with Monsters #7\He Who Fights with Monsters 7 - A LitRPG Adventure (He Who Fights with Monsters, Book 7) [B0B5HY4BM7]",1030.68,VERIFIED_CANONICAL,Tier 1: ASIN Match,He Who Fights with Monsters 7,"Shirtaloon, Travis Deverell",B0B5HY4BM7,He Who Fights with Monsters #7
The Hitchhiker's Guide to the Galaxy - Robbie Stamp Interview (040605) [B002V0M4EC],Robbie Stamp\The Hitchhiker's Guide To The Galaxy\The Hitchhiker's Guide to the Galaxy - Robbie Stamp Interview (040605) [B002V0M4EC],945.06,VERIFIED_CANONICAL,Tier 1: ASIN Match,The Hitchhiker's Guide to the Galaxy,Robbie Stamp,B002V0M4EC,The Hitchhiker's Guide To The Galaxy
Batman - Death of the Family,"Dc, MARVEL - GraphicAudio Collection\DC Comics - GraphicAudio Collection\Batman - Death of the Family",97.44,VERIFIED_CANONICAL,Tier 2: Leaf Folder Match,Batman - Death of the Family,"Dc, MARVEL - GraphicAudio Collection",,DC Comics - GraphicAudio Collection
Batman - Lazarus Syndrome,"Dc, MARVEL - GraphicAudio Collection\DC Comics - GraphicAudio Collection\Batman - Lazarus Syndrome",38.76,VERIFIED_CANONICAL,Tier 2: Leaf Folder Match,Batman - Lazarus Syndrome,"Dc, MARVEL - GraphicAudio Collection",,DC Comics - GraphicAudio Collection
Batman - The Long Halloween,"Dc, MARVEL - GraphicAudio Collection\DC Comics - GraphicAudio Collection\Batman - The Long Halloween",107.99,VERIFIED_CANONICAL,Tier 2: Leaf Folder Match,Batman - The Long Halloween,"Dc, MARVEL - GraphicAudio Collection",,DC Comics - GraphicAudio Collection
Enemies and allies Batman Superman,"Dc, MARVEL - GraphicAudio Collection\DC Comics - GraphicAudio Collection\Enemies and allies Batman Superman",607.75,VERIFIED_CANONICAL,Tier 2: Leaf Folder Match,Enemies and allies Batman Superman,"Dc, MARVEL - GraphicAudio Collection",,DC Comics - GraphicAudio Collection
JLA Exterminators 2004,"Dc, MARVEL - GraphicAudio Collection\DC Comics - GraphicAudio Collection\JLA Exterminators 2004",587.42,VERIFIED_CANONICAL,Tier 2: Leaf Folder Match,JLA Exterminators 2004,"Dc, MARVEL - GraphicAudio Collection",,DC Comics - GraphicAudio Collection
Judge Dredd #1_Wanted Dredd Or Alive,"Dc, MARVEL - GraphicAudio Collection\DC Comics - GraphicAudio Collection\Judge Dredd #1_Wanted Dredd Or Alive",58.1,VERIFIED_CANONICAL,Tier 2: Leaf Folder Match,Judge Dredd #1_Wanted Dredd Or Alive,"Dc, MARVEL - GraphicAudio Collection",,DC Comics - GraphicAudio Collection
Judge Dredd #2_Death Trap,"Dc, MARVEL - GraphicAudio Collection\DC Comics - GraphicAudio Collection\Judge Dredd #2_Death Trap",57.74,VERIFIED_CANONICAL,Tier 2: Leaf Folder Match,Judge Dredd #2_Death Trap,"Dc, MARVEL - GraphicAudio Collection",,DC Comics - GraphicAudio Collection
superman - Doomsday and Beyond,"Dc, MARVEL - GraphicAudio Collection\DC Comics - GraphicAudio Collection\superman - Doomsday and Beyond",143.76,VERIFIED_CANONICAL,Tier 2: Leaf Folder Match,superman - Doomsday and Beyond,"Dc, MARVEL - GraphicAudio Collection",,DC Comics - GraphicAudio Collection
Superman - It's Superman! (2005),"Dc, MARVEL - GraphicAudio Collection\DC Comics - GraphicAudio Collection\Superman - It's Superman! (2005)",808.82,VERIFIED_CANONICAL,Tier 2: Leaf Folder Match,Superman - It's Superman! (2005),"Dc, MARVEL - GraphicAudio Collection",,DC Comics - GraphicAudio Collection
Superman - Never ending battle,"Dc, MARVEL - GraphicAudio Collection\DC Comics - GraphicAudio Collection\Superman - Never ending battle",537.43,VERIFIED_CANONICAL,Tier 2: Leaf Folder Match,Superman - Never ending battle,"Dc, MARVEL - GraphicAudio Collection",,DC Comics - GraphicAudio Collection
Superman - Red Son,"Dc, MARVEL - GraphicAudio Collection\DC Comics - GraphicAudio Collection\Superman - Red Son",57.0,VERIFIED_CANONICAL,Tier 2: Leaf Folder Match,Superman - Red Son,"Dc, MARVEL - GraphicAudio Collection",,DC Comics - GraphicAudio Collection
The Flash - Stop Motion,"Dc, MARVEL - GraphicAudio Collection\DC Comics - GraphicAudio Collection\The Flash - Stop Motion",524.99,VERIFIED_CANONICAL,Tier 2: Leaf Folder Match,The Flash - Stop Motion,"Dc, MARVEL - GraphicAudio Collection",,DC Comics - GraphicAudio Collection
Guardians of the Galaxy - Rocket Raccoon and Groot Steal the Galaxy,"Dc, MARVEL - GraphicAudio Collection\MARVEL Comics - GraphicAudio Collection\Guardians of the Galaxy - Rocket Raccoon and Groot Steal the Galaxy",742.86,VERIFIED_CANONICAL,Tier 2: Leaf Folder Match,Guardians of the Galaxy - Rocket Raccoon and Groot Steal the Galaxy,"Dc, MARVEL - GraphicAudio Collection",,MARVEL Comics - GraphicAudio Collection
Green Lantern - Sleepers,"Dc, MARVEL - GraphicAudio Collection\DC Comics - GraphicAudio Collection #1\Green Lantern - Sleepers",525.85,VERIFIED_CANONICAL,Tier 3: Title Match,Green Lantern - Sleepers,"Dc, MARVEL - GraphicAudio Collection",,DC Comics - GraphicAudio Collection #3
"The Light of All That Falls - Licanius, Book 3 [1774241676]","James Islington\The Licanius Trilogy #3\The Light of All That Falls - Licanius, Book 3 [1774241676]",846.04,VERIFIED_CANONICAL,Tier 1: ASIN Match,The Light of All That Falls,James Islington,1774241676,The Licanius Trilogy #3
"An Echo of Things To Come - Licanius, Book 2 [B074MJDNFC]","James Islington\The Licanius Trilogy #2\An Echo of Things To Come - Licanius, Book 2 [B074MJDNFC]",730.67,VERIFIED_CANONICAL,Tier 1: ASIN Match,An Echo of Things to Come,James Islington,B074MJDNFC,The Licanius Trilogy #2
"The Shadow of What Was Lost - Licanius, Book 1 [B00S5AAHLY]","James Islington\The Licanius Trilogy #1\The Shadow of What Was Lost - Licanius, Book 1 [B00S5AAHLY]",703.85,VERIFIED_CANONICAL,Tier 1: ASIN Match,The Shadow of What Was Lost,James Islington,B00S5AAHLY,The Licanius Trilogy #1
"Dragon's Kin - Dragonriders of Pern, Book 16 [B002V8N9QG]","Anne McCaffrey, Todd McCaffrey\Pern Novels [publication order] #16, Dragonriders of Pern (New Series) #1\Dragon's Kin - Dragonriders of Pern, Book 16 [B002V8N9QG]",294.87,VERIFIED_CANONICAL,Tier 1: ASIN Match,Dragon's Kin,"Anne McCaffrey, Todd McCaffrey",B002V8N9QG,"Pern Novels [publication order] #16, Pern Novels [chronological order] #3"
"Dragon's Fire - Dragonriders of Pern, Book 18 [B002V8H6XI]","Anne McCaffrey, Todd McCaffrey\Pern Novels [publication order] #18, Pern Novels [chronological order] #4\Dragon's Fire - Dragonriders of Pern, Book 18 [B002V8H6XI]",402.41,VERIFIED_CANONICAL,Tier 1: ASIN Match,Dragon's Fire,"Anne McCaffrey, Todd McCaffrey",B002V8H6XI,"Pern Novels [publication order] #18, Pern Novels [chronological order] #4"
Rebel Mission To Ord Mantell,Brian Daley\Star Wars\Rebel Mission To Ord Mantell,28.46,VERIFIED_CANONICAL,Tier 3: Title Match,Rebel Mission To Ord Mantell,Brian Daley,,Star Wars
The Mayor of Noobtown (Unabridged) [1774240122],Ryan Rimmel\Noobtown #1\The Mayor of Noobtown (Unabridged) [1774240122],495.98,VERIFIED_CANONICAL,Tier 1: ASIN Match,The Mayor of Noobtown,Ryan Rimmel,1774240122,Noobtown #1
IntelliQuest - The World's 100 Greatest Books,Classic Books\IntelliQuest - The World's 100 Greatest Books\IntelliQuest - The World's 100 Greatest Books,3366.77,VERIFIED_CANONICAL,Tier 2: Leaf Folder Match,IntelliQuest - The World's 100 Greatest Books,Classic Books,,IntelliQuest - The World's 100 Greatest Books
Nerilka's Story,Anne McCaffery\Collection\Nerilka's Story,75.39,VERIFIED_CANONICAL,Tier 2: Leaf Folder Match,Nerilka's Story,Anne McCaffery,,Anne McCaffery (2)
Dragonsblood,Anne McCaffery\Anne McCaffery (2)\Dragonsblood,530.53,VERIFIED_CANONICAL,Tier 3: Title Match,Dragonsblood,Anne McCaffery,,Anne McCaffery (2)
Daredevil The Man Without Fear [1974980316],"Paul Crilley, Marvel\Marvel audio books\Daredevil The Man Without Fear [1974980316]",730.93,VERIFIED_CANONICAL,Tier 1: ASIN Match,Daredevil: The Man Without Fear,"Paul Crilley, Marvel",1974980316,Marvel audio books
Ms. Marvel Volume 1 No Normal,GraphicAudio\Marvel audio books\Ms. Marvel Volume 1 No Normal,233.32,VERIFIED_CANONICAL,Tier 3: Title Match,Ms. Marvel Volume 1: No Normal,GraphicAudio,,Marvel audio books
Spider-Man - Drowned In Thunder,GraphicAudio\Marvel audio books\Spider-Man - Drowned In Thunder,581.68,VERIFIED_CANONICAL,Tier 3: Title Match,Spider-Man - Drowned In Thunder,GraphicAudio,,Marvel audio books
Marvel's Avengers Vs. X-Men,GraphicAudio\Marvel audio books\Marvel's Avengers Vs. X-Men,524.0,VERIFIED_CANONICAL,Tier 2: Leaf Folder Match,Marvel's Avengers Vs. X-Men,GraphicAudio,,Marvel audio books
"Mark of the Founder A litRPG Saga Beastborne, Book 1 (Unabridged) - Beastborne, Book 1 [1774247291]","James T. Callum\Beastborne #1\Mark of the Founder A litRPG Saga Beastborne, Book 1 (Unabridged) - Beastborne, Book 1 [1774247291]",807.07,VERIFIED_CANONICAL,Tier 1: ASIN Match,Mark of the Founder: A litRPG Saga,James T. Callum,1774247291,Beastborne #1
"The Eternal Empire - 13th Paladin, Book 7 [B0B6Y9N7L4]","Torsten Weitze, Tim Casey - translator\The 13th Paladin #7\The Eternal Empire - 13th Paladin, Book 7 [B0B6Y9N7L4]",1062.23,VERIFIED_CANONICAL,Tier 1: ASIN Match,The Eternal Empire,"Torsten Weitze, Tim Casey - translator",B0B6Y9N7L4,The 13th Paladin #7
"The Forest of Ire - 13th Paladin, Volume IX [B0BLFWBB71]","Torsten Weitze, Tim Casey - translator\The 13th Paladin #9\The Forest of Ire - 13th Paladin, Volume IX [B0BLFWBB71]",1264.45,VERIFIED_CANONICAL,Tier 1: ASIN Match,The Forest of Ire,"Torsten Weitze, Tim Casey - translator",B0BLFWBB71,The 13th Paladin #9
"The Isles of the Cutlass Sea - 13th Paladin Series, Book 5 [1705284744]","Torsten Weitze, Tim Casey - translator\The 13th Paladin #5\The Isles of the Cutlass Sea - 13th Paladin Series, Book 5 [1705284744]",975.29,VERIFIED_CANONICAL,Tier 1: ASIN Match,The Isles of the Cutlass Sea,"Torsten Weitze, Tim Casey - translator",1705284744,The 13th Paladin #5
The 13th Paladin Boxed Set [B09R52QXV8],"Torsten Weitze, Tim Casey - translator\The 13th Paladin #1\The 13th Paladin Boxed Set [B09R52QXV8]",1205.46,VERIFIED_CANONICAL,Tier 1: ASIN Match,The 13th Paladin Boxed Set,"Torsten Weitze, Tim Casey - translator",B09R52QXV8,The 13th Paladin #1
"The Sleeping Mother - 13th Paladin Series, Book 4 [1705284728]","Torsten Weitze, Tim Casey - translator\The 13th Paladin #4\The Sleeping Mother - 13th Paladin Series, Book 4 [1705284728]",919.91,VERIFIED_CANONICAL,Tier 1: ASIN Match,The Sleeping Mother,"Torsten Weitze, Tim Casey - translator",1705284728,The 13th Paladin #4
The Battle for Hjalgar [B0B3KXZP1B],"Torsten Weitze, Tim Casey - translator\The 13th Paladin #6\The Battle for Hjalgar [B0B3KXZP1B]",1021.57,VERIFIED_CANONICAL,Tier 1: ASIN Match,The Battle for Hjalgar,"Torsten Weitze, Tim Casey - translator",B0B3KXZP1B,The 13th Paladin #6
"The Lightning Thief - Percy Jackson and the Olympians, Book 1 [B002V0JZOO]","Rick Riordan\Percy Jackson and the Olympians #1\The Lightning Thief - Percy Jackson and the Olympians, Book 1 [B002V0JZOO]",276.24,VERIFIED_CANONICAL,Tier 1: ASIN Match,The Lightning Thief,Rick Riordan,B002V0JZOO,Percy Jackson and the Olympians #1
"The Sea of Monsters - Percy Jackson and the Olympians, Book 2 [B002V0Q70E]","Rick Riordan\Percy Jackson and the Olympians #2\The Sea of Monsters - Percy Jackson and the Olympians, Book 2 [B002V0Q70E]",218.61,VERIFIED_CANONICAL,Tier 1: ASIN Match,The Sea of Monsters,Rick Riordan,B002V0Q70E,Percy Jackson and the Olympians #2
"The Battle of the Labyrinth - Percy Jackson and the Olympians, Book 4 [B002V8L8KU]","Rick Riordan\Percy Jackson and the Olympians #4\The Battle of the Labyrinth - Percy Jackson and the Olympians, Book 4 [B002V8L8KU]",550.72,VERIFIED_CANONICAL,Tier 1: ASIN Match,The Battle of the Labyrinth,Rick Riordan,B002V8L8KU,Percy Jackson and the Olympians #4
"The Titan's Curse - Percy Jackson and the Olympians, Book 3 [B002UZZDI2]","Rick Riordan\Percy Jackson and the Olympians #3\The Titan's Curse - Percy Jackson and the Olympians, Book 3 [B002UZZDI2]",242.67,VERIFIED_CANONICAL,Tier 1: ASIN Match,The Titan's Curse,Rick Riordan,B002UZZDI2,Percy Jackson and the Olympians #3
"Wizard's First Rule - Sword of Truth, Book 1 [B002V0QK4C]","Terry Goodkind\Sword of Truth #1\Wizard's First Rule - Sword of Truth, Book 1 [B002V0QK4C]",916.01,VERIFIED_CANONICAL,Tier 1: ASIN Match,Wizard's First Rule,Terry Goodkind,B002V0QK4C,Sword of Truth #1
"Stone of Tears - Sword of Truth, Book 2 [B002V8DH5Y]","Terry Goodkind\Sword of Truth #2\Stone of Tears - Sword of Truth, Book 2 [B002V8DH5Y]",1039.31,VERIFIED_CANONICAL,Tier 1: ASIN Match,Stone of Tears,Terry Goodkind,B002V8DH5Y,Sword of Truth #2
"Chainfire - Chainfire Trilogy, Part 1, Sword of Truth, Book 9 [B002V1BQCM]","Terry Goodkind\Sword of Truth #9, Chainfire Trilogy #1\Chainfire - Chainfire Trilogy, Part 1, Sword of Truth, Book 9 [B002V1BQCM]",728.31,VERIFIED_CANONICAL,Tier 1: ASIN Match,Chainfire,Terry Goodkind,B002V1BQCM,"Sword of Truth #9, Chainfire Trilogy #1"
"Naked Empire - Sword of Truth, Book 8 [B002V8OFAA]","Terry Goodkind\Sword of Truth #8\Naked Empire - Sword of Truth, Book 8 [B002V8OFAA]",628.31,VERIFIED_CANONICAL,Tier 1: ASIN Match,Naked Empire,Terry Goodkind,B002V8OFAA,Sword of Truth #8
"Temple of the Winds - Sword of Truth, Book 4 [B002VA9J2M]","Terry Goodkind\Sword of Truth #4\Temple of the Winds - Sword of Truth, Book 4 [B002VA9J2M]",774.06,VERIFIED_CANONICAL,Tier 1: ASIN Match,Temple of the Winds,Terry Goodkind,B002VA9J2M,Sword of Truth #4
"Blood of the Fold - Sword of Truth, Book 3 [B002V9ZAXK]","Terry Goodkind\Sword of Truth #3\Blood of the Fold - Sword of Truth, Book 3 [B002V9ZAXK]",588.27,VERIFIED_CANONICAL,Tier 1: ASIN Match,Blood of the Fold,Terry Goodkind,B002V9ZAXK,Sword of Truth #3
Debt of Bones - Sword of Truth Series [B004GF3ENK],Terry Goodkind\Sword of Truth #0.5\Debt of Bones - Sword of Truth Series [B004GF3ENK],82.23,VERIFIED_CANONICAL,Tier 1: ASIN Match,Debt of Bones,Terry Goodkind,B004GF3ENK,Sword of Truth #0.5
The Legend of Randidly Ghosthound (Unabridged) - A LitRPG Adventure [B09CRBSDHY],"Noret Flood, Puddles4263\The Legend of Randidly Ghosthound #1\The Legend of Randidly Ghosthound (Unabridged) - A LitRPG Adventure [B09CRBSDHY]",1264.07,VERIFIED_CANONICAL,Tier 1: ASIN Match,The Legend of Randidly Ghosthound,"Noret Flood, Puddles4263",B09CRBSDHY,The Legend of Randidly Ghosthound #1
"Dragons of Summer Flame - Dragonlance Chronicles, Book 4 [B00AWBG4GG]","Margaret Weis, Tracy Hickman\Dragonlance Chronicles #4\Dragons of Summer Flame - Dragonlance Chronicles, Book 4 [B00AWBG4GG]",275.15,VERIFIED_CANONICAL,Tier 1: ASIN Match,Dragons of Summer Flame,"Margaret Weis, Tracy Hickman",B00AWBG4GG,Dragonlance Chronicles #4
"Time of the Twins - Dragonlance Legends, Book 1 [B00ATDUOGS]","Margaret Weis, Tracy Hickman\Legends #1\Time of the Twins - Dragonlance Legends, Book 1 [B00ATDUOGS]",323.78,VERIFIED_CANONICAL,Tier 1: ASIN Match,Time of the Twins,"Margaret Weis, Tracy Hickman",B00ATDUOGS,Legends #1
"Test of the Twins - Dragonlance Legends, Book 3 [B00ATCRZPM]","Margaret Weis, Tracy Hickman\Legends #3\Test of the Twins - Dragonlance Legends, Book 3 [B00ATCRZPM]",341.47,VERIFIED_CANONICAL,Tier 1: ASIN Match,Test of the Twins,"Margaret Weis, Tracy Hickman",B00ATCRZPM,Legends #3
"War of the Twins - Dragonlance Legends, Book 2 [B00ATDUQYS]","Margaret Weis, Tracy Hickman\Legends #2\War of the Twins - Dragonlance Legends, Book 2 [B00ATDUQYS]",305.14,VERIFIED_CANONICAL,Tier 1: ASIN Match,Dragonlance Legends Volume 2 - War of the Twins,"Margaret Weis, Tracy Hickman",B00ATDUQYS,Anthology
Dragon Heart - Book 1 Stone Will [1630153710],"Kirill Klevanski, Valeria Kornosenko - introduction, J. Kharkova - translator, R. Mansurova - translator, E. Kornilova - translator\Dragon Heart Series #1\Dragon Heart - Book 1 Stone Will [1630153710]",1043.24,VERIFIED_CANONICAL,Tier 1: ASIN Match,Dragon Heart,"Kirill Klevanski, Valeria Kornosenko - introduction, J. Kharkova - translator, R. Mansurova - translator, E. Kornilova - translator",1630153710,Dragon Heart Series #1
Savage Dominion [1705231985],"Luke Chmilenko, G.D. Penman\Savage Dominion #1\Savage Dominion [1705231985]",1026.19,VERIFIED_CANONICAL,Tier 1: ASIN Match,Savage Dominion,"Luke Chmilenko, G.D. Penman",1705231985,Savage Dominion #1
The Ultimates Tomorrow Men [1974980952],"Michael Jan Friedman, Marvel\Marvel audio books\The Ultimates Tomorrow Men [1974980952]",564.04,VERIFIED_CANONICAL,Tier 1: ASIN Match,The Ultimates: Tomorrow Men,"Michael Jan Friedman, Marvel",1974980952,Marvel audio books
Bass Reeves - The Indomitable Lawman - Volume 1 [B0CS744STD],Charles Ray\Bass Reeves\Bass Reeves - The Indomitable Lawman - Volume 1 [B0CS744STD],167.28,VERIFIED_CANONICAL,Tier 1: ASIN Match,Bass Reeves,Charles Ray,B0CS744STD,Bass Reeves
Bass Reeves - The Indomitable Lawman - Volume 2 [B0CR8M3NLZ],Charles Ray\Bass Reeves\Bass Reeves - The Indomitable Lawman - Volume 2 [B0CR8M3NLZ],305.56,VERIFIED_CANONICAL,Tier 1: ASIN Match,Bass Reeves,Charles Ray,B0CR8M3NLZ,Bass Reeves
Bass Reeves - The Indomitable Lawman - Volume 3 [B0CQTYN1PL],Charles Ray\Bass Reeves\Bass Reeves - The Indomitable Lawman - Volume 3 [B0CQTYN1PL],410.7,VERIFIED_CANONICAL,Tier 1: ASIN Match,Bass Reeves,Charles Ray,B0CQTYN1PL,Bass Reeves
"Path to the Glory Dragon Heart Series, Book 12 (Unabridged) - Book 12 Path to the Glory [B09NF7HPG7]","Kirill Klevanski\Dragon Heart Series #12\Path to the Glory Dragon Heart Series, Book 12 (Unabridged) - Book 12 Path to the Glory [B09NF7HPG7]",641.89,VERIFIED_CANONICAL,Tier 1: ASIN Match,Dragon Heart,Kirill Klevanski,B09NF7HPG7,Dragon Heart Series #12
"Dragon City - Dragon Heart, Book 15 [B0BLG6X49D]","Kirill Klevanski\Dragon Heart Series #15\Dragon City - Dragon Heart, Book 15 [B0BLG6X49D]",768.9,VERIFIED_CANONICAL,Tier 1: ASIN Match,Dragon City,Kirill Klevanski,B0BLG6X49D,Dragon Heart Series #15
The Dark Continent [1515948048],"Alexey Osadchuk, Andrew Douglas Schmitt - translator\Underdog #3\The Dark Continent [1515948048]",455.01,VERIFIED_CANONICAL,Tier 1: ASIN Match,The Dark Continent,"Alexey Osadchuk, Andrew Douglas Schmitt - translator",1515948048,Underdog #3
"Labyrinth of Fright - Underdog Series, Book 5 [1666102385]","Alexey Osadchuk, Andrew Douglas Schmitt - translator\Underdog #5\Labyrinth of Fright - Underdog Series, Book 5 [1666102385]",508.95,VERIFIED_CANONICAL,Tier 1: ASIN Match,Labyrinth of Fright,"Alexey Osadchuk, Andrew Douglas Schmitt - translator",1666102385,Underdog #5
"Showdown - Underdog, Book 6 [1666102407]","Alexey Osadchuk, Andrew Douglas Schmitt - translator\Underdog #6\Showdown - Underdog, Book 6 [1666102407]",481.14,VERIFIED_CANONICAL,Tier 1: ASIN Match,Showdown,"Alexey Osadchuk, Andrew Douglas Schmitt - translator",1666102407,Underdog #6
"The Otherworld - Underdog Series, Book 4 [170526896X]","Alexey Osadchuk, Andrew Douglas Schmitt - translator\Underdog #4\The Otherworld - Underdog Series, Book 4 [170526896X]",503.85,VERIFIED_CANONICAL,Tier 1: ASIN Match,The Otherworld,Alexey Osadchuk,170526896X,Underdog Series
"Renegade - Underdog Series, Book 8 [B0BDT7HL9X]","Alexey Osadchuk, Andrew Douglas Schmitt - translator\Underdog #8\Renegade - Underdog Series, Book 8 [B0BDT7HL9X]",762.03,VERIFIED_CANONICAL,Tier 1: ASIN Match,Renegade,"Alexey Osadchuk, Andrew Douglas Schmitt - translator",B0BDT7HL9X,Underdog #8
"Dungeons of the Crooked Mountains - Underdog Series, Book 1 [1515948021]","Alexey Osadchuk, Andrew Douglas Schmitt - translator\Underdog #1\Dungeons of the Crooked Mountains - Underdog Series, Book 1 [1515948021]",558.58,VERIFIED_CANONICAL,Tier 1: ASIN Match,Dungeons of the Crooked Mountains,"Alexey Osadchuk, Andrew Douglas Schmitt - translator",1515948021,Underdog #1
"Arbiter - Underdog, Book 7 [B09PSJJSKX]","Alexey Osadchuk, Andrew Douglas Schmitt - translator\Underdog #7\Arbiter - Underdog, Book 7 [B09PSJJSKX]",506.95,VERIFIED_CANONICAL,Tier 1: ASIN Match,Arbiter,"Alexey Osadchuk, Andrew Douglas Schmitt - translator",B09PSJJSKX,Underdog #7
Star Wars Padawan's Pride [B0D9C77HBL],"Bryan Q. Miller, Lucasfilm Press\Star Wars Adventures Audible Originals, Star Wars\Star Wars Padawan's Pride [B0D9C77HBL]",215.6,VERIFIED_CANONICAL,Tier 1: ASIN Match,Star Wars: Padawan's Pride,"Bryan Q. Miller, Lucasfilm Press",B0D9C77HBL,"Star Wars Adventures: Audible Originals, Star Wars"
Iron Man Extremis [1974980898],"Marie Javins, Marvel\Marvel audio books\Iron Man Extremis [1974980898]",761.64,VERIFIED_CANONICAL,Tier 1: ASIN Match,Iron Man: Extremis,"Marie Javins, Marvel",1974980898,Marvel audio books
Neil Gaiman - The Graveyard Book,Standalone\The Graveyard Book\Neil Gaiman - The Graveyard Book,337.94,VERIFIED_CANONICAL,Tier 2: Leaf Folder Match,Neil Gaiman - The Graveyard Book,Standalone,,The Graveyard Book
"The Wastes - Underdog Series, Book 2 [151594803X]","Alexey Osadchuk, Andrew Douglas Schmitt - Translated by\Underdog #2\The Wastes - Underdog Series, Book 2 [151594803X]",485.83,VERIFIED_CANONICAL,Tier 1: ASIN Match,The Wastes,"Alexey Osadchuk, Andrew Douglas Schmitt - Translated by",151594803X,Underdog #2
Iron Man The Gauntlet [B01K5VGKAC],Eoin Colfer\Iron Man #1\Iron Man The Gauntlet [B01K5VGKAC],167.99,VERIFIED_CANONICAL,Tier 1: ASIN Match,Iron Man: The Gauntlet,Eoin Colfer,B01K5VGKAC,Iron Man #1
Sherlock Holmes The Definitive Collection [B06WLMWF2S],"Arthur Conan Doyle, Stephen Fry - introductions\Sherlock Holmes #1\Sherlock Holmes The Definitive Collection [B06WLMWF2S]",3355.53,VERIFIED_CANONICAL,Tier 1: ASIN Match,Sherlock Holmes: The Definitive Collection,"Arthur Conan Doyle, Stephen Fry - introductions",B06WLMWF2S,Sherlock Holmes #1
"Black Sun Rising - Coldfire Trilogy, Book 1 [B00815RHBQ]","C. S. Friedman\Coldfire #1\Black Sun Rising - Coldfire Trilogy, Book 1 [B00815RHBQ]",135.47,VERIFIED_CANONICAL,Tier 1: ASIN Match,Black Sun Rising,C. S. Friedman,B00815RHBQ,Coldfire #1
"Crown of Shadows - Coldfire Trilogy, Book 3 [B007ZEALSK]","C. S. Friedman\Coldfire #3\Crown of Shadows - Coldfire Trilogy, Book 3 [B007ZEALSK]",114.89,VERIFIED_CANONICAL,Tier 1: ASIN Match,Crown of Shadows,C. S. Friedman,B007ZEALSK,Coldfire #3
"When True Night Falls - Coldfire Trilogy, Book 2 [B007ZEB35K]","C. S. Friedman\Coldfire #2\When True Night Falls - Coldfire Trilogy, Book 2 [B007ZEB35K]",148.3,VERIFIED_CANONICAL,Tier 1: ASIN Match,When True Night Falls,C. S. Friedman,B007ZEB35K,Coldfire #2
"Backyard Starship - Backyard Starship, Book 1 [B09HW5NYSY]","J.N. Chaney, Terry Maggert\Backyard Starship #1\Backyard Starship - Backyard Starship, Book 1 [B09HW5NYSY]",721.05,VERIFIED_CANONICAL,Tier 1: ASIN Match,Backyard Starship,"J.N. Chaney, Terry Maggert",B09HW5NYSY,Backyard Starship #1
Nightfall [B0141S7V8A],"Jake Halpern, Peter Kujawinski\Isaac Asimov\Nightfall [B0141S7V8A]",1177.8,VERIFIED_CANONICAL,Tier 1: ASIN Match,Nightfall,"Jake Halpern, Peter Kujawinski",B0141S7V8A,Isaac Asimov_dup_0
Stories of Jedi and Sith [B0F8PKZCZV],"Roseanne A. Brown, Lucasfilm Press, Jennifer Heddle, Michael Kogge, Alex Segura, Sarwat Chadda, Karen Strong, Delilah S. Dawson, Michael Moreci, Vera Strange, Sam Maggs, Tessa Gratton\Star Wars\Stories of Jedi and Sith [B0F8PKZCZV]",331.69,VERIFIED_CANONICAL,Tier 1: ASIN Match,Stories of Jedi and Sith,"Roseanne A. Brown, Lucasfilm Press, Michael Kogge, Alex Segura, Sarwat Chadda, Karen Strong, Delilah S. Dawson, Michael Moreci, Vera Strange, Sam Maggs, Tessa Gratton, Jennifer Heddle - editor",B0F8PKZCZV,Star Wars
Guardians of the Galaxy - Collect Them All [1662041780],"Corinne Duyvis, Marvel\Marvel audio books\Guardians of the Galaxy - Collect Them All [1662041780]",958.72,VERIFIED_CANONICAL,Tier 1: ASIN Match,Guardians of the Galaxy,"Corinne Duyvis, Marvel",1662041780,Marvel audio books
Star Wars The High Republic Seeds of Starlight [B0DDZQ52XP],"Lucasfilm Press, George Mann\Star Wars The High Republic, Star Wars Adventures Audible Originals\Star Wars The High Republic Seeds of Starlight [B0DDZQ52XP]",245.16,VERIFIED_CANONICAL,Tier 1: ASIN Match,Star Wars: The High Republic: Seeds of Starlight,"Lucasfilm Press, George Mann",B0DDZQ52XP,"Star Wars: The High Republic, Star Wars Adventures: Audible Originals"
A Scanner Darkly [B002V5D2KW],Philip K. Dick\Philip K Dick - A Scanner darkly\A Scanner Darkly [B002V5D2KW],252.04,VERIFIED_CANONICAL,Tier 1: ASIN Match,A Scanner Darkly,Philip K. Dick,B002V5D2KW,Philip K Dick - A Scanner darkly
"Defiance of the Fall 6 - Defiance of the Fall, Book 6 [B0B435SYJ6]","TheFirstDefier, JF Brink\Defiance of the Fall #6\Defiance of the Fall 6 - Defiance of the Fall, Book 6 [B0B435SYJ6]",1275.28,VERIFIED_CANONICAL,Tier 1: ASIN Match,Defiance of the Fall 6,"TheFirstDefier, JF Brink",B0B435SYJ6,Defiance of the Fall #6
Defiance of the Fall 14 - A LitRPG Adventure [B0DPN9QKFL],"TheFirstDefier, JF Brink\Defiance of the Fall #14\Defiance of the Fall 14 - A LitRPG Adventure [B0DPN9QKFL]",1149.41,VERIFIED_CANONICAL,Tier 1: ASIN Match,Defiance of the Fall 14,"TheFirstDefier, JF Brink",B0DPN9QKFL,Defiance of the Fall #14
Defiance of the Fall 11 - A LitRPG Adventure [B0CLYMB4B6],"TheFirstDefier, JF Brink\Defiance of the Fall #11\Defiance of the Fall 11 - A LitRPG Adventure [B0CLYMB4B6]",805.07,VERIFIED_CANONICAL,Tier 1: ASIN Match,Defiance of the Fall 11,"TheFirstDefier, JF Brink",B0CLYMB4B6,Defiance of the Fall #11
Defiance of the Fall [B094JZMCJX],"TheFirstDefier, JF Brink\Defiance of the Fall #1\Defiance of the Fall [B094JZMCJX]",226.89,VERIFIED_CANONICAL,Tier 1: ASIN Match,Defiance of the Fall,"TheFirstDefier, JF Brink",B094JZMCJX,Defiance of the Fall #1
"A Storm of Swords - A Song of Ice and Fire, Book 3 [B0036NQ9Z8]","George R. R. Martin\A Song of Ice and Fire #3\A Storm of Swords - A Song of Ice and Fire, Book 3 [B0036NQ9Z8]",1980.11,VERIFIED_CANONICAL,Tier 1: ASIN Match,A Storm of Swords,George R. R. Martin,B0036NQ9Z8,A Song of Ice and Fire #3
"A Dance with Dragons - A Song of Ice and Fire, Book 5 [B0057POQJE]","George R. R. Martin\A Song of Ice and Fire #5\A Dance with Dragons - A Song of Ice and Fire, Book 5 [B0057POQJE]",1341.31,VERIFIED_CANONICAL,Tier 1: ASIN Match,A Dance with Dragons,George R. R. Martin,B0057POQJE,A Song of Ice and Fire #5
"A Feast for Crows - A Song of Ice and Fire, Book 4 [B006LPIVL8]","George R. R. Martin\A Song of Ice and Fire #4\A Feast for Crows - A Song of Ice and Fire, Book 4 [B006LPIVL8]",2326.25,VERIFIED_CANONICAL,Tier 1: ASIN Match,A Feast for Crows,George R. R. Martin,B006LPIVL8,A Song of Ice and Fire #4
"A Game of Thrones - A Song of Ice and Fire, Book 1 [B002UZZ93G]","George R. R. Martin\A Song of Ice and Fire #1\A Game of Thrones - A Song of Ice and Fire, Book 1 [B002UZZ93G]",927.05,VERIFIED_CANONICAL,Tier 1: ASIN Match,A Game of Thrones,George R. R. Martin,B002UZZ93G,A Song of Ice and Fire #1
A Clash of Kings [B002UZKIBO],George R. R. Martin\A Song of Ice and Fire #2\A Clash of Kings [B002UZKIBO],1240.27,VERIFIED_CANONICAL,Tier 1: ASIN Match,A Clash of Kings,George R. R. Martin,B002UZKIBO,A Song of Ice and Fire #2
Alien III An Audible Original Drama - An Audible Original Drama [B07QY3KR81],William Gibson\Alien #0\Alien III An Audible Original Drama - An Audible Original Drama [B07QY3KR81],105.53,VERIFIED_CANONICAL,Tier 1: ASIN Match,Alien III,William Gibson,B07QY3KR81,Alien
A Court of Thorns and Roses [B00WRHY15Y],Sarah J. Maas\A Court of Thorns and Roses #1\A Court of Thorns and Roses [B00WRHY15Y],445.7,VERIFIED_CANONICAL,Tier 1: ASIN Match,A Court of Thorns and Roses,Sarah J. Maas,B00WRHY15Y,A Court of Thorns and Roses #1
"A Court of Thorns and Roses (Part 2 of 2) (Dramatized Adaptation) - A Court of Thorns and Roses, Book 1 [B09X685PP8]","Sarah J. Maas\A Court of Thorns and Roses #1\A Court of Thorns and Roses (Part 2 of 2) (Dramatized Adaptation) - A Court of Thorns and Roses, Book 1 [B09X685PP8]",262.09,VERIFIED_CANONICAL,Tier 1: ASIN Match,A Court of Thorns and Roses (Part 2 of 2) (Dramatized Adaptation),Sarah J. Maas,B09X685PP8,A Court of Thorns and Roses #1
A Court of Thorns and Roses (Unabridged) [B00WRHY15Y],Sarah J. Maas\A Court of Thorns and Roses #1\A Court of Thorns and Roses (Unabridged) [B00WRHY15Y],432.57,VERIFIED_CANONICAL,Tier 1: ASIN Match,A Court of Thorns and Roses,Sarah J. Maas,B00WRHY15Y,A Court of Thorns and Roses #1
All the Skills [B0BLTLDSYM],Sarah J. Maas\A Court of Thorns and Roses #1\A Court of Thorns and Roses (Part 1 of 2) (Dramatized Adaptation) [B09V5PW83R]\All the Skills [B0BLTLDSYM],40.13,VERIFIED_CANONICAL,Tier 1: ASIN Match,All the Skills: A Deck-Building LitRPG,Honour Rae,B0BLTLDSYM,All the Skills #1
A Court of Thorns and Roses (Part 1 of 2) (Dramatized Adaptation) [B09V5PW83R],Sarah J. Maas\A Court of Thorns and Roses #1\A Court of Thorns and Roses (Part 1 of 2) (Dramatized Adaptation) [B09V5PW83R]\A Court of Thorns and Roses (Part 1 of 2) (Dramatized Adaptation) [B09V5PW83R],276.17,VERIFIED_CANONICAL,Tier 1: ASIN Match,A Court of Thorns and Roses (Part 1 of 2) (Dramatized Adaptation),Sarah J. Maas,B09V5PW83R,A Court of Thorns and Roses #1
A Court of Thorns and Roses (Part 2 of 2) (Dramatized Adaptation) [B09X685PP8],Sarah J. Maas\A Court of Thorns and Roses #1\A Court of Thorns and Roses (Part 1 of 2) (Dramatized Adaptation) [B09V5PW83R]\A Court of Thorns and Roses (Part 2 of 2) (Dramatized Adaptation) [B09X685PP8],262.09,VERIFIED_CANONICAL,Tier 1: ASIN Match,A Court of Thorns and Roses (Part 2 of 2) (Dramatized Adaptation),Sarah J. Maas,B09X685PP8,A Court of Thorns and Roses #1
Against All Things Ending [B0052UX9SI],Sarah J. Maas\A Court of Thorns and Roses #1\A Court of Thorns and Roses (Part 1 of 2) (Dramatized Adaptation) [B09V5PW83R]\Against All Things Ending [B0052UX9SI],806.91,VERIFIED_CANONICAL,Tier 1: ASIN Match,Against All Things Ending,Stephen R. Donaldson,B0052UX9SI,"Last Chronicles of Thomas Covenant #3, The Chronicles of Thomas Covenant #9"
Ash - The Legends of the Nameless World [166614066X],"Kirill Klevanski, Valeria Kornosenko - introduction\Dragon Heart Series #0.5\Ash - The Legends of the Nameless World [166614066X]",1240.27,VERIFIED_CANONICAL,Tier 1: ASIN Match,Ash,"Kirill Klevanski, Valeria Kornosenko - introduction",166614066X,Dragon Heart Series #0.5
"Colonel Sun - James Bond, Book 15 [B01726KBY4]","Kingsley Amis\James Bond The Collection #15\Colonel Sun - James Bond, Book 15 [B01726KBY4]",123.66,VERIFIED_CANONICAL,Tier 1: ASIN Match,Colonel Sun,Kingsley Amis,B01726KBY4,James Bond: The Collection #15
Musical Evenings with the Captain,Philharmonia Virtuosi\Patrick O'Brian\Musical Evenings with the Captain,94.54,VERIFIED_CANONICAL,Tier 2: Leaf Folder Match,Musical Evenings with the Captain,Philharmonia Virtuosi,,Patrick O'Brian
Batman Knightfall Disc 2,DC Comics - GraphicAudio Collection\Batman - Knightfall\Batman Knightfall Disc 2,81.75,VERIFIED_CANONICAL,Tier 2: Leaf Folder Match,Batman Knightfall Disc 2,DC Comics - GraphicAudio Collection,,Batman - Knightfall
Batman Knightfall Disc 3,DC Comics - GraphicAudio Collection\Batman - Knightfall\Batman Knightfall Disc 3,101.71,VERIFIED_CANONICAL,Tier 2: Leaf Folder Match,Batman Knightfall Disc 3,DC Comics - GraphicAudio Collection,,Batman - Knightfall
Ant-Man Natural Enemy [1974979245],"Jason Starr, Marvel\Marvel audio books\Ant-Man Natural Enemy [1974979245]",551.21,VERIFIED_CANONICAL,Tier 1: ASIN Match,Ant-Man: Natural Enemy,"Jason Starr, Marvel",1974979245,Marvel audio books
Accessory to War - The Unspoken Alliance Between Astrophysics and the Military [B07DHRQFQ2],"Neil deGrasse Tyson, Avis Lang\Neil Degrasse Tyson\Accessory to War - The Unspoken Alliance Between Astrophysics and the Military [B07DHRQFQ2]",513.19,VERIFIED_CANONICAL,Tier 1: ASIN Match,Accessory to War,"Neil deGrasse Tyson, Avis Lang",B07DHRQFQ2,Neil Degrasse Tyson
Mistress of Dragons - The First Book of the Dragonvarld Trilogy [B002V5BG1O],Margaret Weis\The Dragonvarld Trilogy #1\Mistress of Dragons - The First Book of the Dragonvarld Trilogy [B002V5BG1O],415.92,VERIFIED_CANONICAL,Tier 1: ASIN Match,Mistress of Dragons,Margaret Weis,B002V5BG1O,The Dragonvarld Trilogy #1
The Doom Brigade,Margaret Weis\Other #1\The Doom Brigade,18.2,VERIFIED_CANONICAL,Tier 3: Title Match,The Doom Brigade,Margaret Weis,,Other #1
Master of Dragons - The Triumphant Climax of the Dragonvarld Trilogy [B002UZKTFY],Margaret Weis\The Dragonvarld Trilogy #3\Master of Dragons - The Triumphant Climax of the Dragonvarld Trilogy [B002UZKTFY],382.42,VERIFIED_CANONICAL,Tier 1: ASIN Match,Master of Dragons,Margaret Weis,B002UZKTFY,The Dragonvarld Trilogy #3
The Dragon's Son - The Second Book of the Dragonvarld Trilogy [B002V8OGZY],Margaret Weis\The Dragonvarld Trilogy #2\The Dragon's Son - The Second Book of the Dragonvarld Trilogy [B002V8OGZY],308.02,VERIFIED_CANONICAL,Tier 1: ASIN Match,The Dragon's Son,Margaret Weis,B002V8OGZY,The Dragonvarld Trilogy #2
Margaret Weis - Dragonlance Tales 5 - The Cataclysm,Margaret Weis\5 - Tales\Margaret Weis - Dragonlance Tales 5 - The Cataclysm,159.66,VERIFIED_CANONICAL,Tier 2: Leaf Folder Match,Margaret Weis - Dragonlance Tales 5 - The Cataclysm,Margaret Weis,,5 - Tales
Astonishing X-Men Gifted [1974979458],"Peter David, Marvel\Marvel audio books\Astonishing X-Men Gifted [1974979458]",583.97,VERIFIED_CANONICAL,Tier 1: ASIN Match,Astonishing X-Men: Gifted,"Peter David, Marvel",1974979458,Marvel audio books
"Cause for War - Reality Benders, Book 7 [B09CB5LPTT]","Michael Atamanov, Andrew Schmitt - translator\Reality Benders #7\Cause for War - Reality Benders, Book 7 [B09CB5LPTT]",602.9,VERIFIED_CANONICAL,Tier 1: ASIN Match,Cause for War,"Michael Atamanov, Andrew Schmitt - translator",B09CB5LPTT,Reality Benders #7
Reality Benders Series Boxed Set - Books 1-4 [B09GDHV74D],"Michael Atamanov, Andrew Schmitt - translator\Reality Benders #1\Reality Benders Series Boxed Set - Books 1-4 [B09GDHV74D]",1425.21,VERIFIED_CANONICAL,Tier 1: ASIN Match,Reality Benders Series Boxed Set,"Michael Atamanov, Andrew Schmitt - translator",B09GDHV74D,Reality Benders #1
"A Jump into the Unknown - Reality Benders Series, Book 5 [1541439090]","Michael Atamanov, Andrew Schmitt - translator\Reality Benders #5\A Jump into the Unknown - Reality Benders Series, Book 5 [1541439090]",618.02,VERIFIED_CANONICAL,Tier 1: ASIN Match,A Jump into the Unknown,"Michael Atamanov, Andrew Schmitt - translator",1541439090,Reality Benders #5
"Devourer - Reality Benders, Book 8 [B09VYH39YY]","Michael Atamanov, Andrew Schmitt - translator\Reality Benders #8\Devourer - Reality Benders, Book 8 [B09VYH39YY]",574.0,VERIFIED_CANONICAL,Tier 1: ASIN Match,Devourer,"Michael Atamanov, Andrew Schmitt - translator",B09VYH39YY,Reality Benders #8
"Aces High - Reality Benders, Book 6 [1705256929]","Michael Atamanov, Andrew Schmitt - translator\Reality Benders #6\Aces High - Reality Benders, Book 6 [1705256929]",574.53,VERIFIED_CANONICAL,Tier 1: ASIN Match,Aces High,"Michael Atamanov, Andrew Schmitt - translator",1705256929,Reality Benders #6
H.M.S. Surprise [B0B3D1FB91],"Patrick O'brian, Thomas Harder\3 HMS Surprise\H.M.S. Surprise [B0B3D1FB91]",435.39,VERIFIED_CANONICAL,Tier 1: ASIN Match,H.M.S. Surprise,"Patrick O'brian, Thomas Harder",B0B3D1FB91,3 HMS Surprise
Torchwood [B002V0KQMO],Anita Sullivan\Torchwood\Torchwood [B002V0KQMO],98.69,VERIFIED_CANONICAL,Tier 1: ASIN Match,Torchwood,Anita Sullivan,B002V0KQMO,Torchwood
V for Vendetta [B002UZLGM4],Alan Moore\V For Vendetta - Rare Audiobook\V for Vendetta [B002UZLGM4],226.27,VERIFIED_CANONICAL,Tier 1: ASIN Match,V for Vendetta,Alan Moore,B002UZLGM4,V For Vendetta - Rare Audiobook
Torchwood - The Sin Eaters,Read by Gareth David-Lloyd\Torchwood\Torchwood - The Sin Eaters,300.33,VERIFIED_CANONICAL,Tier 3: Title Match,Torchwood - The Sin Eaters,Read by Gareth David-Lloyd,,Torchwood
"Golden Flames - Dragonblood Assassin, Book 4 [B0D26J3VR5]","Jaime Castle, Andy Peloquin\Dragonblood Assassin #4\Golden Flames - Dragonblood Assassin, Book 4 [B0D26J3VR5]",1293.94,VERIFIED_CANONICAL,Tier 1: ASIN Match,Golden Flames,"Jaime Castle, Andy Peloquin",B0D26J3VR5,Dragonblood Assassin #4
Red Claw [B0C5BFG6PJ],"Jaime Castle, Andy Peloquin\Dragonblood Assassin #2\Red Claw [B0C5BFG6PJ]",1191.38,VERIFIED_CANONICAL,Tier 1: ASIN Match,Red Claw,"Jaime Castle, Andy Peloquin",B0C5BFG6PJ,Dragonblood Assassin #2
"Silver Spines - Dragonblood Assassin, Book 3 [B0CBCWKPL1]","Jaime Castle, Andy Peloquin\Dragonblood Assassin #3\Silver Spines - Dragonblood Assassin, Book 3 [B0CBCWKPL1]",999.6,VERIFIED_CANONICAL,Tier 1: ASIN Match,Silver Spines,"Jaime Castle, Andy Peloquin",B0CBCWKPL1,Dragonblood Assassin #3
"Black Talon - Dragonblood Assassin, Book 1 [B0B5B6XDMS]","Jaime Castle, Andy Peloquin\Dragonblood Assassin #1\Black Talon - Dragonblood Assassin, Book 1 [B0B5B6XDMS]",1042.73,VERIFIED_CANONICAL,Tier 1: ASIN Match,Black Talon,"Jaime Castle, Andy Peloquin",B0B5B6XDMS,Dragonblood Assassin #1
Judge Fear's Big Day Out and Other Stories [1786183455],"Michael Carroll, various\DC Comics - GraphicAudio Collection\Judge Fear's Big Day Out and Other Stories [1786183455]",591.09,VERIFIED_CANONICAL,Tier 1: ASIN Match,Judge Fear's Big Day Out and Other Stories,"Michael Carroll, Various",1786183455,DC Comics - GraphicAudio Collection
Make Love the Bruce Campbell Way [B09S6X74W2],Bruce Campbell\From_Drive_I\Make Love the Bruce Campbell Way [B09S6X74W2],112.12,VERIFIED_CANONICAL,Tier 1: ASIN Match,Make Love the Bruce Campbell Way,Bruce Campbell,B09S6X74W2,From_Drive_I
Tales Of The Jedi - Book 1,Tom Veitch\Star Wars\Tales Of The Jedi - Book 1,146.36,VERIFIED_CANONICAL,Tier 3: Title Match,Tales Of The Jedi - Book 1,Tom Veitch,,star warz bukz
Tales Of The Jedi - Book 2,Tom Veitch\Star Wars\Tales Of The Jedi - Book 2,61.51,VERIFIED_CANONICAL,Tier 3: Title Match,Tales Of The Jedi - Book 2,Tom Veitch,,Star Wars
Dark Empire I,Tom Veitch\Star Wars\Dark Empire I,140.04,VERIFIED_CANONICAL,Tier 3: Title Match,Dark Empire I,Tom Veitch,,Star Wars
Have Spacesuite Will Travel,Robert Heinlein\Robert Heinlein Audiobook collection @ fenopy.com (2)\Have Spacesuite Will Travel,276.7,VERIFIED_CANONICAL,Tier 2: Leaf Folder Match,Have Spacesuite Will Travel,Robert Heinlein,,Robert Heinlein Audiobook collection @ fenopy.com (2)
Doom Of The Darksword,Margaret Weis and Tracy Hickman\Darksword Cycle #02\Doom Of The Darksword,197.72,VERIFIED_CANONICAL,Tier 3: Title Match,Doom Of The Darksword,Margaret Weis and Tracy Hickman,,Darksword Cycle #02
Thanos Death Sentence [1662029616],"Stuart Moore, Marvel\Marvel audio books\Thanos Death Sentence [1662029616]",465.42,VERIFIED_CANONICAL,Tier 1: ASIN Match,Thanos: Death Sentence,"Stuart Moore, Marvel",1662029616,Marvel audio books
"Ahren - 13th Paladin Series, Book 1 [1705200281]","Torsten Weitze\The 13th Paladin #1\Ahren - 13th Paladin Series, Book 1 [1705200281]",738.29,VERIFIED_CANONICAL,Tier 1: ASIN Match,Ahren,Torsten Weitze,1705200281,The 13th Paladin #1
"Ahren 13th Paladin Series, Book 1 (Unabridged) - 13th Paladin Series, Book 1 [1705200281]","Torsten Weitze\The 13th Paladin #1\Ahren 13th Paladin Series, Book 1 (Unabridged) - 13th Paladin Series, Book 1 [1705200281]",1365.07,VERIFIED_CANONICAL,Tier 1: ASIN Match,Ahren,Torsten Weitze,1705200281,The 13th Paladin #1
"Father of the Mountain - 13th Paladin, Book 8 [B0BB4RFC1Z]","Torsten Weitze\The 13th Paladin #8\Father of the Mountain - 13th Paladin, Book 8 [B0BB4RFC1Z]",1157.57,VERIFIED_CANONICAL,Tier 1: ASIN Match,Father of the Mountain,Torsten Weitze,B0BB4RFC1Z,The 13th Paladin #8
23.6 Cleaning the Gold,"Lee Child, Karin Slaughter\Jack Reacher\23.6 Cleaning the Gold",123.65,VERIFIED_CANONICAL,Tier 2: Leaf Folder Match,23.6 Cleaning the Gold,"Lee Child, Karin Slaughter",,Jack Reacher
Stories of Jedi and Sith [B0B4BKLFQW],"Roseanne A. Brown, Sarwat Chadda, Alex Segura, Delilah S. Dawson, Karen Strong, Michael Kogge, Michael Moreci, Sam Maggs, Tessa Gratton, Vera Strange\[Standalone Books]\Stories of Jedi and Sith [B0B4BKLFQW]",272.91,VERIFIED_CANONICAL,Tier 1: ASIN Match,Stories of Jedi and Sith,"Roseanne A. Brown, Sarwat Chadda, Alex Segura, Delilah S. Dawson, Karen Strong, Michael Kogge, Michael Moreci, Sam Maggs, Tessa Gratton, Vera Strange",B0B4BKLFQW,
"The Wandering Inn (Unabridged) - The Wandering Inn, Book 1 [1774240327]","Pirateaba\The Wandering Inn #1\The Wandering Inn (Unabridged) - The Wandering Inn, Book 1 [1774240327]",1314.75,VERIFIED_CANONICAL,Tier 1: ASIN Match,The Wandering Inn,Pirateaba,1774240327,The Wandering Inn #1
"Betrayal - Derek Lloyd- Senior Medical Officer, Book 2 [B0DL86YWJQ]","James Boyd\Derek Lloyd- Senior Medical Officer #2\Betrayal - Derek Lloyd- Senior Medical Officer, Book 2 [B0DL86YWJQ]",335.53,VERIFIED_CANONICAL,Tier 1: ASIN Match,Betrayal,James Boyd,B0DL86YWJQ,Derek Lloyd- Senior Medical Officer #2
Book 25 The Truth,Terry Prachett\Collection #25\Book 25 The Truth,317.75,VERIFIED_CANONICAL,Tier 2: Leaf Folder Match,Book 25 The Truth,Terry Prachett,,Collection #25
Conscript [B0DB68K7DN],Scott Bartlett\Conscript #1\Conscript [B0DB68K7DN],834.48,VERIFIED_CANONICAL,Tier 1: ASIN Match,Conscript,Scott Bartlett,B0DB68K7DN,Conscript #1
The Last Days Of Krypton,Kevin J Anderson\Last Days of Krypton\The Last Days Of Krypton,862.29,VERIFIED_CANONICAL,Tier 3: Title Match,The Last Days Of Krypton,Kevin J Anderson,,SUPERMAN - The Last Days Of Krypton - AUDIOBOOK [Tantor Media] Unabridged (2007)
Miles Morales - Spider-Man [B073XS1DLN],Jason Reynolds\Spider-Man\Miles Morales - Spider-Man [B073XS1DLN],189.75,VERIFIED_CANONICAL,Tier 1: ASIN Match,Miles Morales,Jason Reynolds,B073XS1DLN,Spider-Man
Variable Star [B002V0PVQ0],"Robert A. Heinlein, Spider Robinson\Robert Heinlein Audiobook collection @ fenopy.com (2)\Variable Star [B002V0PVQ0]",305.71,VERIFIED_CANONICAL,Tier 1: ASIN Match,Variable Star,"Robert A. Heinlein, Spider Robinson",B002V0PVQ0,Robert Heinlein Audiobook collection @ fenopy.com (2)
"Pawn - Chronicle of the Sibylâ€™s War, Book 1 [B077JCF3L3]","Timothy Zahn\Chronicle of the Sibyl's War #1\Pawn - Chronicle of the Sibylâ€™s War, Book 1 [B077JCF3L3]",363.98,VERIFIED_CANONICAL,Tier 1: ASIN Match,Pawn,Timothy Zahn,B077JCF3L3,Chronicle of the Sibyl's War #1
Tales From The Mos Eisley Cantina,Kathy Tyers\Expanded Universe\Tales From The Mos Eisley Cantina,218.0,VERIFIED_CANONICAL,Tier 3: Title Match,Tales From The Mos Eisley Cantina,Kathy Tyers,,Star Wars
The Storyteller Expanded (Unabridged) - ...Because There's More to the Story [B0C15MDNX6],Dave Grohl\Books\The Storyteller Expanded (Unabridged) - ...Because There's More to the Story [B0C15MDNX6],543.19,VERIFIED_CANONICAL,Tier 1: ASIN Match,The Storyteller: Expanded,Dave Grohl,B0C15MDNX6,Dave Grohl
A Night in the Lonesome October (Unabridged) [B09WJP61YZ],Roger Zelazny\Books\A Night in the Lonesome October (Unabridged) [B09WJP61YZ],304.25,VERIFIED_CANONICAL,Tier 1: ASIN Match,A Night in the Lonesome October,Roger Zelazny,B09WJP61YZ,Roger Zelazny
A Night in the Lonesome October [B09WJP61YZ],Roger Zelazny\Roger Zelazny\A Night in the Lonesome October [B09WJP61YZ],360.92,VERIFIED_CANONICAL,Tier 1: ASIN Match,A Night in the Lonesome October,Roger Zelazny,B09WJP61YZ,Roger Zelazny
The Worst Warlock [B08PDMWRKG],"A.A. Livingston, Dan Livingston\Books\The Worst Warlock [B08PDMWRKG]",421.05,VERIFIED_CANONICAL,Tier 1: ASIN Match,The Worst Warlock,"A.A. Livingston, Dan Livingston",B08PDMWRKG,A.A. Livingston; Dan Livingston
Dragons of the Dwarven Depths,"Margret Weis, Tracy Hickman\Other #1\Dragons of the Dwarven Depths",659.63,VERIFIED_CANONICAL,Tier 3: Title Match,Dragons of the Dwarven Depths,"Margret Weis, Tracy Hickman",,Other #1
"Moonlight Equilibrium - Preternatural Chronicles, Book 3.5 [B08KTW3FLN]","Hunter Blain\The Preternatural Chronicles #3.5\Moonlight Equilibrium - Preternatural Chronicles, Book 3.5 [B08KTW3FLN]",152.05,VERIFIED_CANONICAL,Tier 1: ASIN Match,Moonlight Equilibrium,Hunter Blain,B08KTW3FLN,The Preternatural Chronicles #3.5
Marvel - New Avengers - Breakout,Alisa Kwitne\Audio Books\Marvel - New Avengers - Breakout,500.3,VERIFIED_CANONICAL,Tier 2: Leaf Folder Match,Marvel - New Avengers - Breakout,Alisa Kwitne,,Audio Books
"Bad News for Outlaws - The Remarkable Life of Bass Reeves, Deputy U. S. Marshal [B006GF7182]","Vaunda Nelson\Bad News for Outlaws\Bad News for Outlaws - The Remarkable Life of Bass Reeves, Deputy U. S. Marshal [B006GF7182]",12.3,VERIFIED_CANONICAL,Tier 1: ASIN Match,Bad News for Outlaws,Vaunda Nelson,B006GF7182,Bad News for Outlaws
Bullet Train - A Novel [B09464NSP7],"Kotaro Isaka, Sam Malissa - translator\Assassins #2\Bullet Train - A Novel [B09464NSP7]",754.72,VERIFIED_CANONICAL,Tier 1: ASIN Match,Bullet Train,"Kotaro Isaka, Sam Malissa - translator",B09464NSP7,Assassins #2
Legacy of The Force - Book 2,Marc Thompson\star warz bukz\Legacy of The Force - Book 2,348.57,VERIFIED_CANONICAL,Tier 3: Title Match,Legacy of The Force - Book 2,Marc Thompson,,star warz bukz
Death's Excellent Vacation - All New Tales of Paranormal R & R [1705287301],"Various, Charlaine Harris - editor, Toni L. P. Kelner - editor\Sookie Stackhouse\Death's Excellent Vacation - All New Tales of Paranormal R & R [1705287301]",708.68,VERIFIED_CANONICAL,Tier 1: ASIN Match,Death's Excellent Vacation,"Various, Charlaine Harris - editor, Toni L. P. Kelner - editor",1705287301,Sookie Stackhouse
Lonesome Dove - A Novel [B0FL8719VQ],"Larry McMurtry, Taylor Sheridan - introduction\Lonesome Dove Saga #3\Lonesome Dove - A Novel [B0FL8719VQ]",241.75,VERIFIED_CANONICAL,Tier 1: ASIN Match,Lonesome Dove,"Larry McMurtry, Taylor Sheridan - introduction",B0FL8719VQ,Lonesome Dove Saga #3
The New Jedi Order - Book 15,"Shane Dix, Sean Williams\Star Wars\The New Jedi Order - Book 15",96.75,VERIFIED_CANONICAL,Tier 3: Title Match,The New Jedi Order - Book 15,"Shane Dix, Sean Williams",,Star Wars
The Ultimates Against All Enemies [1974978745],"Alex Irvine, Marvel\Audio Books\The Ultimates Against All Enemies [1974978745]",605.9,VERIFIED_CANONICAL,Tier 1: ASIN Match,The Ultimates: Against All Enemies,"Alex Irvine, Marvel",1974978745,Marvel audio books
"Galaxy Outlaws The Complete Black Ocean Mobius Missions, 1-16.5 [B079YYJK47]","J. S. Morin\Black Ocean Galaxy Outlaws #1\Galaxy Outlaws The Complete Black Ocean Mobius Missions, 1-16.5 [B079YYJK47]",2277.42,VERIFIED_CANONICAL,Tier 1: ASIN Match,"Galaxy Outlaws: The Complete Black Ocean Mobius Missions, 1-16.5",J. S. Morin,B079YYJK47,Black Ocean: Galaxy Outlaws #1
Alien River of Pain An Audible Original Drama - An Audible Original Drama [B06XP18SFZ],"Christopher Golden, Dirk Maggs\Alien The Audible Original Dramas #2\Alien River of Pain An Audible Original Drama - An Audible Original Drama [B06XP18SFZ]",132.04,VERIFIED_CANONICAL,Tier 1: ASIN Match,Alien: River of Pain,"Christopher Golden, Dirk Maggs",B06XP18SFZ,"Alien #4, Alien: The Audible Original Dramas #2"
Torchwood - Slow Decay,Who Universe\Torchwood\Torchwood - Slow Decay,94.29,VERIFIED_CANONICAL,Tier 3: Title Match,Torchwood - Slow Decay,Who Universe,,Torchwood
The erotic adventures of Supergirl,Bbc\The Erotic Adventures of Supergirl - Audiobook\The erotic adventures of Supergirl,122.53,VERIFIED_CANONICAL,Tier 3: Title Match,The erotic adventures of Supergirl,Bbc,,The Erotic Adventures of Supergirl - Audiobook
"The Sandman Act II - The Sandman, Book 2 [B098TWVZVD]","Neil Gaiman, Dirk Maggs\The Sandman #2\The Sandman Act II - The Sandman, Book 2 [B098TWVZVD]",758.7,VERIFIED_CANONICAL,Tier 1: ASIN Match,The Sandman: Act II,"Neil Gaiman, Dirk Maggs",B098TWVZVD,The Sandman #2
The Hobbit [B0099RKI5W],J. R. R. Tolkien\The Lord of the Rings #0.5\The Hobbit [B0099RKI5W],915.51,VERIFIED_CANONICAL,Tier 1: ASIN Match,The Hobbit,J. R. R. Tolkien,B0099RKI5W,The Lord of the Rings #0.5
Fight Club Audiobook,Fight Club Audiobook\Fight Club Audiobook\Fight Club Audiobook,95.76,VERIFIED_CANONICAL,Tier 2: Leaf Folder Match,Fight Club Audiobook,Fight Club Audiobook,,Fight Club Audiobook
[01] The Farseer_bee58447,_Uncataloged\[01] The Farseer_bee58447,476.93,PROMOTABLE_TO_CANONICAL,Tier 4: Prefix Match,The Farseer: Assassin's Apprentice,Robin Hobb,B003AO3P5A,"Realms of the Elderlings #1, Farseer Trilogy #1"
Siege Tactics [1977378889],_Uncataloged\Siege Tactics [1977378889],796.38,PROMOTABLE_TO_CANONICAL,Tier 1: ASIN Match,Siege Tactics,Drew Hayes,1977378889,"Spells, Swords, & Stealth #4"
[01] Beware of Chicken_4be78950,_Uncataloged\[01] Beware of Chicken_4be78950,42.59,PROMOTABLE_TO_CANONICAL,Tier 2: Leaf Folder Match,Beware of Chicken: A Xianxia Cultivation Novel,Casualfarmer,B09Y2D2D5T,Beware of Chicken #1
[03] Beware of Chicken 3_be391981,_Uncataloged\[03] Beware of Chicken 3_be391981,112.99,PROMOTABLE_TO_CANONICAL,Tier 2: Leaf Folder Match,Beware of Chicken 3: A Xianxia Cultivation Novel,Casualfarmer,B0C8ZN7RYP,Beware of Chicken #3
[09] Dead and Gone_26d124ea,_Uncataloged\[09] Dead and Gone_26d124ea,28.18,PROMOTABLE_TO_CANONICAL,Tier 4: Prefix Match,Dead and Gone: Sookie Stackhouse Southern Vampire Mystery #9,Charlaine Harris,B002VA3R5C,Sookie Stackhouse #9
[01-] Disgardium Series_2fcda11f,_Uncataloged\[01-] Disgardium Series_2fcda11f,42.41,PROMOTABLE_TO_CANONICAL,Tier 2: Leaf Folder Match,"Disgardium Series # , Disgardium Series Boxed Set","Dan Sugralinov, Andrew Schmitt - translated by, Alix Merlin Williamson - translated by",B09GHBG5XP,Disgardium #1
Star Wars_86ac5c0b,_Uncataloged\Star Wars_86ac5c0b,15.38,PROMOTABLE_TO_CANONICAL,Tier 2: Leaf Folder Match,Star Wars Storybook Collection,Disney Lucasfilm Press,B0FK1CKLQR,Star Wars
[01-] Steamborn_c10ba4c2,_Uncataloged\[01-] Steamborn_c10ba4c2,0.66,PROMOTABLE_TO_CANONICAL,Tier 2: Leaf Folder Match,Steamborn: The Complete Trilogy Box Set,Eric Asher,B0764H1QWG,Steamborn Series #1
[02] Moriarty_7fbac5b5,_Uncataloged\[02] Moriarty_7fbac5b5,85.34,PROMOTABLE_TO_CANONICAL,Tier 2: Leaf Folder Match,Moriarty: The Silent Order,Charles Kindinger,B0CGKH3F5R,Moriarty #2
[01] Viridian Gate Online_c18e70f4,_Uncataloged\[01] Viridian Gate Online_c18e70f4,27.67,PROMOTABLE_TO_CANONICAL,Tier 2: Leaf Folder Match,Viridian Gate Online,"James Hunter, D.J. Bodden",1630155942,Illusionist #1
[02] Viridian Gate Online_8b8208ba,_Uncataloged\[02] Viridian Gate Online_8b8208ba,56.97,PROMOTABLE_TO_CANONICAL,Tier 2: Leaf Folder Match,Viridian Gate Online,"James Hunter, D.J. Bodden",1630155942,Illusionist #1
[03] Viridian Gate Online_8ab56456,_Uncataloged\[03] Viridian Gate Online_8ab56456,57.37,PROMOTABLE_TO_CANONICAL,Tier 2: Leaf Folder Match,Viridian Gate Online,"James Hunter, D.J. Bodden",1630155942,Illusionist #1
[04] Super Powereds_23c4de8f,_Uncataloged\[04] Super Powereds_23c4de8f,29.37,PROMOTABLE_TO_CANONICAL,Tier 2: Leaf Folder Match,Super Powereds: Year One (1 of 3) (Dramatized Adaptation),Drew Hayes,1648816606,Super Powereds #1
[03] The Grand Tournament_0d3d358f,_Uncataloged\[03] The Grand Tournament_0d3d358f,29.49,PROMOTABLE_TO_CANONICAL,Tier 2: Leaf Folder Match,The Grand Tournament: A LitRPG Adventure,Ivan Kal,1977319009,Tower of Power #3
[01] A Thousand Li_0e123e9b,_Uncataloged\[01] A Thousand Li_0e123e9b,86.53,PROMOTABLE_TO_CANONICAL,Tier 2: Leaf Folder Match,A Thousand Li: The First Step,Tao Wong,B0D7N19JGL,A Thousand Li #1
[03] A Thousand Li_2c7c4264,_Uncataloged\[03] A Thousand Li_2c7c4264,29.53,PROMOTABLE_TO_CANONICAL,Tier 2: Leaf Folder Match,A Thousand Li: The First Step,Tao Wong,B0D7N19JGL,A Thousand Li #1
[02] A Thousand Li_f2cbb550,_Uncataloged\[02] A Thousand Li_f2cbb550,27.89,PROMOTABLE_TO_CANONICAL,Tier 2: Leaf Folder Match,A Thousand Li: The First Step,Tao Wong,B0D7N19JGL,A Thousand Li #1
[01] Ahren_815de7a5,_Uncataloged\[01] Ahren_815de7a5,27.99,PROMOTABLE_TO_CANONICAL,Tier 2: Leaf Folder Match,Ahren,Torsten Weitze,1705200281,The 13th Paladin #1
[01] Awaken Online_73dbf978,_Uncataloged\[01] Awaken Online_73dbf978,139.3,PROMOTABLE_TO_CANONICAL,Tier 2: Leaf Folder Match,Awaken Online: Catharsis,Travis Bagwell,B01L7UC1SU,Awaken Online #1
[02] Awaken Online_8f5c314c,_Uncataloged\[02] Awaken Online_8f5c314c,85.67,PROMOTABLE_TO_CANONICAL,Tier 2: Leaf Folder Match,Awaken Online: Catharsis,Travis Bagwell,B01L7UC1SU,Awaken Online #1
[03] Awaken Online_baaf5061,_Uncataloged\[03] Awaken Online_baaf5061,196.72,PROMOTABLE_TO_CANONICAL,Tier 2: Leaf Folder Match,Awaken Online: Catharsis,Travis Bagwell,B01L7UC1SU,Awaken Online #1
[01] We Are Legion_a9e2f170,_Uncataloged\[01] We Are Legion_a9e2f170,27.36,PROMOTABLE_TO_CANONICAL,Tier 2: Leaf Folder Match,We Are Legion (We Are Bob),Dennis E. Taylor,B01L082HJ2,Bobiverse #1
[11] He Who Fights with Monsters 11_788a194a,_Uncataloged\[11] He Who Fights with Monsters 11_788a194a,0.25,PROMOTABLE_TO_CANONICAL,Tier 2: Leaf Folder Match,He Who Fights with Monsters 11: A LitRPG Adventure,"Shirtaloon, Travis Deverell",B0D1DPR1X3,He Who Fights with Monsters #11
[01] The Farseer_3129e422,_Uncataloged\[01] The Farseer_3129e422,27.12,PROMOTABLE_TO_CANONICAL,Tier 4: Prefix Match,The Farseer: Assassin's Apprentice,Robin Hobb,B003AO3P5A,"Realms of the Elderlings #1, Farseer Trilogy #1"
12 The Spine Of The World_f009ab49,_Uncataloged\12 The Spine Of The World_f009ab49,27.44,PROMOTABLE_TO_CANONICAL,Tier 2: Leaf Folder Match,"The Spine of the World: Legend of Drizzt: Paths of Darkness, Book 2",R. A. Salvatore,B00HFW9SUE,Legend of Drizzt #12
Black Panther [The Young Prince]_461c139c,_Uncataloged\Black Panther [The Young Prince]_461c139c,27.37,PROMOTABLE_TO_CANONICAL,Tier 2: Leaf Folder Match,Marvel’s Black Panther: Sins of the King,"Tananarive Due, Geoffrey Thorne, Mohale Mashigo, Ira Madison, Steven Barnes",B0DJMPNS1T,Marvel audio books
Origins - Neil deGrasse Tyson - Audiobook - Unabridged mp3_c13d777d,_Uncataloged\Origins - Neil deGrasse Tyson - Audiobook - Unabridged mp3_c13d777d,27.11,PROMOTABLE_TO_CANONICAL,Tier 2: Leaf Folder Match,"Origins, Revised and Updated","Neil deGrasse Tyson, Donald Goldsmith",B0B2KRTN5Z,Neil Degrasse Tyson
J.R.R. Tolkien - The Lord of the Rings (all Books Fellowship - Two Towers - Return Of The King) Unabridged Audiobook_dd77a10b,_Uncataloged\J.R.R. Tolkien - The Lord of the Rings (all Books Fellowship - Two Towers - Return Of The King) Unabridged Audiobook_dd77a10b,34.38,PROMOTABLE_TO_CANONICAL,Tier 2: Leaf Folder Match,LotR Part I: The Fellowship of the Ring,J.R.R. Tolkien,,From_Drive_I
02 - Ian Fleming - Live and Let Die_946a98e4,_Uncataloged\02 - Ian Fleming - Live and Let Die_946a98e4,176.0,PROMOTABLE_TO_CANONICAL,Tier 2: Leaf Folder Match,Live and Let Die (Hindi),Ian Fleming,B0BTTCP72K,James Bond (Original Series) [Hindi] #2
05 - Ian Fleming - From Russia with Love_unabridged_75554387,_Uncataloged\05 - Ian Fleming - From Russia with Love_unabridged_75554387,136.77,PROMOTABLE_TO_CANONICAL,Tier 2: Leaf Folder Match,Desde Rusia con amor [From Russia with Love],Ian Fleming,B0B2F3941B,James Bond [Spanish Edition] #5
08 - Ian Fleming - For Your Eyes Only_unabridged_1f6249f0,_Uncataloged\08 - Ian Fleming - For Your Eyes Only_unabridged_1f6249f0,97.81,PROMOTABLE_TO_CANONICAL,Tier 2: Leaf Folder Match,Sólo para tus ojos [For Your Eyes Only],Ian Fleming,B0B7XW13YW,James Bond [Spanish Edition] #8
Prey,_Uncataloged\Prey,96.29,PROMOTABLE_TO_CANONICAL,Tier 2: Leaf Folder Match,Prey,Michael Crichton,B002UUQVFG,Prey - Michael Crichton [audiobooks-download.blogspot.com]
Scary Stories To Tell In The Dark_0cd854e9,_Uncataloged\Scary Stories To Tell In The Dark_0cd854e9,2.7,PROMOTABLE_TO_CANONICAL,Tier 2: Leaf Folder Match,The 30 Best Scary Stories to Tell in the Dark,Tom Black,B0D6KPTMSX,Scary Stories To Tell In The Dark - Audio Books
Stephen King - Complete Bachman Books - 7 Audiobooks In Proper Order [JabbaJr]_46912af2,_Uncataloged\Stephen King - Complete Bachman Books - 7 Audiobooks In Proper Order [JabbaJr]_46912af2,2.7,PROMOTABLE_TO_CANONICAL,Tier 2: Leaf Folder Match,A Longa Marcha [The Long Walk],"Stephen King, Richard Bachman, Regiane Winarski - translator",B0D6CR7V2B,From_Drive_I
Stephen_King_-_Signal-2006-DAISY-AUDIOBOOK-SE-2007-LzY_e7e0814b,_Uncataloged\Stephen_King_-_Signal-2006-DAISY-AUDIOBOOK-SE-2007-LzY_e7e0814b,5.39,PROMOTABLE_TO_CANONICAL,Tier 2: Leaf Folder Match,The Signal: A Conspiratorium Novel,Linda Sanchez,B0GGV35VGH,The Redacted Series #2
Stephen_King-Lida-AUDIOBOOK-SE-2005-CTA_089268d9,_Uncataloged\Stephen_King-Lida-AUDIOBOOK-SE-2005-CTA_089268d9,2.7,PROMOTABLE_TO_CANONICAL,Tier 2: Leaf Folder Match,Falling Star,A. G. Mogan,B0FXF5D82J,From_Drive_I
The Stand by Stephen King_6d9dce8a,_Uncataloged\The Stand by Stephen King_6d9dce8a,8.09,PROMOTABLE_TO_CANONICAL,Tier 2: Leaf Folder Match,The End of the World As We Know It,"Stephen King - introduction, Christopher Golden - editor, Brian Keene - editor",B0DPJJM5NJ,The Stand - Stephen King (Audio Book)
Asimov - R. Daneel Olivaw - Book 01 - Caves Of Steel_7b3167af,_Uncataloged\Asimov - R. Daneel Olivaw - Book 01 - Caves Of Steel_7b3167af,2.7,PROMOTABLE_TO_CANONICAL,Tier 2: Leaf Folder Match,The Caves of Steel Disc 1,Isaac Asimov,,Isaac Asimov_dup_4263 #1
Asimov - Foundation - Book 03 - Second Foundation (new version - Scott Brick),_Uncataloged\Asimov - Foundation - Book 03 - Second Foundation (new version - Scott Brick),2.7,PROMOTABLE_TO_CANONICAL,Tier 2: Leaf Folder Match,Isaac Asimov-(f05) The Second Foundation-cd8 Of 801,Track,,Isaac Asimov #3
01 - The Other End of Time_8a5fb7f5,_Uncataloged\01 - The Other End of Time_8a5fb7f5,2.7,PROMOTABLE_TO_CANONICAL,Tier 2: Leaf Folder Match,Apocalypse Rising,Timothy Dailey Ph.D.,B01JJT10B0,Frederik Pohl - Eschaton 1 - 3 #1
Tertiary Phase_35d006f6,_Uncataloged\Tertiary Phase_35d006f6,5.39,PROMOTABLE_TO_CANONICAL,Tier 2: Leaf Folder Match,The Hitchhiker's Guide To The Galaxy: Tertiary Phase,Douglas Adams,B002V0TFUI,Hitchhiker's Guide (radio plays) #3
Robots & Empire_86f933b0,_Uncataloged\Robots & Empire_86f933b0,2.7,PROMOTABLE_TO_CANONICAL,Tier 2: Leaf Folder Match,Robots e Imperio [Robots and Empire],"Isaac Asimov, Rosa Sánchez de Naveira - translator",B0BXFNTYWZ,Serie de los robots [Robot Series] #5
Stephen Fry,_Uncataloged\Stephen Fry,4181.06,PROMOTABLE_TO_CANONICAL,Tier 2: Leaf Folder Match,Heroes,Stephen Fry,1797204211,Mythos #2
The Storyteller,_Uncataloged\The Storyteller,642.64,PROMOTABLE_TO_CANONICAL,Tier 2: Leaf Folder Match,The Storyteller: Expanded,Dave Grohl,B0C15MDNX6,Dave Grohl
[01] We Are Legion,_Uncataloged\[01] We Are Legion,549.93,PROMOTABLE_TO_CANONICAL,Tier 2: Leaf Folder Match,We Are Legion (We Are Bob),Dennis E. Taylor,B01L082HJ2,Bobiverse #1
[01] Super Powereds,_Uncataloged\[01] Super Powereds,328.87,PROMOTABLE_TO_CANONICAL,Tier 2: Leaf Folder Match,Super Powereds: Year One (1 of 3) (Dramatized Adaptation),Drew Hayes,1648816606,Super Powereds #1
[01] Super Powereds (3),_Uncataloged\[01] Super Powereds (3),905.53,PROMOTABLE_TO_CANONICAL,Tier 2: Leaf Folder Match,Corpies,Drew Hayes,B01G11ZFYC,Super Powereds #5
[02] Super Powereds,_Uncataloged\[02] Super Powereds,305.84,PROMOTABLE_TO_CANONICAL,Tier 2: Leaf Folder Match,Super Powereds: Year One (1 of 3) (Dramatized Adaptation),Drew Hayes,1648816606,Super Powereds #1
[02] Super Powereds (3),_Uncataloged\[02] Super Powereds (3),415.97,PROMOTABLE_TO_CANONICAL,Tier 2: Leaf Folder Match,Corpies,Drew Hayes,B01G11ZFYC,Super Powereds #5
[01] Super Powereds_1,_Uncataloged\[01] Super Powereds_1,731.79,PROMOTABLE_TO_CANONICAL,Tier 2: Leaf Folder Match,Super Powereds: Year One (1 of 3) (Dramatized Adaptation),Drew Hayes,1648816606,Super Powereds #1
[02] Super Powereds_1,_Uncataloged\[02] Super Powereds_1,897.5,PROMOTABLE_TO_CANONICAL,Tier 2: Leaf Folder Match,Super Powereds: Year One (1 of 3) (Dramatized Adaptation),Drew Hayes,1648816606,Super Powereds #1
[03] Super Powereds,_Uncataloged\[03] Super Powereds,1148.17,PROMOTABLE_TO_CANONICAL,Tier 2: Leaf Folder Match,Super Powereds: Year One (1 of 3) (Dramatized Adaptation),Drew Hayes,1648816606,Super Powereds #1
[04] Super Powereds,_Uncataloged\[04] Super Powereds,1683.13,PROMOTABLE_TO_CANONICAL,Tier 2: Leaf Folder Match,Super Powereds: Year One (1 of 3) (Dramatized Adaptation),Drew Hayes,1648816606,Super Powereds #1
[04] Four,_Uncataloged\[04] Four,459.49,PROMOTABLE_TO_CANONICAL,Tier 2: Leaf Folder Match,Four: The Loot,Eric Ugland,1541404556,The Good Guys #4
[05] Dukes and Ladders,_Uncataloged\[05] Dukes and Ladders,466.79,PROMOTABLE_TO_CANONICAL,Tier 2: Leaf Folder Match,Dukes and Ladders,Eric Ugland,1515942457,The Good Guys #5
"[06] Home, Siege Home","_Uncataloged\[06] Home, Siege Home",489.93,PROMOTABLE_TO_CANONICAL,Tier 2: Leaf Folder Match,"Home, Siege Home: A LitRPG/GameLit Novel",Eric Ugland,1515942465,The Good Guys #6
[01] Stone Will,_Uncataloged\[01] Stone Will,941.38,PROMOTABLE_TO_CANONICAL,Tier 2: Leaf Folder Match,Dragon Heart,"Kirill Klevanski, Valeria Kornosenko - introduction, J. Kharkova - translator, R. Mansurova - translator, E. Kornilova - translator",1630153710,Dragon Heart Series #1
[02] Iron Will,_Uncataloged\[02] Iron Will,1169.28,PROMOTABLE_TO_CANONICAL,Tier 2: Leaf Folder Match,Dragon Heart,"Kirill Klevanski, Valeria Kornosenko - introduction",1541437659,Dragon Heart Series #2
[04] Sea of Sand,_Uncataloged\[04] Sea of Sand,743.46,PROMOTABLE_TO_CANONICAL,Tier 2: Leaf Folder Match,Dragon Heart,Kirill Klevanski,1705204740,Dragon Heart Series #4
[05] Sea of Sorrow,_Uncataloged\[05] Sea of Sorrow,940.84,PROMOTABLE_TO_CANONICAL,Tier 2: Leaf Folder Match,Dragon Heart,Kirill Klevanski,170524906X,Dragon Heart Series #5
[07] Land of Demons,_Uncataloged\[07] Land of Demons,798.86,PROMOTABLE_TO_CANONICAL,Tier 2: Leaf Folder Match,Dragon Heart,Kirill Klevanski,170526610X,Dragon Heart Series #7
[09] Land of Pain,_Uncataloged\[09] Land of Pain,814.83,PROMOTABLE_TO_CANONICAL,Tier 2: Leaf Folder Match,Dragon Heart,"Kirill Klevanski, Valeria Kornosenko - introduction",170529538X,Dragon Heart Series #9
[10] Land of War,_Uncataloged\[10] Land of War,899.34,PROMOTABLE_TO_CANONICAL,Tier 2: Leaf Folder Match,Dragon Heart,"Kirill Klevanski, Valeria Kornosenko - introduction",B09DZ2V12S,Dragon Heart Series #10
[11] Path to the Unknown,_Uncataloged\[11] Path to the Unknown,862.83,PROMOTABLE_TO_CANONICAL,Tier 2: Leaf Folder Match,Dragon Heart,"Kirill Klevanski, Valeria Kornosenko - introduction",B09GPXQQFR,Dragon Heart Series #11
[12] Path to the Glory,_Uncataloged\[12] Path to the Glory,788.21,PROMOTABLE_TO_CANONICAL,Tier 2: Leaf Folder Match,Dragon Heart,Kirill Klevanski,B09NF7HPG7,Dragon Heart Series #12
[13] Demon City,_Uncataloged\[13] Demon City,792.71,PROMOTABLE_TO_CANONICAL,Tier 2: Leaf Folder Match,Dragon Heart,"Kirill Klevanski, Valeria Kornosenko - introduction",B09VK2FT9X,Dragon Heart Series #13
[14] Dwarf City,_Uncataloged\[14] Dwarf City,662.56,PROMOTABLE_TO_CANONICAL,Tier 2: Leaf Folder Match,Dragon Heart,Kirill Klevanski,B0B3NGZV82,Dragon Heart Series #14
[01-] The Extinction New Zealand Series Box Set,_Uncataloged\[01-] The Extinction New Zealand Series Box Set,1279.9,PROMOTABLE_TO_CANONICAL,Tier 4: Prefix Match,"The Extinction New Zealand Series Box Set: The Rule of Three, The Fourth Phase, The Five Pillars",Adrian J. Smith,1094189286,The Extinction New Zealand Series #1
[01-] Foodstuffs LitRPG Box Set,_Uncataloged\[01-] Foodstuffs LitRPG Box Set,1082.35,PROMOTABLE_TO_CANONICAL,Tier 2: Leaf Folder Match,Foodstuffs LitRPG Box Set: Books 1-3,Arthur Stone,B0BGML55KY,"Alpha LitRPG #1, Foodstuffs LitRPG #1"
Dragonsong_1,_Uncataloged\Dragonsong_1,198.04,PROMOTABLE_TO_CANONICAL,Tier 2: Leaf Folder Match,"Dragonsong: Harper Hall Trilogy, Volume 1",Anne McCaffrey,B002V57VYA,"Harper Hall of Pern #1, Pern Novels [publication order] #3"
The Vampire Lestat Disc 20,_Uncataloged\The Vampire Lestat Disc 20,44.16,PROMOTABLE_TO_CANONICAL,Tier 2: Leaf Folder Match,Blood Communion,Anne Rice,B07DHSYSWP,The Vampire Chronicles #13
TVC04 - Tale of the Body Thief,_Uncataloged\TVC04 - Tale of the Body Thief,804.39,PROMOTABLE_TO_CANONICAL,Tier 2: Leaf Folder Match,The Tale of the Body Thief,Anne Rice,B011DDW4S8,The Vampire Chronicles #4
TVC03 - Queen of the Damned,_Uncataloged\TVC03 - Queen of the Damned,795.53,PROMOTABLE_TO_CANONICAL,Tier 2: Leaf Folder Match,The Queen of the Damned,Anne Rice,B0052FRV1Y,The Vampire Chronicles #3
clockwork orange audiobook,_Uncataloged\clockwork orange audiobook,79.31,PROMOTABLE_TO_CANONICAL,Tier 2: Leaf Folder Match,(Anthony Burgess),A Clockwork Orange,,clockwork orange audiobook
[01-] Sherlock Holmes,_Uncataloged\[01-] Sherlock Holmes,1733.67,PROMOTABLE_TO_CANONICAL,Tier 2: Leaf Folder Match,The Complete Sherlock Holmes,Sir Arthur Conan Doyle,B00FEFE4XK,Sherlock Holmes
"[01] Oh, Great","_Uncataloged\[01] Oh, Great",985.07,PROMOTABLE_TO_CANONICAL,Tier 2: Leaf Folder Match,"Oh, Great! I Was Reincarnated as a Farmer",Benjamin Kerei,B09CRFXXW6,Unorthodox Farming #1
(Audio Book) Bernard Cornwell - Grail Quest 1 - Harlequin (Unabridged),_Uncataloged\(Audio Book) Bernard Cornwell - Grail Quest 1 - Harlequin (Unabridged),537.06,PROMOTABLE_TO_CANONICAL,Tier 2: Leaf Folder Match,King's Enemy,Ian Ross,B0D4BGBL1P,de Norton trilogy #3
5 The Voyage of the Dawn Treader,_Uncataloged\5 The Voyage of the Dawn Treader,32.02,PROMOTABLE_TO_CANONICAL,Tier 2: Leaf Folder Match,Sweet Addiction,Bella Matthews,B0GKQNLFLT,BBC Audio
Beware of Chicken A _B09Y7JX3RR_LC_128_44100_Stereo.m4b,_Uncataloged\Beware of Chicken A _B09Y7JX3RR_LC_128_44100_Stereo.m4b,359.71,PROMOTABLE_TO_CANONICAL,Tier 2: Leaf Folder Match,Beware of Chicken 5: A Xianxia Cultivation Novel,Casualfarmer,B0FDCLSZ7G,Beware of Chicken #5
[01] Beware of Chicken,_Uncataloged\[01] Beware of Chicken,697.44,PROMOTABLE_TO_CANONICAL,Tier 2: Leaf Folder Match,Beware of Chicken: A Xianxia Cultivation Novel,Casualfarmer,B09Y2D2D5T,Beware of Chicken #1
[02] Beware of Chicken 2,_Uncataloged\[02] Beware of Chicken 2,172.65,PROMOTABLE_TO_CANONICAL,Tier 4: Prefix Match,Beware of Chicken 2: A Xianxia Cultivation Novel,Casualfarmer,B0BRBRVZ59,Beware of Chicken #2
[03] Beware of Chicken 3,_Uncataloged\[03] Beware of Chicken 3,1093.97,PROMOTABLE_TO_CANONICAL,Tier 2: Leaf Folder Match,Beware of Chicken 3: A Xianxia Cultivation Novel,Casualfarmer,B0C8ZN7RYP,Beware of Chicken #3
[09] Dead and Gone,_Uncataloged\[09] Dead and Gone,261.75,PROMOTABLE_TO_CANONICAL,Tier 4: Prefix Match,Dead and Gone: Sookie Stackhouse Southern Vampire Mystery #9,Charlaine Harris,B002VA3R5C,Sookie Stackhouse #9
Dead and Gone Sookie_B002VA9MY2_LC_64_22050_Stereo.m4b,_Uncataloged\Dead and Gone Sookie_B002VA9MY2_LC_64_22050_Stereo.m4b,134.54,PROMOTABLE_TO_CANONICAL,Tier 2: Leaf Folder Match,Dead and Gone: Sookie Stackhouse Southern Vampire Mystery #9,Charlaine Harris,B002VA3R5C,Sookie Stackhouse #9
AudioBook - Dickens - Tale of Two Cities,_Uncataloged\AudioBook - Dickens - Tale of Two Cities,41.22,PROMOTABLE_TO_CANONICAL,Tier 2: Leaf Folder Match,Hunted Down,Charles Dickens,B0GL3GFBDP,AudioBook - Dickens - Tale of Two Cities
[02] Moriarty,_Uncataloged\[02] Moriarty,288.83,PROMOTABLE_TO_CANONICAL,Tier 2: Leaf Folder Match,Moriarty: The Silent Order,Charles Kindinger,B0CGKH3F5R,Moriarty #2
[04] Alien,_Uncataloged\[04] Alien,135.22,PROMOTABLE_TO_CANONICAL,Tier 2: Leaf Folder Match,Alien: River of Pain,"Christopher Golden, Dirk Maggs",B06XP18SFZ,"Alien #4, Alien: The Audible Original Dramas #2"
Craig Johnson- Junkyard Dogs- George G. (U) MP3,_Uncataloged\Craig Johnson- Junkyard Dogs- George G. (U) MP3,207.62,PROMOTABLE_TO_CANONICAL,Tier 2: Leaf Folder Match,JunkyardDogsUnabridged Part 01 of 10,Longmire,,Longmire
[01] Viridian Gate Online,_Uncataloged\[01] Viridian Gate Online,609.57,PROMOTABLE_TO_CANONICAL,Tier 2: Leaf Folder Match,Viridian Gate Online,"James Hunter, D.J. Bodden",1630155942,Illusionist #1
[02] Viridian Gate Online,_Uncataloged\[02] Viridian Gate Online,571.79,PROMOTABLE_TO_CANONICAL,Tier 2: Leaf Folder Match,Viridian Gate Online,"James Hunter, D.J. Bodden",1630155942,Illusionist #1
[03] Viridian Gate Online,_Uncataloged\[03] Viridian Gate Online,563.41,PROMOTABLE_TO_CANONICAL,Tier 2: Leaf Folder Match,Viridian Gate Online,"James Hunter, D.J. Bodden",1630155942,Illusionist #1
Dan Brown Angels & Demons Disk2,_Uncataloged\Dan Brown Angels & Demons Disk2,66.45,PROMOTABLE_TO_CANONICAL,Tier 2: Leaf Folder Match,Angels & Demons Disc 2,Dan Brown,,Dan Brown - Angels & Demons (128 Kbps)
Dan Brown Angels & Demons Disk3,_Uncataloged\Dan Brown Angels & Demons Disk3,61.68,PROMOTABLE_TO_CANONICAL,Tier 2: Leaf Folder Match,Angels & Demons Disc 3,Dan Brown,,Dan Brown - Angels & Demons (128 Kbps)
Dan Brown Angels & Demons Disk4,_Uncataloged\Dan Brown Angels & Demons Disk4,65.32,PROMOTABLE_TO_CANONICAL,Tier 2: Leaf Folder Match,Angels & Demons Disc 4,Dan Brown,,Dan Brown - Angels & Demons (128 Kbps)
Dan Brown Angels & Demons Disk5,_Uncataloged\Dan Brown Angels & Demons Disk5,65.51,PROMOTABLE_TO_CANONICAL,Tier 2: Leaf Folder Match,Angels & Demons Disc 5,Dan Brown,,Dan Brown - Angels & Demons (128 Kbps)
Dan Brown Angels & Demons Disk6,_Uncataloged\Dan Brown Angels & Demons Disk6,58.4,PROMOTABLE_TO_CANONICAL,Tier 2: Leaf Folder Match,Angels & Demons Disc 6,Dan Brown Disk6,,Dan Brown - Angels & Demons (128 Kbps)
[01-] Disgardium Series,_Uncataloged\[01-] Disgardium Series,1331.0,PROMOTABLE_TO_CANONICAL,Tier 2: Leaf Folder Match,"Disgardium Series # , Disgardium Series Boxed Set","Dan Sugralinov, Andrew Schmitt - translated by, Alix Merlin Williamson - translated by",B09GHBG5XP,Disgardium #1
Belgariad Book 3 - Magicians Gambit,_Uncataloged\Belgariad Book 3 - Magicians Gambit,211.47,PROMOTABLE_TO_CANONICAL,Tier 2: Leaf Folder Match,Magician’s Gambit,David Eddings,B0DCZY3XBV,The Belgariad #3
Belgariad Book 5 - Enchanters Endgame,_Uncataloged\Belgariad Book 5 - Enchanters Endgame,128.07,PROMOTABLE_TO_CANONICAL,Tier 2: Leaf Folder Match,Enchanters’ End Game,David Eddings,B0DJC4HRYM,The Belgariad #5
Brotherhood of the W_B002V5CONI_LC_128_44100_Stereo.m4b,_Uncataloged\Brotherhood of the W_B002V5CONI_LC_128_44100_Stereo.m4b,474.35,PROMOTABLE_TO_CANONICAL,Tier 2: Leaf Folder Match,Brotherhood of the Wolf,David Farland,B002V5B86C,The Runelords Series #2
Batman - Dead White 2006,_Uncataloged\Batman - Dead White 2006,559.06,PROMOTABLE_TO_CANONICAL,Tier 2: Leaf Folder Match,DC Comics - Batman: Dead White,John Shirley,,DC Comics - GraphicAudio Collection
Batman - Inferno,_Uncataloged\Batman - Inferno,597.76,PROMOTABLE_TO_CANONICAL,Tier 2: Leaf Folder Match,DC Comics - Batman: Inferno,Alex Irvine,,DC Comics - GraphicAudio Collection
Batman - No Man's Land,_Uncataloged\Batman - No Man's Land,903.93,PROMOTABLE_TO_CANONICAL,Tier 2: Leaf Folder Match,DC Comics - Batman: No Man's Land,Greg Rucka,,DC Comics - GraphicAudio Collection
Batman - The Stone King,_Uncataloged\Batman - The Stone King,855.45,PROMOTABLE_TO_CANONICAL,Tier 2: Leaf Folder Match,Batman: Resurrection,John Jackson Miller,B0CZBSZRP5,Batman #1
Countdown (2009),_Uncataloged\Countdown (2009),631.28,PROMOTABLE_TO_CANONICAL,Tier 2: Leaf Folder Match,DC Comics - Countdown,Greg Cox,,DC Comics - GraphicAudio Collection
CRISIS 1 Crisis on Infinite Earths (2005),_Uncataloged\CRISIS 1 Crisis on Infinite Earths (2005),560.59,PROMOTABLE_TO_CANONICAL,Tier 2: Leaf Folder Match,DC Comics - Crisis on Infinite Earths,Marv Wolfman,,DC Comics - GraphicAudio Collection
CRISIS 2 Infinite Crisis (2006),_Uncataloged\CRISIS 2 Infinite Crisis (2006),1062.38,PROMOTABLE_TO_CANONICAL,Tier 2: Leaf Folder Match,DC Comics - Infinite Crisis,Greg Cox,,DC Comics - GraphicAudio Collection
CRISIS 3 52 - Crisis (2007),_Uncataloged\CRISIS 3 52 - Crisis (2007),672.99,PROMOTABLE_TO_CANONICAL,Tier 2: Leaf Folder Match,DC Comics - 52,Greg Cox,,DC Comics - GraphicAudio Collection
CRISIS 4 Final Crisis,_Uncataloged\CRISIS 4 Final Crisis,635.6,PROMOTABLE_TO_CANONICAL,Tier 2: Leaf Folder Match,Closing Prayers,Randy Maxwell,B0CJH1LRKX,DC Comics - GraphicAudio Collection
DC Universe - Last Sons,_Uncataloged\DC Universe - Last Sons,596.9,PROMOTABLE_TO_CANONICAL,Tier 2: Leaf Folder Match,DC Comics - DC Universe: Last Sons,Alan Grant,,DC Comics - GraphicAudio Collection
DC Universe - Trail of Time,_Uncataloged\DC Universe - Trail of Time,452.87,PROMOTABLE_TO_CANONICAL,Tier 2: Leaf Folder Match,DC Comics - DC Universe: Trail of Time,Jeff Mariotte,,DC Comics - GraphicAudio Collection
The Sandman - Neil Gaiman,_Uncataloged\The Sandman - Neil Gaiman,595.78,PROMOTABLE_TO_CANONICAL,Tier 2: Leaf Folder Match,The Sandman (French Edition),"Neil Gaiman, Dirk Maggs",B08M4D78NL,The Sandman (French Edition) #1
Wayne of Gotham,_Uncataloged\Wayne of Gotham,505.97,PROMOTABLE_TO_CANONICAL,Tier 2: Leaf Folder Match,DC Comics - Wayne of Gotham,Tracy Hickman,,DC Comics - GraphicAudio Collection
Wonder Woman - MYTHOS,_Uncataloged\Wonder Woman - MYTHOS,455.61,PROMOTABLE_TO_CANONICAL,Tier 2: Leaf Folder Match,DC Comics - Wonder Woman: Mythos,Carol Lay,,DC Comics - GraphicAudio Collection
Kingdom Come,_Uncataloged\Kingdom Come,317.59,PROMOTABLE_TO_CANONICAL,Tier 2: Leaf Folder Match,Kingdom Come Audio Drama,DC Comics,,DC & MARVEL - GraphicAudio Collection
Star Wars,_Uncataloged\Star Wars,218.72,PROMOTABLE_TO_CANONICAL,Tier 2: Leaf Folder Match,Star Wars Storybook Collection,Disney Lucasfilm Press,B0FK1CKLQR,Star Wars
Hitchhiker's Guide To The Galaxy - 3 - Tertiary Phase,_Uncataloged\Hitchhiker's Guide To The Galaxy - 3 - Tertiary Phase,154.47,PROMOTABLE_TO_CANONICAL,Tier 2: Leaf Folder Match,The Hitchhiker's Guide To The Galaxy: Quintessential Phase,Douglas Adams,B002V8MJWQ,Hitchhiker's Guide (radio plays) #5
3. Life The Universe And Everything,_Uncataloged\3. Life The Universe And Everything,4.41,PROMOTABLE_TO_CANONICAL,Tier 2: Leaf Folder Match,Hitchhikers Guide To The Galaxy .Macmillan. READNFO,Douglas Adams,,Douglas Adams - Hitchhiker's Guide To The Galaxy (Stephen Fry and Martin Freeman) #3
3. Life The Universe And Everything_1,_Uncataloged\3. Life The Universe And Everything_1,277.22,PROMOTABLE_TO_CANONICAL,Tier 2: Leaf Folder Match,Hitchhikers Guide To The Galaxy .Macmillan. READNFO,Douglas Adams,,Douglas Adams - Hitchhiker's Guide To The Galaxy (Stephen Fry and Martin Freeman) #3
[04] The Fangs of Freelance,_Uncataloged\[04] The Fangs of Freelance,391.1,PROMOTABLE_TO_CANONICAL,Tier 2: Leaf Folder Match,The Fangs of Freelance [Dramatized Adaptation],Drew Hayes,1648817610,"Fred, the Vampire Accountant #4"
[05] Deadly Assessments,_Uncataloged\[05] Deadly Assessments,421.8,PROMOTABLE_TO_CANONICAL,Tier 4: Prefix Match,Deadly Assessments [Dramatized Adaptation],Drew Hayes,1648817904,"Fred, the Vampire Accountant #5"
[06] Undeading Bells,_Uncataloged\[06] Undeading Bells,501.7,PROMOTABLE_TO_CANONICAL,Tier 2: Leaf Folder Match,Undeading Bells (Dramatized Adaptation),Drew Hayes,1648818439,"Fred, the Vampire Accountant #6"
[07] Out of House and Home,_Uncataloged\[07] Out of House and Home,463.39,PROMOTABLE_TO_CANONICAL,Tier 2: Leaf Folder Match,Out of House and Home (Dramatized Adaptation),Drew Hayes,B09VV4FQBX,"Fred, the Vampire Accountant #7"
Dungeons & Dragons,_Uncataloged\Dungeons & Dragons,386.98,PROMOTABLE_TO_CANONICAL,Tier 2: Leaf Folder Match,Dungeons & Dragons: Honor Among Thieves: The Druid's Call,E.K. Johnston,B0BH9CRXPR,Dungeons & Dragons: Honor Among Thieves
[01-] Steamborn,_Uncataloged\[01-] Steamborn,763.59,PROMOTABLE_TO_CANONICAL,Tier 2: Leaf Folder Match,Steamborn: The Complete Trilogy Box Set,Eric Asher,B0764H1QWG,Steamborn Series #1
Dragonsong,_Uncataloged\Dragonsong,198.74,PROMOTABLE_TO_CANONICAL,Tier 2: Leaf Folder Match,"Dragonsong: Harper Hall Trilogy, Volume 1",Anne McCaffrey,B002V57VYA,"Harper Hall of Pern #1, Pern Novels [publication order] #3"
12 The Spine Of The World,_Uncataloged\12 The Spine Of The World,259.81,PROMOTABLE_TO_CANONICAL,Tier 2: Leaf Folder Match,"The Spine of the World: Legend of Drizzt: Paths of Darkness, Book 2",R. A. Salvatore,B00HFW9SUE,Legend of Drizzt #12
13 Sea Of Swords,_Uncataloged\13 Sea Of Swords,250.63,PROMOTABLE_TO_CANONICAL,Tier 2: Leaf Folder Match,"Sea of Swords: Legend of Drizzt: Paths of Darkness, Book 3",R. A. Salvatore,B00HNF85YI,Legend of Drizzt #13
28 Night Of The Hunter,_Uncataloged\28 Night Of The Hunter,322.81,PROMOTABLE_TO_CANONICAL,Tier 2: Leaf Folder Match,Soul Hunter,Aaron Dembski-Bowden,1789994241,Night Lords #1
27 Demon Wars - Book 03 - The Demon Apostle,_Uncataloged\27 Demon Wars - Book 03 - The Demon Apostle,555.29,PROMOTABLE_TO_CANONICAL,Tier 2: Leaf Folder Match,The Leader Who Had No Title,Robin Sharma,B003BFVMQW,R. A. Salvatore Audiobook Collection 1 to 28 (2) #3
28 Demon Wars - Book 04 - Mortalis,_Uncataloged\28 Demon Wars - Book 04 - Mortalis,285.29,PROMOTABLE_TO_CANONICAL,Tier 2: Leaf Folder Match,Mortalis (Dramatized Adaptation),R.A. Salvatore,B0B7XP8ZJN,The DemonWars Saga #4
Cat Who Walks through Walls,_Uncataloged\Cat Who Walks through Walls,436.79,PROMOTABLE_TO_CANONICAL,Tier 2: Leaf Folder Match,I Love You Like It's 1999,A. J. Pine,B0FB52TN6H,Robert Heinlein Audiobook collection @ fenopy.com (2)
Comedy of Justice,_Uncataloged\Comedy of Justice,321.47,PROMOTABLE_TO_CANONICAL,Tier 2: Leaf Folder Match,Job,Robert A. Heinlein,B002V8MMX2,Robert Heinlein Audiobook collection @ fenopy.com (2)
Farnham's Freehold,_Uncataloged\Farnham's Freehold,297.04,PROMOTABLE_TO_CANONICAL,Tier 2: Leaf Folder Match,Solitudes Sampler [Bonus Tracks],Dan Gibson,,Robert Heinlein Audiobook collection @ fenopy.com (2)
Starship Troopers,_Uncataloged\Starship Troopers,547.92,PROMOTABLE_TO_CANONICAL,Tier 2: Leaf Folder Match,Starship Troopers [French Version],Robert A. Heinlein,2353291406,Robert Heinlein Audiobook collection @ fenopy.com (2)
Stranger in a Strange Land,_Uncataloged\Stranger in a Strange Land,456.21,PROMOTABLE_TO_CANONICAL,Tier 2: Leaf Folder Match,The Classic Collection of Robert A. Heinlein. Fourteen Short Stories,Robert A. Heinlein,B0F8P5T45L,Robert Heinlein Audiobook collection @ fenopy.com (2)
The Menace From Earth,_Uncataloged\The Menace From Earth,78.5,PROMOTABLE_TO_CANONICAL,Tier 2: Leaf Folder Match,Rob McQuay,Robert A. Heinlein,,Robert Heinlein Audiobook collection @ fenopy.com (2)
"Time Enough For Love, Volume 1 Part 2","_Uncataloged\Time Enough For Love, Volume 1 Part 2",85.57,PROMOTABLE_TO_CANONICAL,Tier 2: Leaf Folder Match,Betrayal,James Boyd,B0DL86YWJQ,Derek Lloyd- Senior Medical Officer #2
"Time Enough For Love, Volume 2","_Uncataloged\Time Enough For Love, Volume 2",110.26,PROMOTABLE_TO_CANONICAL,Tier 2: Leaf Folder Match,Devil's Den,James Boyd,B0F9B8X9GG,Time Enough For Love
Book 11 - Knife of dreams 2005.10.13,_Uncataloged\Book 11 - Knife of dreams 2005.10.13,888.03,PROMOTABLE_TO_CANONICAL,Tier 2: Leaf Folder Match,Knife of Dreams <Unabr>,Robert Jordan,,Robert Jordan - Wheel of Time @ pimptorrent.com #11
Fiction,_Uncataloged\Fiction,338.76,PROMOTABLE_TO_CANONICAL,Tier 2: Leaf Folder Match,Speaking the Lost Languages of God,Gregg Braden,B00O9GDO72,Nightingale-Conant: Spiritual Growth
Brian Herbert & Kevin J. Anderson - Dune Prequels 1 House Atreides,_Uncataloged\Brian Herbert & Kevin J. Anderson - Dune Prequels 1 House Atreides,526.45,PROMOTABLE_TO_CANONICAL,Tier 2: Leaf Folder Match,Dune Prequel 1 House Atreides,Bran Herbert,,Complete Dune
Brian Herbert & Kevin J. Anderson - Dune Prequels 2 House Harkonnen,_Uncataloged\Brian Herbert & Kevin J. Anderson - Dune Prequels 2 House Harkonnen,529.78,PROMOTABLE_TO_CANONICAL,Tier 2: Leaf Folder Match,Dune Prequel 2 House Harkonnaen,Brian Herbert,,Complete Dune
Brian Herbert & Kevin J. Anderson - Dune Prequels 3 House Corrino,_Uncataloged\Brian Herbert & Kevin J. Anderson - Dune Prequels 3 House Corrino,466.46,PROMOTABLE_TO_CANONICAL,Tier 2: Leaf Folder Match,Dune Prequel 3 House Corrino,Brian Herbert,,Complete Dune
"Herbert, Frank - [Dune1] - Dune","_Uncataloged\Herbert, Frank - [Dune1] - Dune",257.1,PROMOTABLE_TO_CANONICAL,Tier 2: Leaf Folder Match,Dune - Livre premier et livre second,"Frank Herbert, Michel Demuth - traducteur",B07Q376J4K,Dune #1.1
"Herbert, Frank - [Dune3] - Children Of Dune","_Uncataloged\Herbert, Frank - [Dune3] - Children Of Dune",196.82,PROMOTABLE_TO_CANONICAL,Tier 2: Leaf Folder Match,Les enfants de Dune,Frank Herbert,B07TCN3R72,Dune #3
"Herbert, Frank - [Dune4] - God Emperor of Dune","_Uncataloged\Herbert, Frank - [Dune4] - God Emperor of Dune",391.31,PROMOTABLE_TO_CANONICAL,Tier 2: Leaf Folder Match,L'Empereur-Dieu de Dune,"Frank Herbert, Michel Demuth",B07WZVFYS6,Dune #4
"Herbert, Frank - [Dune6] - Chapterhouse Dune","_Uncataloged\Herbert, Frank - [Dune6] - Chapterhouse Dune",196.29,PROMOTABLE_TO_CANONICAL,Tier 2: Leaf Folder Match,La Maison des mères,Frank Herbert,B0813XBV25,Dune #6
01 - The Other End of Time,_Uncataloged\01 - The Other End of Time,324.5,PROMOTABLE_TO_CANONICAL,Tier 2: Leaf Folder Match,Apocalypse Rising,Timothy Dailey Ph.D.,B01JJT10B0,Frederik Pohl - Eschaton 1 - 3 #1
02 - The Siege of Eternity,_Uncataloged\02 - The Siege of Eternity,130.29,PROMOTABLE_TO_CANONICAL,Tier 2: Leaf Folder Match,Eschaton 02 - The Siege of Eternity,Frederik Pohl,,Frederik Pohl - Eschaton 1 - 3 #2
03 - The Far Shore of Time,_Uncataloged\03 - The Far Shore of Time,117.45,PROMOTABLE_TO_CANONICAL,Tier 2: Leaf Folder Match,Eschaton 03 - The Far Shore of Time,Frederik Pohl,,Frederik Pohl - Eschaton 1 - 3 #3
02 - Ian Fleming - Live and Let Die,_Uncataloged\02 - Ian Fleming - Live and Let Die,183.68,PROMOTABLE_TO_CANONICAL,Tier 2: Leaf Folder Match,Live and Let Die (Hindi),Ian Fleming,B0BTTCP72K,James Bond (Original Series) [Hindi] #2
03 - Ian Fleming - Moonraker_unabridged,_Uncataloged\03 - Ian Fleming - Moonraker_unabridged,118.89,PROMOTABLE_TO_CANONICAL,Tier 2: Leaf Folder Match,01(6) Moonraker,Ian Fleming,B09RWYH2J8,15 James bond 007 Audio Books - Ian Fleming #3
04 - Ian Fleming - Diamonds are Forever,_Uncataloged\04 - Ian Fleming - Diamonds are Forever,182.25,PROMOTABLE_TO_CANONICAL,Tier 2: Leaf Folder Match,Diamonds are Forever,Ian Fleming,B09RWXMH3H,15 James bond 007 Audio Books - Ian Fleming #4
05 - Ian Fleming - From Russia with Love_unabridged,_Uncataloged\05 - Ian Fleming - From Russia with Love_unabridged,136.99,PROMOTABLE_TO_CANONICAL,Tier 2: Leaf Folder Match,Desde Rusia con amor [From Russia with Love],Ian Fleming,B0B2F3941B,James Bond [Spanish Edition] #5
06 - Ian Fleming - Dr No_unabridged,_Uncataloged\06 - Ian Fleming - Dr No_unabridged,125.93,PROMOTABLE_TO_CANONICAL,Tier 2: Leaf Folder Match,James Bond 007 contre Dr No [Dr No],Ian Fleming,B09RWYF2D9,James Bond [French Edition] #6
07 - Ian Fleming - Goldfinger_unabridged,_Uncataloged\07 - Ian Fleming - Goldfinger_unabridged,146.61,PROMOTABLE_TO_CANONICAL,Tier 2: Leaf Folder Match,Goldfinger (Spanish Edition),Ian Fleming,B0B4WYRFN4,James Bond [Spanish Edition] #7
08 - Ian Fleming - For Your Eyes Only_unabridged,_Uncataloged\08 - Ian Fleming - For Your Eyes Only_unabridged,98.01,PROMOTABLE_TO_CANONICAL,Tier 2: Leaf Folder Match,Sólo para tus ojos [For Your Eyes Only],Ian Fleming,B0B7XW13YW,James Bond [Spanish Edition] #8
10 - Ian Fleming - The Spy Who Loved Me,_Uncataloged\10 - Ian Fleming - The Spy Who Loved Me,118.93,PROMOTABLE_TO_CANONICAL,Tier 2: Leaf Folder Match,The Spy Who Loved Me,Ian Fleming,B0BFQXVNF2,15 James bond 007 Audio Books - Ian Fleming #10
11 - Ian Fleming - On Her Majestys Secret Service_unabridged,_Uncataloged\11 - Ian Fleming - On Her Majestys Secret Service_unabridged,131.88,PROMOTABLE_TO_CANONICAL,Tier 2: Leaf Folder Match,01(7) Her Majestys Secret Serv,Ian Fleming,,15 James bond 007 Audio Books - Ian Fleming #11
14 - Ian Fleming - Octopussy_unabridged,_Uncataloged\14 - Ian Fleming - Octopussy_unabridged,45.62,PROMOTABLE_TO_CANONICAL,Tier 2: Leaf Folder Match,Octopussy and the Living Daylights,Ian Fleming,B0C28RLR3D,15 James bond 007 Audio Books - Ian Fleming #14
[02] The Goblin Horde,_Uncataloged\[02] The Goblin Horde,464.06,PROMOTABLE_TO_CANONICAL,Tier 2: Leaf Folder Match,The Goblin Horde: A LitRPG Adventure,Ivan Kal,1977318991,Tower of Power #2
[03] The Grand Tournament,_Uncataloged\[03] The Grand Tournament,522.72,PROMOTABLE_TO_CANONICAL,Tier 2: Leaf Folder Match,The Grand Tournament: A LitRPG Adventure,Ivan Kal,1977319009,Tower of Power #3
The Tales of Beedle the Bard Audio-Book(CanusRG-pill),_Uncataloged\The Tales of Beedle the Bard Audio-Book(CanusRG-pill),46.92,PROMOTABLE_TO_CANONICAL,Tier 2: Leaf Folder Match,Die Märchen von Beedle dem Barden [The Tales of Beedle the Bard],J.K. Rowling,1781105421,Tales of Beedle the Bard
Peter Pan,_Uncataloged\Peter Pan,167.3,PROMOTABLE_TO_CANONICAL,Tier 2: Leaf Folder Match,Peter and Wendy (AmazonClassics Edition),J. M. Barrie,B078X1NX28,Peter Pan #3
Peter shadow thieves,_Uncataloged\Peter shadow thieves,370.23,PROMOTABLE_TO_CANONICAL,Tier 2: Leaf Folder Match,Peter & The Shadow Thieves,"Dave Barry, Ridley Pearson",,Peter Pan
Peter starcatchers,_Uncataloged\Peter starcatchers,429.1,PROMOTABLE_TO_CANONICAL,Tier 2: Leaf Folder Match,Peter and the Starcatchers,"Dave Barry, Ridley Pearson",B002V1NGN4,Peter and the Starcatchers #1
J.R.R. Tolkien - The Lord of the Rings (all Books Fellowship - Two Towers - Return Of The King) Unabridged Audiobook,_Uncataloged\J.R.R. Tolkien - The Lord of the Rings (all Books Fellowship - Two Towers - Return Of The King) Unabridged Audiobook,758.12,PROMOTABLE_TO_CANONICAL,Tier 2: Leaf Folder Match,LotR Part I: The Fellowship of the Ring,J.R.R. Tolkien,,From_Drive_I
Dungeons & Dragons_1,_Uncataloged\Dungeons & Dragons_1,515.43,PROMOTABLE_TO_CANONICAL,Tier 2: Leaf Folder Match,Dungeons & Dragons: Honor Among Thieves: The Druid's Call,E.K. Johnston,B0BH9CRXPR,Dungeons & Dragons: Honor Among Thieves
Star Wars_1,_Uncataloged\Star Wars_1,175.01,PROMOTABLE_TO_CANONICAL,Tier 2: Leaf Folder Match,Star Wars Storybook Collection,Disney Lucasfilm Press,B0FK1CKLQR,Star Wars
The Celestine Prophecy @ fenopy.com,_Uncataloged\The Celestine Prophecy @ fenopy.com,126.95,PROMOTABLE_TO_CANONICAL,Tier 2: Leaf Folder Match,"Celestine Prophecy, The",James Redfield,1549148427,The Celestine Prophecy
Comanche Moon,_Uncataloged\Comanche Moon,244.94,PROMOTABLE_TO_CANONICAL,Tier 2: Leaf Folder Match,Commanche Moon,Larry McMurty,,Larry McMurtry
Crazy Horse,_Uncataloged\Crazy Horse,45.21,PROMOTABLE_TO_CANONICAL,Tier 2: Leaf Folder Match,Inspiring Stories for Horse-Crazy Kids,Cara Adria,B0G3BGB2VN,Larry McMurtry
Streets of Lardeo,_Uncataloged\Streets of Lardeo,299.59,PROMOTABLE_TO_CANONICAL,Tier 2: Leaf Folder Match,Streets Of Laredo,Larry McMurtry,B0041HVOLC,Lonesome Dove Saga #4
12.5 James Penney’s New Identity - Guy Walks into a Bar,_Uncataloged\12.5 James Penney’s New Identity - Guy Walks into a Bar,38.73,PROMOTABLE_TO_CANONICAL,Tier 2: Leaf Folder Match,12.5 James Penney’s New Identity - Guy Walks into a Bar,Lee Child,,Jack Reacher
Audiobook - Lewis Caroll - Alices Adventures in Wonderland [Librivox],_Uncataloged\Audiobook - Lewis Caroll - Alices Adventures in Wonderland [Librivox],82.12,PROMOTABLE_TO_CANONICAL,Tier 2: Leaf Folder Match,Alice in Wonderland,Lewis Carroll,B0GF4H88SB,Alice in Wonderland #1
Star Wars_2,_Uncataloged\Star Wars_2,249.08,PROMOTABLE_TO_CANONICAL,Tier 2: Leaf Folder Match,Star Wars Storybook Collection,Disney Lucasfilm Press,B0FK1CKLQR,Star Wars
Darksword Volume 1 - Forging the Darksword,_Uncataloged\Darksword Volume 1 - Forging the Darksword,185.91,PROMOTABLE_TO_CANONICAL,Tier 2: Leaf Folder Match,Darksword Cycle 01 Forging The Darksword,"Margaret Weis, Tracy Hickman",,Darksword
Preludes 1 - Darkness and Light,_Uncataloged\Preludes 1 - Darkness and Light,282.33,PROMOTABLE_TO_CANONICAL,Tier 2: Leaf Folder Match,Dragonlance Preludes Volume 1 - Darkness and Light,"Paul B. Thompson, Tonya R. Carter",,1 - Preludes Volumes 1 - 6
Preludes 2 - Kendermore,_Uncataloged\Preludes 2 - Kendermore,210.43,PROMOTABLE_TO_CANONICAL,Tier 2: Leaf Folder Match,Dragonlance Preludes Volume 2 - Kendermore,Mary Kirchoff,,1 - Preludes Volumes 1 - 6
Preludes 3 - Brothers Majere,_Uncataloged\Preludes 3 - Brothers Majere,204.74,PROMOTABLE_TO_CANONICAL,Tier 2: Leaf Folder Match,Dragonlance Preludes Volume 3 - Brothers Majere,Kevin Stein,,1 - Preludes Volumes 1 - 6
"Preludes 4 - Riverwind, The Plainsman","_Uncataloged\Preludes 4 - Riverwind, The Plainsman",247.09,PROMOTABLE_TO_CANONICAL,Tier 2: Leaf Folder Match,"Dragonlance Preludes II Volume 1 - Riverwind, the Plainsman","Paul B. Thompson, Tonya R. Carter",,1 - Preludes Volumes 1 - 6
"Preludes 5 - Flint, The King","_Uncataloged\Preludes 5 - Flint, The King",217.89,PROMOTABLE_TO_CANONICAL,Tier 2: Leaf Folder Match,"Dragonlance Preludes II Volume 2 - Flint, the King","Mary Kirchoff, Douglas Niles",,1 - Preludes Volumes 1 - 6
"Preludes 6 - Tanis, The Shadow Years","_Uncataloged\Preludes 6 - Tanis, The Shadow Years",192.89,PROMOTABLE_TO_CANONICAL,Tier 2: Leaf Folder Match,"Dragonlance Preludes II Volume 3 - Tanis, the Shadow Years","Barbara, Scott Siegel",,1 - Preludes Volumes 1 - 6
Chronicles Vol 1 - Dragons Of Autumn Twilight - Unabridged,_Uncataloged\Chronicles Vol 1 - Dragons Of Autumn Twilight - Unabridged,205.74,PROMOTABLE_TO_CANONICAL,Tier 2: Leaf Folder Match,Dragonlance Chronicles Volume 1 - Dragons of Autumn Twilight,"Margaret Weis, Tracy Hickman",,2 - Chronicles Volumes 1 - 4
Chronicles Vol 2 - Dragons Of Winter Night - Unabridged,_Uncataloged\Chronicles Vol 2 - Dragons Of Winter Night - Unabridged,211.76,PROMOTABLE_TO_CANONICAL,Tier 2: Leaf Folder Match,Dragonlance Chronicles Volume 2 - Dragons of Winter Night,"Margaret Weis, Tracy Hickman",,2 - Chronicles Volumes 1 - 4
Chronicles Vol 3 - Dragons of Spring Dawning - Unabridged,_Uncataloged\Chronicles Vol 3 - Dragons of Spring Dawning - Unabridged,198.59,PROMOTABLE_TO_CANONICAL,Tier 2: Leaf Folder Match,Dragonlance Chronicles Volume 3 - Dragons of Spring Dawning,"Margaret Weis, Tracy Hickman",,2 - Chronicles Volumes 1 - 4
Deathgate Cycle 1 - Dragon Wing,_Uncataloged\Deathgate Cycle 1 - Dragon Wing,185.87,PROMOTABLE_TO_CANONICAL,Tier 2: Leaf Folder Match,Deathgate Cycle 01 - Dragon Wing,"Weis, Hickman",,4 - Deathgate Cycle Volumes 1 - 7
Deathgate Cycle 2 - Elven Star,_Uncataloged\Deathgate Cycle 2 - Elven Star,156.15,PROMOTABLE_TO_CANONICAL,Tier 2: Leaf Folder Match,Dearhgate Cycle 02 - Elven Star,"Margaret Weis, Tracy Hickman",,4 - Deathgate Cycle Volumes 1 - 7
Deathgate Cycle 3 - Fire Sea,_Uncataloged\Deathgate Cycle 3 - Fire Sea,167.13,PROMOTABLE_TO_CANONICAL,Tier 2: Leaf Folder Match,Deathgate Cycle - Fire Sea,"Weis, Hickman",,4 - Deathgate Cycle Volumes 1 - 7
Deathgate Cycle 4 - Serpent Mage,_Uncataloged\Deathgate Cycle 4 - Serpent Mage,178.71,PROMOTABLE_TO_CANONICAL,Tier 2: Leaf Folder Match,Deathgate Cycle 04 - Serpent Mage,"Weis, Hickman",,4 - Deathgate Cycle Volumes 1 - 7
Deathgate Cycle 5 - Hand of Chaos,_Uncataloged\Deathgate Cycle 5 - Hand of Chaos,207.52,PROMOTABLE_TO_CANONICAL,Tier 2: Leaf Folder Match,Death Gate Cycle- Book 5- Hand of Chaos,Margaret Weis,,4 - Deathgate Cycle Volumes 1 - 7
Deathgate Cycle 6 - Into the Labyrinth,_Uncataloged\Deathgate Cycle 6 - Into the Labyrinth,190.79,PROMOTABLE_TO_CANONICAL,Tier 2: Leaf Folder Match,Deah Gate Cycle-Book 6-Into the Labyrinth,Margaret Weis,,4 - Deathgate Cycle Volumes 1 - 7
Deathgate Cycle 7 - Seventh Gate,_Uncataloged\Deathgate Cycle 7 - Seventh Gate,115.79,PROMOTABLE_TO_CANONICAL,Tier 2: Leaf Folder Match,Death Gate 07 - Seventh Gate,"Margaret Weis, Tracy Hickman",,4 - Deathgate Cycle Volumes 1 - 7
Margaret Weis - Dragonlance Tales 1 - The Magic Of Krynn,_Uncataloged\Margaret Weis - Dragonlance Tales 1 - The Magic Of Krynn,139.5,PROMOTABLE_TO_CANONICAL,Tier 2: Leaf Folder Match,Dragonlance Tales 1 01 The Magic Of Krynn,Various Artists,,5 - Tales
"Margaret Weis - Dragonlance Tales 2 - Kender, Gully Dwarves, and Gnomes","_Uncataloged\Margaret Weis - Dragonlance Tales 2 - Kender, Gully Dwarves, and Gnomes",212.84,PROMOTABLE_TO_CANONICAL,Tier 2: Leaf Folder Match,"Dragonlance Tales Volume 2 - Kender, Gully Dwarfs & Gnomes","Edited by Margaret Weis, Tracy Hickman",,5 - Tales
Margaret Weis - Dragonlance Tales 3 - Love and War,_Uncataloged\Margaret Weis - Dragonlance Tales 3 - Love and War,247.21,PROMOTABLE_TO_CANONICAL,Tier 2: Leaf Folder Match,Dragonlance Tales II Volume 3 - The War of the Lance,"Edited by Margaret Weis, Tracy Hickman",,5 - Tales
Margaret Weis - Dragonlance Tales 4 - The Reign of Istar,_Uncataloged\Margaret Weis - Dragonlance Tales 4 - The Reign of Istar,208.72,PROMOTABLE_TO_CANONICAL,Tier 2: Leaf Folder Match,Dragonlance Tales II Volume 1 - The Reign of Istar,"Edited by Margaret Weis, Tracy Hickman",,5 - Tales
Margaret Weis - DragonLance - Raistlin Chronicles 1 - The Soulforge,_Uncataloged\Margaret Weis - DragonLance - Raistlin Chronicles 1 - The Soulforge,42.68,PROMOTABLE_TO_CANONICAL,Tier 2: Leaf Folder Match,Raistlin Chronicles: Book 1 The Soul forge,Margaret Weis,,Other
The Godfather,_Uncataloged\The Godfather,406.78,PROMOTABLE_TO_CANONICAL,Tier 2: Leaf Folder Match,Mafia – The Godfather (Danish Edition),"Mario Puzo, Mogens Boisen - translator",B0FNRRW6N2,The Godfather
Marion Zimmer Bradley - Lady Of Avalon Unabridged Audiobook,_Uncataloged\Marion Zimmer Bradley - Lady Of Avalon Unabridged Audiobook,537.37,PROMOTABLE_TO_CANONICAL,Tier 2: Leaf Folder Match,01 Marion Zimmer Bradley - Lad,Marion Zimmer Bradley,,Marion Zimmer Bradley Audiobook collection 1 - 4
Marion Zimmer Bradley - Priestess Of Avalon Unabridged Audiobook,_Uncataloged\Marion Zimmer Bradley - Priestess Of Avalon Unabridged Audiobook,401.92,PROMOTABLE_TO_CANONICAL,Tier 2: Leaf Folder Match,01 Marion Zimmer Bradley - Pri,Marion Zimmer Bradley,,Marion Zimmer Bradley Audiobook collection 1 - 4
Marion Zimmer Bradley - The Mists of Avalon Unabridged Audiobook,_Uncataloged\Marion Zimmer Bradley - The Mists of Avalon Unabridged Audiobook,1342.21,PROMOTABLE_TO_CANONICAL,Tier 2: Leaf Folder Match,101 Marion Zimmer Bradley - Mi,Marion Zimmer Bradley,,Marion Zimmer Bradley Audiobook collection 1 - 4
huck_finn_librivox_64kb_mp3,_Uncataloged\huck_finn_librivox_64kb_mp3,294.57,PROMOTABLE_TO_CANONICAL,Tier 2: Leaf Folder Match,The Adventures of Huckleberry Finn (AmazonClassics Edition),Mark Twain,B071ZQRNG4,Twain's Tom and Huck #2
mark-twain-connecticut-yankee-librivox,_Uncataloged\mark-twain-connecticut-yankee-librivox,376.79,PROMOTABLE_TO_CANONICAL,Tier 2: Leaf Folder Match,a_connecticut_yankee_in_king_arthurs_court,Twain_m,,mark-twain-connecticut-yankee-librivox
Gods of the Ragnarok Era Complete Collection,_Uncataloged\Gods of the Ragnarok Era Complete Collection,2574.27,PROMOTABLE_TO_CANONICAL,Tier 2: Leaf Folder Match,Gods of the Ragnarok Era Complete Collection: Eschaton Cycle,Matt Larkin,B08W293VGM,Matt Larkin
Jurassic Park Audiobooks,_Uncataloged\Jurassic Park Audiobooks,395.83,PROMOTABLE_TO_CANONICAL,Tier 2: Leaf Folder Match,The Lost World: A Novel,Michael Crichton,B002V0KOHG,Jurassic Park #2
Asylum,_Uncataloged\Asylum,52.23,PROMOTABLE_TO_CANONICAL,Tier 2: Leaf Folder Match,12 Nights Before Christmas: The Asylum Advent Collection,Jack Steen,B0GF43647K,The Asylum Confession Files #11
Golden Age,_Uncataloged\Golden Age,60.15,PROMOTABLE_TO_CANONICAL,Tier 2: Leaf Folder Match,Pax,Tom Holland,B0BWG6KRCW,Torchwood
The Dead Line,_Uncataloged\The Dead Line,55.62,PROMOTABLE_TO_CANONICAL,Tier 2: Leaf Folder Match,Torchwood: The Dead Line,Phil Ford,B002V014BQ,Torchwood
12 The Spine Of The World_1,_Uncataloged\12 The Spine Of The World_1,259.51,PROMOTABLE_TO_CANONICAL,Tier 2: Leaf Folder Match,"The Spine of the World: Legend of Drizzt: Paths of Darkness, Book 2",R. A. Salvatore,B00HFW9SUE,Legend of Drizzt #12
28 Night Of The Hunter_1,_Uncataloged\28 Night Of The Hunter_1,322.31,PROMOTABLE_TO_CANONICAL,Tier 2: Leaf Folder Match,Soul Hunter,Aaron Dembski-Bowden,1789994241,Night Lords #1
13 Sea Of Swords_1,_Uncataloged\13 Sea Of Swords_1,250.23,PROMOTABLE_TO_CANONICAL,Tier 2: Leaf Folder Match,"Sea of Swords: Legend of Drizzt: Paths of Darkness, Book 3",R. A. Salvatore,B00HNF85YI,Legend of Drizzt #13
Black Panther [The Young Prince],_Uncataloged\Black Panther [The Young Prince],158.57,PROMOTABLE_TO_CANONICAL,Tier 2: Leaf Folder Match,Marvel’s Black Panther: Sins of the King,"Tananarive Due, Geoffrey Thorne, Mohale Mashigo, Ira Madison, Steven Barnes",B0DJMPNS1T,Marvel audio books
Captain Marvel [Liberation Run],_Uncataloged\Captain Marvel [Liberation Run],750.27,PROMOTABLE_TO_CANONICAL,Tier 2: Leaf Folder Match,Captain America: Dark Designs,"Stefan Petrucha, Marvel",1974979512,Marvel Novels #10
Marvel -Spiderman - Lizard Sanction,_Uncataloged\Marvel -Spiderman - Lizard Sanction,187.18,PROMOTABLE_TO_CANONICAL,Tier 2: Leaf Folder Match,Spider-Man: The Lizard Sanction,Diane Duane,B0038F0EQO,Spider-Man
Fantastic Four [War Zone],_Uncataloged\Fantastic Four [War Zone],653.73,PROMOTABLE_TO_CANONICAL,Tier 2: Leaf Folder Match,Fantastic Four: Doomgate,"Jeffrey Lang, Marvel",1662041802,Marvel audio books
Dreams,_Uncataloged\Dreams,771.67,PROMOTABLE_TO_CANONICAL,Tier 2: Leaf Folder Match,Dr. Strange - The Fate of Dreams,GraphicAudio,,GA - Doctor Strange - The Fate of Dreams
Marvel - Avengers - Everybody Wants To Rule The World [GraphicAudio 256],_Uncataloged\Marvel - Avengers - Everybody Wants To Rule The World [GraphicAudio 256],683.53,PROMOTABLE_TO_CANONICAL,Tier 2: Leaf Folder Match,The Avengers: Everybody Wants to Rule the World,"Marvel, Dan Abnett",1974978869,Marvel audio books
Marvel - Deadpool 01 - Paws [GraphicAudio-256],_Uncataloged\Marvel - Deadpool 01 - Paws [GraphicAudio-256],694.98,PROMOTABLE_TO_CANONICAL,Tier 2: Leaf Folder Match,Deadpool: Paws,"Stefan Petrucha, Marvel",197498043X,Marvel Novels #4
The Amazing Spiderman CD2,_Uncataloged\The Amazing Spiderman CD2,135.08,PROMOTABLE_TO_CANONICAL,Tier 2: Leaf Folder Match,Camel Spiders: Amazing Facts and Myths About Camel Spiders,Hathai Ross,B0F2DBSC17,Marvel -The Amazing Spiderman (BBC-256k)
Marvel civil war,_Uncataloged\Marvel civil war,527.1,PROMOTABLE_TO_CANONICAL,Tier 2: Leaf Folder Match,Divided We Fall: A Post-Apocalyptic Novel of America's Coming Civil War,Mark Goodwin,B07C3DQCY2,Ava's Crucible #1
"Marvel, Alex Irvine - Astonishing X-Men - Days of Future Past [GraphicAudio 256]","_Uncataloged\Marvel, Alex Irvine - Astonishing X-Men - Days of Future Past [GraphicAudio 256]",537.09,PROMOTABLE_TO_CANONICAL,Tier 2: Leaf Folder Match,Marvel Super Heroes: Secret Wars,"Alex Irvine, Marvel",1974980758,Marvel audio books
Marvel’ Doctor Strange,_Uncataloged\Marvel’ Doctor Strange,56.06,PROMOTABLE_TO_CANONICAL,Tier 2: Leaf Folder Match,Marvel's Phase Three,"Marvel Press, Alexander Irvine",B0FGKSRPC1,Marvel's Phase #3
The Amazing Spider-Man (BBC Radio Play),_Uncataloged\The Amazing Spider-Man (BBC Radio Play),270.46,PROMOTABLE_TO_CANONICAL,Tier 2: Leaf Folder Match,The Amazing Spider-Man 2 Junior Novel,"Marvel Press, Brittany Candau",B0FKCYCL8K,Marvel audio books
Venom [Lethal Protector],_Uncataloged\Venom [Lethal Protector],576.41,PROMOTABLE_TO_CANONICAL,Tier 2: Leaf Folder Match,Little Bird,Alisha Williams,B0C63HJBVQ,Black Venom Crew #1
Marvel Spider-Man Forever Young -,_Uncataloged\Marvel Spider-Man Forever Young -,399.39,PROMOTABLE_TO_CANONICAL,Tier 2: Leaf Folder Match,Marvel Comics for Dummies,Troy Brownfield,B0FSGQVSGS,Marvel audio books
Black Panther [Who Is The Black Panther],_Uncataloged\Black Panther [Who Is The Black Panther],2797.94,PROMOTABLE_TO_CANONICAL,Tier 2: Leaf Folder Match,Marvel: Black Panther: The Intergalactic Empire of Wakanda,Suyi Davies Okungbowa,B0DCCH3J72,Marvel Black Panther
Marvel 2015 10-13 - Black Widow - Forever Red,_Uncataloged\Marvel 2015 10-13 - Black Widow - Forever Red,280.56,PROMOTABLE_TO_CANONICAL,Tier 2: Leaf Folder Match,Black Widow Full Retelling,Marvel Press,B0FJ2YRZFB,Marvel Novels
Spider-man_kraven's_last_hunt_lo,_Uncataloged\Spider-man_kraven's_last_hunt_lo,325.72,PROMOTABLE_TO_CANONICAL,Tier 2: Leaf Folder Match,"So I'm a Spider, So What?, Vol. 15","Okina Baba, Tsukasa Kiryu, Jenny McKeon McKeon - translator",B0G1VD18QT,"So I'm a Spider, So What? (light novel) #15"
10-The Dangerous Games[Jedi Quest Book 3],_Uncataloged\10-The Dangerous Games[Jedi Quest Book 3],132.7,PROMOTABLE_TO_CANONICAL,Tier 2: Leaf Folder Match,Star Wars: Jedi Quest #3: The Dangerous Games,Jude Watson,B002V5GUEC,"Star Wars: Legends, Jedi Quest (abridged) #3"
104-Inferno[Legacy Of The Force Book 6],_Uncataloged\104-Inferno[Legacy Of The Force Book 6],343.83,PROMOTABLE_TO_CANONICAL,Tier 2: Leaf Folder Match,Star Wars: Legacy of the Force: Tempest,Troy Denning,B002V02JGA,Star Wars: Legacy of the Force - Legends (abridged) #3
106-Revelation[Legacy Of The Force Book 8],_Uncataloged\106-Revelation[Legacy Of The Force Book 8],410.21,PROMOTABLE_TO_CANONICAL,Tier 2: Leaf Folder Match,Star Wars: Legacy of the Force: Revelation,Karen Traviss,B002V0PZ0M,Star Wars: Legacy of the Force - Legends (abridged) #8
11-The Master of Disguise[Jedi Quest Book 4],_Uncataloged\11-The Master of Disguise[Jedi Quest Book 4],130.73,PROMOTABLE_TO_CANONICAL,Tier 2: Leaf Folder Match,Star Wars: Jedi Quest #4: The Master of Disguise,Jude Watson,B002V0GF9M,"Star Wars: Legends, Jedi Quest (abridged) #4"
24-The Hutt Gambit[Han Solo Trilogy Book 2],_Uncataloged\24-The Hutt Gambit[Han Solo Trilogy Book 2],40.99,PROMOTABLE_TO_CANONICAL,Tier 2: Leaf Folder Match,The Paradise Snare: Star Wars (The Han Solo Trilogy),A. C. Crispin,B002V1LWAS,Star Wars: The Han Solo Trilogy - Legends (abridged) #1
27-A New Hope,_Uncataloged\27-A New Hope,129.03,PROMOTABLE_TO_CANONICAL,Tier 2: Leaf Folder Match,Star Wars™ - Episode IV - Eine neue Hoffnung,"George Lucas, Tony Westermayr",B01M0PUVAE,Star Wars #4
32.2-The Empire Strikes Back Radio Drama,_Uncataloged\32.2-The Empire Strikes Back Radio Drama,364.33,PROMOTABLE_TO_CANONICAL,Tier 2: Leaf Folder Match,Radio Drama - Star Wars Episode V,Brian Daley,,Star Wars
37-Slave Ship[Bounty Hunter Wars Book 2],_Uncataloged\37-Slave Ship[Bounty Hunter Wars Book 2],57.72,PROMOTABLE_TO_CANONICAL,Tier 2: Leaf Folder Match,Star Wars: The Bounty Hunter Wars: Slave Ship,K. W. Jeter,B002VA9B1Q,Star Wars: The Bounty Hunter Wars - Legends (abridged) #2
48-Jedi Knight[Dark Forces Trilogy Book 3],_Uncataloged\48-Jedi Knight[Dark Forces Trilogy Book 3],86.75,PROMOTABLE_TO_CANONICAL,Tier 2: Leaf Folder Match,Crickets 2,William C. Dietz,B0CJ3SDX39,Crickets #2
"61-I, Jedi","_Uncataloged\61-I, Jedi",54.43,PROMOTABLE_TO_CANONICAL,Tier 2: Leaf Folder Match,"Star Wars: I, Jedi",Michael A. Stackpole,B002V02I34,Star Wars
77-Vector Prime[The New Jedi Order Book 1],_Uncataloged\77-Vector Prime[The New Jedi Order Book 1],83.53,PROMOTABLE_TO_CANONICAL,Tier 2: Leaf Folder Match,Vector Prime: Star Wars (The New Jedi Order),R.A. Salvatore,B002V02ILQ,Star Wars: The New Jedi Order - Legends (abridged) #1
81-Jedi Ecli[The New Jedi Order Book 5],_Uncataloged\81-Jedi Ecli[The New Jedi Order Book 5],132.81,PROMOTABLE_TO_CANONICAL,Tier 2: Leaf Folder Match,Star Wars: The New Jedi Order: Agents of Chaos I: Hero's Trial,James Luceno,B002V1CLS0,"Star Wars: The New Jedi Order - Legends (abridged) #4, Star Wars: The New Jedi Order: Agents of Chaos (abridged) #1"
85-Star by Star[The New Jedi Order Book 9],_Uncataloged\85-Star by Star[The New Jedi Order Book 9],107.9,PROMOTABLE_TO_CANONICAL,Tier 2: Leaf Folder Match,Star by Star: Star Wars (The New Jedi Order),Troy Denning,B002VA8FWM,Star Wars: The New Jedi Order - Legends (abridged) #9
86-Dark Journey[The New Jedi Order Book 10],_Uncataloged\86-Dark Journey[The New Jedi Order Book 10],107.43,PROMOTABLE_TO_CANONICAL,Tier 2: Leaf Folder Match,Star Wars: The New Jedi Order: Dark Journey,Elaine Cunningham,B002VA3L62,Star Wars: The New Jedi Order - Legends (abridged) #10
87-Rebel Dream[The New Jedi Order Book 11],_Uncataloged\87-Rebel Dream[The New Jedi Order Book 11],113.29,PROMOTABLE_TO_CANONICAL,Tier 2: Leaf Folder Match,Star Wars: The New Jedi Order: Rebel Dreams,Aaron Allston,B002V0JWIS,Star Wars: The New Jedi Order - Legends (abridged) #11
9-The Trial of the Jedi[Jedi Quest Book 2],_Uncataloged\9-The Trial of the Jedi[Jedi Quest Book 2],109.38,PROMOTABLE_TO_CANONICAL,Tier 2: Leaf Folder Match,Star Wars: Jedi Quest #2: The Trail of the Jedi,Jude Watson,B002VA8NE2,"Star Wars: Legends, Jedi Quest (abridged) #2"
90-Destiny's Way[The New Jedi Order Book 14],_Uncataloged\90-Destiny's Way[The New Jedi Order Book 14],87.09,PROMOTABLE_TO_CANONICAL,Tier 2: Leaf Folder Match,Star Wars: The New Jedi Order: Destiny's Way,Walter Jon Williams,B002V0TNDC,Star Wars: The New Jedi Order - Legends (abridged) #14
12-The Approaching Storm,_Uncataloged\12-The Approaching Storm,292.02,PROMOTABLE_TO_CANONICAL,Tier 2: Leaf Folder Match,Star Wars: The Approaching Storm,Alan Dean Foster,B002V8HD5E,star warz bukz
13-Attack Of The Clones,_Uncataloged\13-Attack Of The Clones,178.75,PROMOTABLE_TO_CANONICAL,Tier 2: Leaf Folder Match,Star Wars: Episode II: Attack of the Clones,R.A. Salvatore,B002V8KTBE,Star Wars #13
14-Shatterpoint,_Uncataloged\14-Shatterpoint,132.62,PROMOTABLE_TO_CANONICAL,Tier 2: Leaf Folder Match,Star Wars: Shatterpoint,Matthew Stover,B002V1ADJY,star warz bukz
15-The Cestus Deception,_Uncataloged\15-The Cestus Deception,138.64,PROMOTABLE_TO_CANONICAL,Tier 2: Leaf Folder Match,Star Wars: Clone Wars: The Cestus Deception,Steven Barnes,B002V1LQOU,Star Wars: A Clone Wars Novel - Legends #3
16-Battle Surgeons[Medstar Book 1],_Uncataloged\16-Battle Surgeons[Medstar Book 1],175.3,PROMOTABLE_TO_CANONICAL,Tier 2: Leaf Folder Match,Star Wars: Medstar I: Battle Surgeons,"Michael Reaves, Steve Perry",B002V1NLNO,Star Wars
17-Jedi Healer[Medstar Book 2],_Uncataloged\17-Jedi Healer[Medstar Book 2],155.33,PROMOTABLE_TO_CANONICAL,Tier 2: Leaf Folder Match,Star Wars: MedStar II: Jedi Healer,"Michael Reaves, Steve Perry",B002VACPIM,Star Wars
19-Dark Rendezvous,_Uncataloged\19-Dark Rendezvous,209.92,PROMOTABLE_TO_CANONICAL,Tier 2: Leaf Folder Match,Yoda: Dark Rendezvous: Star Wars Legends,Sean Stewart,B0CKS1RXYF,Star Wars: Legends
20-Labyrinth Of Evil,_Uncataloged\20-Labyrinth Of Evil,277.99,PROMOTABLE_TO_CANONICAL,Tier 2: Leaf Folder Match,Labyrinth of Evil: Star Wars,James Luceno,B002V1C4J6,Star Wars
22-The Rise Of Darth Vader,_Uncataloged\22-The Rise Of Darth Vader,366.78,PROMOTABLE_TO_CANONICAL,Tier 2: Leaf Folder Match,Star Wars: Dark Lord: The Rise of Darth Vader,James Luceno,B002V0KP4I,Star Wars
25-Rebel Dawn[Han Solo Trilogy Book 3],_Uncataloged\25-Rebel Dawn[Han Solo Trilogy Book 3],141.32,PROMOTABLE_TO_CANONICAL,Tier 2: Leaf Folder Match,Star Wars: The Han Solo Trilogy: Rebel Dawn,A. C. Crispin,B002V1BHV2,Star Wars: The Han Solo Trilogy - Legends (abridged) #3
27.2-A New Hope Radio Drama,_Uncataloged\27.2-A New Hope Radio Drama,489.09,PROMOTABLE_TO_CANONICAL,Tier 2: Leaf Folder Match,Radio Drama - Star Wars Episode IV,Brian Daley,,Star Wars
3-Cloak of Deception,_Uncataloged\3-Cloak of Deception,126.9,PROMOTABLE_TO_CANONICAL,Tier 2: Leaf Folder Match,Star Wars: Cloak of Deception,James Luceno,B002V0RM3A,Star Wars
32-The Empire Strikes Back,_Uncataloged\32-The Empire Strikes Back,129.29,PROMOTABLE_TO_CANONICAL,Tier 2: Leaf Folder Match,Das Imperium schlägt zurück,Donald F. Glut,B01M0PTDDJ,Star Wars #5
33-Shadow Of The Empire,_Uncataloged\33-Shadow Of The Empire,119.76,PROMOTABLE_TO_CANONICAL,Tier 2: Leaf Folder Match,Star Wars: Shadows of the Empire,Steve Perry,B002VA9F2G,Star Wars
34-Return Of The Jedi,_Uncataloged\34-Return Of The Jedi,127.61,PROMOTABLE_TO_CANONICAL,Tier 2: Leaf Folder Match,Die Rückkehr der Jedi-Ritter,James Kahn,B01M2D9J7Q,Star Wars #6
34.2-Return Of The Jedi Radio Drama,_Uncataloged\34.2-Return Of The Jedi Radio Drama,176.63,PROMOTABLE_TO_CANONICAL,Tier 2: Leaf Folder Match,Radio Drama - Star Wars Episode VI,Brian Daley,,Star Wars
36-The Mandalorian Armor[Bounty Hunter Wars Book 1],_Uncataloged\36-The Mandalorian Armor[Bounty Hunter Wars Book 1],165.44,PROMOTABLE_TO_CANONICAL,Tier 2: Leaf Folder Match,Star Wars: The Bounty Hunter Wars: The Mandalorian Armor,K. W. Jeter,B002V5B4NE,Star Wars: The Bounty Hunter Wars - Legends (abridged) #1
38-Hard Merchandise[Bounty Hunter Wars Book 3],_Uncataloged\38-Hard Merchandise[Bounty Hunter Wars Book 3],53.36,PROMOTABLE_TO_CANONICAL,Tier 2: Leaf Folder Match,Star Wars: The Bounty Hunter Wars: Hard Merchandise,K. W. Jeter,B002V013DU,Star Wars: The Bounty Hunter Wars - Legends (abridged) #3
39-The Truce At Bakura,_Uncataloged\39-The Truce At Bakura,57.75,PROMOTABLE_TO_CANONICAL,Tier 2: Leaf Folder Match,The Truce at Bakura: Star Wars,Kathy Tyers,B002V19VV0,Star Wars
40-Rogue Squadron[X-Wing Book 1],_Uncataloged\40-Rogue Squadron[X-Wing Book 1],51.23,PROMOTABLE_TO_CANONICAL,Tier 2: Leaf Folder Match,Star Wars: X-Wing: Rogue Squadron,Michael A. Stackpole,B002V0TFKI,Star Wars: X-Wing - Legends (abridged) #1
4-Shadow Hunter,_Uncataloged\4-Shadow Hunter,85.98,PROMOTABLE_TO_CANONICAL,Tier 2: Leaf Folder Match,Darth Maul - Shadow Hunter,Micheal Reeves,,Star Wars
41-Wedge's Gamble[X-Wing Book 2],_Uncataloged\41-Wedge's Gamble[X-Wing Book 2],51.83,PROMOTABLE_TO_CANONICAL,Tier 2: Leaf Folder Match,Star Wars: X-Wing: Wedge's Gamble,Michael A. Stackpole,B002V0QNRG,Star Wars: X-Wing - Legends (abridged) #2
42-The Krytos Trap[X-Wing Book 3],_Uncataloged\42-The Krytos Trap[X-Wing Book 3],51.73,PROMOTABLE_TO_CANONICAL,Tier 2: Leaf Folder Match,Star Wars: X-Wing: The Krytos Trap,Michael A. Stackpole,B002V02OTC,Star Wars: X-Wing - Legends (abridged) #3
43-The Bacta War[X-Wing Book 4],_Uncataloged\43-The Bacta War[X-Wing Book 4],52.65,PROMOTABLE_TO_CANONICAL,Tier 2: Leaf Folder Match,Star Wars: X-Wing: The Bacta War,Michael A. Stackpole,B002V02OS8,Star Wars: X-Wing - Legends (abridged) #4
44-Wraith Squadron[X-Wing Book 5],_Uncataloged\44-Wraith Squadron[X-Wing Book 5],52.46,PROMOTABLE_TO_CANONICAL,Tier 2: Leaf Folder Match,Star Wars: X-Wing: Wraith Squadron,Aaron Allston,B002V1OHHI,Star Wars: X-Wing - Legends (abridged) #5
45-Iron Fist[X-Wing Book 6],_Uncataloged\45-Iron Fist[X-Wing Book 6],52.62,PROMOTABLE_TO_CANONICAL,Tier 2: Leaf Folder Match,Star Wars: X-Wing: Iron Fist,Aaron Allston,B002V015QK,Star Wars: X-Wing - Legends (abridged) #6
46-Solo Command[X-Wing Book 7],_Uncataloged\46-Solo Command[X-Wing Book 7],51.93,PROMOTABLE_TO_CANONICAL,Tier 2: Leaf Folder Match,Star Wars: X-Wing: Solo Command,Aaron Allston,B002V0TFBW,Star Wars: X-Wing - Legends (abridged) #7
47-The Courtship Of Princess Leia',_Uncataloged\47-The Courtship Of Princess Leia',55.66,PROMOTABLE_TO_CANONICAL,Tier 2: Leaf Folder Match,Star Wars: The Courtship of Princess Leia,Dave Wolverton,B002V0QNO4,Star Wars
49-Tatooine Ghost,_Uncataloged\49-Tatooine Ghost,107.4,PROMOTABLE_TO_CANONICAL,Tier 2: Leaf Folder Match,Star Wars: Tatooine Ghost,Troy Denning,B002V1JFH0,Star Wars
5-Phantom Menace,_Uncataloged\5-Phantom Menace,273.33,PROMOTABLE_TO_CANONICAL,Tier 2: Leaf Folder Match,The Phantom Menace: Star Wars: Episode I,Terry Brooks,B002V0GBFK,Star Wars #12
50-Heir to the Empire[The Thrawn Trilogy Book 1],_Uncataloged\50-Heir to the Empire[The Thrawn Trilogy Book 1],326.37,PROMOTABLE_TO_CANONICAL,Tier 2: Leaf Folder Match,Star Wars: Heir to the Empire,Timothy Zahn,B005IHAT1A,"Star Wars: Legends, Star Wars: The Thrawn Trilogy - Legends #1"
51-Dark Force Rising[The Thrawn Trilogy Book 2],_Uncataloged\51-Dark Force Rising[The Thrawn Trilogy Book 2],357.61,PROMOTABLE_TO_CANONICAL,Tier 2: Leaf Folder Match,"Star Wars: Dark Force Rising: The Thrawn Trilogy, Book 2",Timothy Zahn,B00875DTH6,"Star Wars: Legends, Star Wars: The Thrawn Trilogy - Legends #2"
52-The Last Command[The Thrawn Trilogy Book 3],_Uncataloged\52-The Last Command[The Thrawn Trilogy Book 3],382.39,PROMOTABLE_TO_CANONICAL,Tier 2: Leaf Folder Match,"Star Wars: The Thrawn Trilogy, Book 3: The Last Command",Timothy Zahn,B00893WAG2,"Star Wars: Legends, Star Wars: The Thrawn Trilogy - Legends #3"
53-Isard's Revenge[X-Wing Book 8],_Uncataloged\53-Isard's Revenge[X-Wing Book 8],52.51,PROMOTABLE_TO_CANONICAL,Tier 2: Leaf Folder Match,Star Wars: X-Wing: Isard's Revenge,Michael A. Stackpole,B002VA9F80,Star Wars: X-Wing - Legends (abridged) #8
56-Empire's End[Dark Empire Book 3],_Uncataloged\56-Empire's End[Dark Empire Book 3],59.53,PROMOTABLE_TO_CANONICAL,Tier 2: Leaf Folder Match,United Reign,Kylie Kent,B0CGVQLJ3Z,Valentino Empire #3
57-Crimson Empire,_Uncataloged\57-Crimson Empire,84.86,PROMOTABLE_TO_CANONICAL,Tier 2: Leaf Folder Match,Crimsom Empire,"Mike Richardson, Randy Stradley",,Star Wars
59-Dark Apprentice[The Jedi Academy Trilogy Book 2],_Uncataloged\59-Dark Apprentice[The Jedi Academy Trilogy Book 2],51.67,PROMOTABLE_TO_CANONICAL,Tier 2: Leaf Folder Match,Star Wars: The Jedi Academy: Dark Apprentice,Kevin Anderson,B002V5J4YA,Star Wars: Jedi Academy Trilogy - Legends (abridged) #2
60-Champions Of The Force[The Jedi Academy Trilogy Book 3],_Uncataloged\60-Champions Of The Force[The Jedi Academy Trilogy Book 3],55.55,PROMOTABLE_TO_CANONICAL,Tier 2: Leaf Folder Match,Star Wars: The Jedi Academy: Champions of the Force,Kevin Anderson,B002V5H99W,Star Wars: Jedi Academy Trilogy - Legends (abridged) #3
63-Darksaber[Callista Trilogy Book 2],_Uncataloged\63-Darksaber[Callista Trilogy Book 2],58.57,PROMOTABLE_TO_CANONICAL,Tier 2: Leaf Folder Match,Paul of Dune,"Brian Herbert, Kevin J. Anderson",B002V5CO1A,"The Dune Sequence #10, DUNE: Heroes of Dune #1"
64-Planet of Twilight[Callista Trilogy Book 3],_Uncataloged\64-Planet of Twilight[Callista Trilogy Book 3],57.15,PROMOTABLE_TO_CANONICAL,Tier 2: Leaf Folder Match,Murder in the Trembling Lands,Barbara Hambly,B0F1HKSX9D,Benjamin January Historical Mysteries #21
66-The Crystal Star,_Uncataloged\66-The Crystal Star,43.42,PROMOTABLE_TO_CANONICAL,Tier 2: Leaf Folder Match,Star Wars: The Crystal Star,Vonda McIntyre,B002V1NXJ6,star warz bukz
67-Before The Storm[The Black Fleet Crisis Book 1],_Uncataloged\67-Before The Storm[The Black Fleet Crisis Book 1],54.28,PROMOTABLE_TO_CANONICAL,Tier 2: Leaf Folder Match,Star Wars: The Black Fleet Crisis: Before the Storm,Michael P. Kube-Mcdowell,B002V1NXKA,Star Wars: The Black Fleet Crisis Trilogy - Legends (abridged) #1
68-Shield Of Lies[The Black Fleet Crisis Book 2],_Uncataloged\68-Shield Of Lies[The Black Fleet Crisis Book 2],52.91,PROMOTABLE_TO_CANONICAL,Tier 2: Leaf Folder Match,Star Wars: The Black Fleet Crisis: Shield of Lies,Michael P. Kube-Mcdowell,B002V9YZUO,Star Wars: The Black Fleet Crisis Trilogy - Legends (abridged) #2
69-Tyrant's Test[The Black Fleet Crisis Book 3],_Uncataloged\69-Tyrant's Test[The Black Fleet Crisis Book 3],53.74,PROMOTABLE_TO_CANONICAL,Tier 2: Leaf Folder Match,Star Wars: The Black Fleet Crisis: Tyrant's Test,Michael P. Kube-Mcdowell,B002V59WCE,Star Wars: The Black Fleet Crisis Trilogy - Legends (abridged) #3
7-Outbound Flight,_Uncataloged\7-Outbound Flight,109.0,PROMOTABLE_TO_CANONICAL,Tier 2: Leaf Folder Match,Star Wars: Outbound Flight,Timothy Zahn,B002V9Z7KG,Star Wars (Zahn)
70-New Rebellion,_Uncataloged\70-New Rebellion,64.54,PROMOTABLE_TO_CANONICAL,Tier 2: Leaf Folder Match,Star Wars: The New Rebellion,Kristine Kathryn Rusch,B002VA3F72,star warz bukz
72-Assault At Selonia[The Corellian Trilogy Book 2],_Uncataloged\72-Assault At Selonia[The Corellian Trilogy Book 2],52.54,PROMOTABLE_TO_CANONICAL,Tier 2: Leaf Folder Match,Star Wars: The Corellian Trilogy: Ambush at Corellia,Roger MacBride Allen,B002V015SI,Star Wars: The Corellian Trilogy - Legends (abridged) #1
75-Vision Of The Future[The Thrawn Duologuy Book 2],_Uncataloged\75-Vision Of The Future[The Thrawn Duologuy Book 2],52.08,PROMOTABLE_TO_CANONICAL,Tier 2: Leaf Folder Match,Pawn,Timothy Zahn,B077JCF3L3,Chronicle of the Sibyl's War #1
79-Ruin[The New Jedi Order Book 3],_Uncataloged\79-Ruin[The New Jedi Order Book 3],98.32,PROMOTABLE_TO_CANONICAL,Tier 2: Leaf Folder Match,Star Wars: The New Jedi Order: Dark Tide 1: Onslaught,Michael A. Stackpole,B002V1JR6E,"Star Wars: The New Jedi Order - Legends (abridged) #2, Star Wars: The New Jedi Order: Dark Tide (abridged) #1"
8-The Way of the Apprentice[Jedi Queset Book 1],_Uncataloged\8-The Way of the Apprentice[Jedi Queset Book 1],190.63,PROMOTABLE_TO_CANONICAL,Tier 2: Leaf Folder Match,Star Wars: Jedi Quest #1: The Way of the Apprentice,Jude Watson,B002V8HL06,"Star Wars: Legends, Jedi Quest (abridged) #1"
83-Conquest[The New Jedi Order Book 7],_Uncataloged\83-Conquest[The New Jedi Order Book 7],77.22,PROMOTABLE_TO_CANONICAL,Tier 2: Leaf Folder Match,Star Wars: The New Jedi Order: Edge of Victory I: Conquest,Greg Keyes,B002VA90YE,"Star Wars: The New Jedi Order - Legends (abridged) #7, Star Wars: The New Jedi Order: Edge of Victory (abridged) #1"
84-Rebirth[The New Jedi Order Book 8],_Uncataloged\84-Rebirth[The New Jedi Order Book 8],76.51,PROMOTABLE_TO_CANONICAL,Tier 2: Leaf Folder Match,Star Wars: The New Jedi Order: Edge of Victory II: Rebirth,Greg Keyes,B002V8OE9C,"Star Wars: The New Jedi Order - Legends (abridged) #8, Star Wars: The New Jedi Order: Edge of Victory (abridged) #2"
89-Traitor[The New Jedi Order Book 13],_Uncataloged\89-Traitor[The New Jedi Order Book 13],78.25,PROMOTABLE_TO_CANONICAL,Tier 2: Leaf Folder Match,Star Wars: The New Jedi Order: Traitor,Matthew Stover,B002VACPHS,Star Wars: The New Jedi Order - Legends (abridged) #13
93-Reunion[The New Jedi Order Book 17],_Uncataloged\93-Reunion[The New Jedi Order Book 17],125.36,PROMOTABLE_TO_CANONICAL,Tier 2: Leaf Folder Match,Star Wars: The New Jedi Order: Force Heretic III: Reunion,Sean Williams,B002V5BJA2,"Star Wars: The New Jedi Order - Legends (abridged) #17, Star Wars: The New Jedi Order: Force Heretic (abridged) #3"
94-The Final Prophecy[The New Jedi Order Book 18],_Uncataloged\94-The Final Prophecy[The New Jedi Order Book 18],317.03,PROMOTABLE_TO_CANONICAL,Tier 2: Leaf Folder Match,Star Wars: The New Jedi Order: Edge of Victory III: The Final Prophecy,Greg Keyes,B002V1JB0G,Star Wars: The New Jedi Order - Legends (abridged) #18
95-The Unifying Force[The New Jedi Order Book 19],_Uncataloged\95-The Unifying Force[The New Jedi Order Book 19],172.27,PROMOTABLE_TO_CANONICAL,Tier 2: Leaf Folder Match,Star Wars: The New Jedi Order: The Unifying Force,James Luceno,B002V0K1O2,Star Wars: The New Jedi Order - Legends (abridged) #19
96-The Joiner King[Dark Nest Book 1],_Uncataloged\96-The Joiner King[Dark Nest Book 1],87.19,PROMOTABLE_TO_CANONICAL,Tier 2: Leaf Folder Match,Star Wars: Dark Nest I: The Joiner King,Troy Denning,B002V0K1RO,Star Wars: The Dark Nest Trilogy - Legends (abridged) #1
98-The Swarm War[Dark Nest Book 3],_Uncataloged\98-The Swarm War[Dark Nest Book 3],107.61,PROMOTABLE_TO_CANONICAL,Tier 2: Leaf Folder Match,Star Wars: Dark Nest III: The Swarm War,Troy Denning,B002V00XWC,Star Wars: The Dark Nest Trilogy - Legends (abridged) #3
97-The Unseen Queen[Dark Nest Book 2],_Uncataloged\97-The Unseen Queen[Dark Nest Book 2],107.86,PROMOTABLE_TO_CANONICAL,Tier 2: Leaf Folder Match,Star Wars: Dark Nest II: The Unseen Queen,Troy Denning,B002V8OBW2,Star Wars: The Dark Nest Trilogy - Legends (abridged) #2
Origins - Neil deGrasse Tyson - Audiobook - Unabridged mp3,_Uncataloged\Origins - Neil deGrasse Tyson - Audiobook - Unabridged mp3,240.77,PROMOTABLE_TO_CANONICAL,Tier 2: Leaf Folder Match,"Origins, Revised and Updated","Neil deGrasse Tyson, Donald Goldsmith",B0B2KRTN5Z,Neil Degrasse Tyson
Neil Gaiman - Mirror Mask Audiobook In Proper Order [JabbaJr],_Uncataloged\Neil Gaiman - Mirror Mask Audiobook In Proper Order [JabbaJr],109.61,PROMOTABLE_TO_CANONICAL,Tier 2: Leaf Folder Match,Mirror Mask,Neil Gaiman,B0979PSWGR,Neil Gaiman - Mirror Mask Audiobook In Proper Order [JabbaJr]
Orson Scott Card - Grinning Man (short story),_Uncataloged\Orson Scott Card - Grinning Man (short story),33.25,PROMOTABLE_TO_CANONICAL,Tier 2: Leaf Folder Match,The Grinning Man: Lucid Dreams,JM Steiner,B0FBNNVN27,Orson Scott Card - Alvin Maker AudioBooks
Orson Scott Card - Eye for Eye,_Uncataloged\Orson Scott Card - Eye for Eye,67.72,PROMOTABLE_TO_CANONICAL,Tier 2: Leaf Folder Match,Eye For Eye <Unabr Short Story,Orson Scott Card,,Orson Scott Card Audiobook Collection @ Fenopy.com
Orson Scott Card - Stone Tables,_Uncataloged\Orson Scott Card - Stone Tables,352.61,PROMOTABLE_TO_CANONICAL,Tier 2: Leaf Folder Match,Stone Tables,Orson Scott Card,B07G2MJML4,Orson Scott Card Audiobook Collection @ Fenopy.com
Orson Scott Card - WOG - Rebekah,_Uncataloged\Orson Scott Card - WOG - Rebekah,153.16,PROMOTABLE_TO_CANONICAL,Tier 2: Leaf Folder Match,Women oif Genesis Vol 2 - Rebekah,Orson Scott Card,,Orson Scott Card Audiobook Collection @ Fenopy.com
Orson Scott Card - Maps in a Mirror,_Uncataloged\Orson Scott Card - Maps in a Mirror,73.59,PROMOTABLE_TO_CANONICAL,Tier 2: Leaf Folder Match,Cruel Miracles,Orson Scott Card,B0036GRFAI,Maps in a Mirror #4
dorian_gray_librivox_64kb_mp3,_Uncataloged\dorian_gray_librivox_64kb_mp3,170.74,PROMOTABLE_TO_CANONICAL,Tier 2: Leaf Folder Match,The Uncensored Picture of Dorian Gray,"Oscar Wilde, Nicholas Frankel - editor",1666126063,dorian_gray_librivox_64kb_mp3
The Subtle Knife,_Uncataloged\The Subtle Knife,254.04,PROMOTABLE_TO_CANONICAL,Tier 2: Leaf Folder Match,His Dark Materials: The Subtle Knife (Book 2),Philip Pullman,B002UZHP1U,His Dark Materials #2
Dragonslayer's Retur_B003TTYH1C_LC_64_22050_Stereo.m4b,_Uncataloged\Dragonslayer's Retur_B003TTYH1C_LC_64_22050_Stereo.m4b,162.02,PROMOTABLE_TO_CANONICAL,Tier 2: Leaf Folder Match,Dragonslayer's Return,R. A. Salvatore,B003TU3Q9A,Spearwielder's Tales #3
Echoes of the Fourth_B003BKT20A_LC_64_22050_Stereo.m4b,_Uncataloged\Echoes of the Fourth_B003BKT20A_LC_64_22050_Stereo.m4b,154.95,PROMOTABLE_TO_CANONICAL,Tier 2: Leaf Folder Match,Echoes of the Fourth Magic,R. A. Salvatore,B003BKQZ28,Chronicles of Ynis Aielle #1
"[01, Dramatized Adaptation] The Highwayman","_Uncataloged\[01, Dramatized Adaptation] The Highwayman",446.87,PROMOTABLE_TO_CANONICAL,Tier 2: Leaf Folder Match,The Highwayman [Dramatized Adaptation],R. A. Salvatore,1648802362,Saga of the First King #1
"[02, Dramatized Adaptation] The Ancient","_Uncataloged\[02, Dramatized Adaptation] The Ancient",445.13,PROMOTABLE_TO_CANONICAL,Tier 2: Leaf Folder Match,The Ancient [Dramatized Adaptation],R. A. Salvatore,1648809936,Saga of the First King #2
[01] The Demon Awakens,_Uncataloged\[01] The Demon Awakens,1050.56,PROMOTABLE_TO_CANONICAL,Tier 2: Leaf Folder Match,The Demon Awakens (Dramatized Adaptation),R.A. Salvatore,B0B7XNY87P,The DemonWars Saga #1
Roald Dahl - Wonderful Story Of Henry Sugar Audiobook In Proper Order [JabbaJr],_Uncataloged\Roald Dahl - Wonderful Story Of Henry Sugar Audiobook In Proper Order [JabbaJr],31.94,PROMOTABLE_TO_CANONICAL,Tier 2: Leaf Folder Match,The Wonderful Story of Henry Sugar,Roald Dahl,B00DZPOYTA,Roald Dahl - Wonderful Story Of Henry Sugar Audiobook In Proper Order [JabbaJr]
Fantastic Mr. Fox,_Uncataloged\Fantastic Mr. Fox,55.03,PROMOTABLE_TO_CANONICAL,Tier 2: Leaf Folder Match,El Superzorro [Fantastic Mr. Fox],"Roald Dahl, Ramón Buckley Planas",8420458651,Roald Dahl - Daily Telegraph Audio Books
Asimov - R. Daneel Olivaw - Book 01 - Caves Of Steel,_Uncataloged\Asimov - R. Daneel Olivaw - Book 01 - Caves Of Steel,213.25,PROMOTABLE_TO_CANONICAL,Tier 2: Leaf Folder Match,The Caves of Steel Disc 1,Isaac Asimov,,Isaac Asimov_dup_4263 #1
Azazel,_Uncataloged\Azazel,164.86,PROMOTABLE_TO_CANONICAL,Tier 2: Leaf Folder Match,The Book of Azazel,E.A. Koetting,B0F5KR326Y,Isaac Asimov_dup_4263
Book 3 - Second Foundation,_Uncataloged\Book 3 - Second Foundation,205.1,PROMOTABLE_TO_CANONICAL,Tier 2: Leaf Folder Match,Fundación [Foundation],"Isaac Asimov, Pilar Giralt Gorina - translator",B0BTV3BQDY,Foundation [Spanish Edition] #3
F01 - Foundation,_Uncataloged\F01 - Foundation,169.31,PROMOTABLE_TO_CANONICAL,Tier 2: Leaf Folder Match,Segunda Fundación [Second Foundation],"Isaac Asimov, Pilar Giralt Gorina - translator",B0BV7MGYFH,Foundation [Spanish Edition] #5
Fantastic Voyage,_Uncataloged\Fantastic Voyage,180.07,PROMOTABLE_TO_CANONICAL,Tier 2: Leaf Folder Match,This Is Your Captain Speaking,"Gavin MacLeod, Mark Dagostino",B00G044FC4,Isaac Asimov_dup_4263
Robots & Empire,_Uncataloged\Robots & Empire,396.79,PROMOTABLE_TO_CANONICAL,Tier 2: Leaf Folder Match,Robots e Imperio [Robots and Empire],"Isaac Asimov, Rosa Sánchez de Naveira - translator",B0BXFNTYWZ,Serie de los robots [Robot Series] #5
The Greeks,_Uncataloged\The Greeks,285.18,PROMOTABLE_TO_CANONICAL,Tier 2: Leaf Folder Match,Odyssey,Stephen Fry,B0F38S8J8S,Mythos #4
[01] He Who Fights with Monsters,_Uncataloged\[01] He Who Fights with Monsters,802.8,PROMOTABLE_TO_CANONICAL,Tier 2: Leaf Folder Match,He Who Fights with Monsters: A LitRPG Adventure,"Shirtaloon, Travis Deverell",1774248182,He Who Fights with Monsters #1
[11] He Who Fights with Monsters 11,_Uncataloged\[11] He Who Fights with Monsters 11,730.4,PROMOTABLE_TO_CANONICAL,Tier 2: Leaf Folder Match,He Who Fights with Monsters 11: A LitRPG Adventure,"Shirtaloon, Travis Deverell",B0D1DPR1X3,He Who Fights with Monsters #11
Stephen Fry - Paperweight Vol 1,_Uncataloged\Stephen Fry - Paperweight Vol 1,157.33,PROMOTABLE_TO_CANONICAL,Tier 2: Leaf Folder Match,Paperweight Volume 1,Stephen Fry,,Stephen Fry - Paperweight
Stephen Fry - Paperweight Vol 2,_Uncataloged\Stephen Fry - Paperweight Vol 2,162.79,PROMOTABLE_TO_CANONICAL,Tier 2: Leaf Folder Match,Paperweight Volume 2,Stephen Fry,,Stephen Fry - Paperweight
(audiobook) Stephen Hawking - A Brief History of Time,_Uncataloged\(audiobook) Stephen Hawking - A Brief History of Time,79.93,PROMOTABLE_TO_CANONICAL,Tier 2: Leaf Folder Match,Summary of A Brief History of Time,Stephen Hawking,B0CCFXFMYH,(audiobook) Stephen Hawking - A Brief History of Time
Stephen King - Complete Bachman Books - 7 Audiobooks In Proper Order [JabbaJr],_Uncataloged\Stephen King - Complete Bachman Books - 7 Audiobooks In Proper Order [JabbaJr],1147.52,PROMOTABLE_TO_CANONICAL,Tier 2: Leaf Folder Match,A Longa Marcha [The Long Walk],"Stephen King, Richard Bachman, Regiane Winarski - translator",B0D6CR7V2B,From_Drive_I
Stephen_King-Lida-AUDIOBOOK-SE-2005-CTA,_Uncataloged\Stephen_King-Lida-AUDIOBOOK-SE-2005-CTA,308.1,PROMOTABLE_TO_CANONICAL,Tier 2: Leaf Folder Match,Falling Star,A. G. Mogan,B0FXF5D82J,From_Drive_I
Stephen_King_-_Signal-2006-DAISY-AUDIOBOOK-SE-2007-LzY,_Uncataloged\Stephen_King_-_Signal-2006-DAISY-AUDIOBOOK-SE-2007-LzY,263.17,PROMOTABLE_TO_CANONICAL,Tier 2: Leaf Folder Match,The Signal: A Conspiratorium Novel,Linda Sanchez,B0GGV35VGH,The Redacted Series #2
The Stand by Stephen King,_Uncataloged\The Stand by Stephen King,454.38,PROMOTABLE_TO_CANONICAL,Tier 2: Leaf Folder Match,The End of the World As We Know It,"Stephen King - introduction, Christopher Golden - editor, Brian Keene - editor",B0DPJJM5NJ,The Stand - Stephen King (Audio Book)
Stephen King - Dark Tower 1 - The Gunslinger - Revised Edition,_Uncataloged\Stephen King - Dark Tower 1 - The Gunslinger - Revised Edition,202.19,PROMOTABLE_TO_CANONICAL,Tier 2: Leaf Folder Match,Dark Tower I,Stephen King,B019NNU7XE,The Dark Tower #1
Stephen King - Dark Tower 2 - Drawing of the three,_Uncataloged\Stephen King - Dark Tower 2 - Drawing of the three,349.28,PROMOTABLE_TO_CANONICAL,Tier 2: Leaf Folder Match,Dark Tower II,Stephen King,B019NNTLBS,The Dark Tower #2
Stephen King - Dark Tower 3 - The waist Lands,_Uncataloged\Stephen King - Dark Tower 3 - The waist Lands,500.84,PROMOTABLE_TO_CANONICAL,Tier 2: Leaf Folder Match,Dark Tower III,Stephen King,B019NNT1G8,The Dark Tower #3
Stephen King - Dark Tower 4 - Wizard and Glass,_Uncataloged\Stephen King - Dark Tower 4 - Wizard and Glass,759.77,PROMOTABLE_TO_CANONICAL,Tier 2: Leaf Folder Match,Dark Tower IV,Stephen King,B019NNX0G0,The Dark Tower #4
Stephen King - Dark Tower 7 - The Dark Tower,_Uncataloged\Stephen King - Dark Tower 7 - The Dark Tower,796.73,PROMOTABLE_TO_CANONICAL,Tier 2: Leaf Folder Match,La Torre Oscura [The Dark Tower VII],"Stephen King, Verónica Canales Medina - translator",B0BXBL51K5,La Torre Oscura [The Dark Tower] #7
Stephen King - Dark Tower 2 - Drawing of the three_1,_Uncataloged\Stephen King - Dark Tower 2 - Drawing of the three_1,349.01,PROMOTABLE_TO_CANONICAL,Tier 2: Leaf Folder Match,Dark Tower II,Stephen King,B019NNTLBS,The Dark Tower #2
Stephen King - Dark Tower 3 - The waist Lands_1,_Uncataloged\Stephen King - Dark Tower 3 - The waist Lands_1,500.55,PROMOTABLE_TO_CANONICAL,Tier 2: Leaf Folder Match,Dark Tower III,Stephen King,B019NNT1G8,The Dark Tower #3
Stephen King - Dark Tower 4 - Wizard and Glass_1,_Uncataloged\Stephen King - Dark Tower 4 - Wizard and Glass_1,759.93,PROMOTABLE_TO_CANONICAL,Tier 2: Leaf Folder Match,Dark Tower IV,Stephen King,B019NNX0G0,The Dark Tower #4
Stephanie Meyer - Twilight Saga (Book 1 of 3) - Twilight,_Uncataloged\Stephanie Meyer - Twilight Saga (Book 1 of 3) - Twilight,198.12,PROMOTABLE_TO_CANONICAL,Tier 2: Leaf Folder Match,Bis(s) zum Morgengrauen,Stephenie Meyer,B00TLTAWS6,Complete
art_of_war_librivox_64kb_mp3,_Uncataloged\art_of_war_librivox_64kb_mp3,33.43,PROMOTABLE_TO_CANONICAL,Tier 2: Leaf Folder Match,The Art of War,Sun Tzu,B00URXOQ1E,art_of_war_librivox_64kb_mp3
[01] System Change,_Uncataloged\[01] System Change,689.38,PROMOTABLE_TO_CANONICAL,Tier 2: Leaf Folder Match,System Change: A LitRPG Adventure,SunriseCV,B0BH9FDKP8,System Universe Series #1
Hunger Games 2,_Uncataloged\Hunger Games 2,159.84,PROMOTABLE_TO_CANONICAL,Tier 2: Leaf Folder Match,En llamas [Catching Fire],"Suzanne Collins, Pilar Ramírez Tello - translator",B0DNTVTRZY,Los juegos del hambre [The Hunger Games] #2
Hunger Games 3,_Uncataloged\Hunger Games 3,160.79,PROMOTABLE_TO_CANONICAL,Tier 2: Leaf Folder Match,Mockingjay,Suzanne Collins,1338589040,The Hunger Games #3
[01] A Thousand Li,_Uncataloged\[01] A Thousand Li,466.47,PROMOTABLE_TO_CANONICAL,Tier 2: Leaf Folder Match,A Thousand Li: The First Step,Tao Wong,B0D7N19JGL,A Thousand Li #1
[02] A Thousand Li,_Uncataloged\[02] A Thousand Li,491.11,PROMOTABLE_TO_CANONICAL,Tier 2: Leaf Folder Match,A Thousand Li: The First Step,Tao Wong,B0D7N19JGL,A Thousand Li #1
[03] A Thousand Li,_Uncataloged\[03] A Thousand Li,488.27,PROMOTABLE_TO_CANONICAL,Tier 2: Leaf Folder Match,A Thousand Li: The First Step,Tao Wong,B0D7N19JGL,A Thousand Li #1
Deadly Assessments [_1648817904_LC_128_44100_Stereo.m4b,_Uncataloged\Deadly Assessments [_1648817904_LC_128_44100_Stereo.m4b,418.14,PROMOTABLE_TO_CANONICAL,Tier 2: Leaf Folder Match,Deadly Assessments [Dramatized Adaptation],Drew Hayes,1648817904,"Fred, the Vampire Accountant #5"
Book 02 - Light Fantastic,_Uncataloged\Book 02 - Light Fantastic,183.47,PROMOTABLE_TO_CANONICAL,Tier 2: Leaf Folder Match,The Light Fantastic,Terry Pratchett,B09LZ5HZGC,"Discworld #2, Discworld: Rincewind #2"
Book 06 - Wyrd Sisters,_Uncataloged\Book 06 - Wyrd Sisters,540.77,PROMOTABLE_TO_CANONICAL,Tier 2: Leaf Folder Match,Brujerías [Wyrd Sisters],Terry Pratchett,B0B194R5SV,Mundodisco #6
Book 08 - Guards Guards,_Uncataloged\Book 08 - Guards Guards,280.45,PROMOTABLE_TO_CANONICAL,Tier 2: Leaf Folder Match,CD01 Guards! Guards,Terry Pratchett,,Collection #8
Book 14 - Lords and Ladies,_Uncataloged\Book 14 - Lords and Ladies,371.79,PROMOTABLE_TO_CANONICAL,Tier 2: Leaf Folder Match,Lords and Ladies CD 01,Terry Pratchett,,Collection #14
Book 15 - Men at Arms,_Uncataloged\Book 15 - Men at Arms,402.81,PROMOTABLE_TO_CANONICAL,Tier 2: Leaf Folder Match,Men At Arms CD01,Terry Pratchett,,Disc World 15
Book 16 - Soul Music,_Uncataloged\Book 16 - Soul Music,299.09,PROMOTABLE_TO_CANONICAL,Tier 2: Leaf Folder Match,Highways and Heartaches,Michael Streissguth,B0BTQ3F6M1,Collection #16
Book 26 - Thief of Time,_Uncataloged\Book 26 - Thief of Time,297.04,PROMOTABLE_TO_CANONICAL,Tier 2: Leaf Folder Match,Time of the Thief,Ivy Hollins,B0D2C1KZ4R,Collection #26
Book 01 - The Colour of Magic,_Uncataloged\Book 01 - The Colour of Magic,284.57,PROMOTABLE_TO_CANONICAL,Tier 2: Leaf Folder Match,The Colour of Magic Disc 01,Terry Pratchett,,Terry Pratchett #1
Book 04 - Mort,_Uncataloged\Book 04 - Mort,300.85,PROMOTABLE_TO_CANONICAL,Tier 2: Leaf Folder Match,Mort CD01,Terry Pratchett,,Terry Pratchett #4
Book 17 - Interesting Times,_Uncataloged\Book 17 - Interesting Times,414.8,PROMOTABLE_TO_CANONICAL,Tier 2: Leaf Folder Match,Interesting Times CD01,Terry Pratchett,,Disc World 17
Book 18 - Maskerade,_Uncataloged\Book 18 - Maskerade,243.64,PROMOTABLE_TO_CANONICAL,Tier 2: Leaf Folder Match,01-16 Maskerade,Terry Pratchett,,Terry Pratchett #18
Book 22 - The Last Continent,_Uncataloged\Book 22 - The Last Continent,200.26,PROMOTABLE_TO_CANONICAL,Tier 2: Leaf Folder Match,The Last Great Ape,"Ofir Drori, David McDannald",B00COA8P6U,Terry Pratchett #22
Book 34 - Thud,_Uncataloged\Book 34 - Thud,578.06,PROMOTABLE_TO_CANONICAL,Tier 2: Leaf Folder Match,thud-1,Thud,,Terry Pratchett #34
Good Omens,_Uncataloged\Good Omens,193.67,PROMOTABLE_TO_CANONICAL,Tier 2: Leaf Folder Match,De bons présages,"Neil Gaiman, Terry Pratchett",B08FRLNR8H,Terry Pratchett
The Mystery of a Hansom Cab - Superlative Victorian Crime Novel - BBC Audiobook - cheops,_Uncataloged\The Mystery of a Hansom Cab - Superlative Victorian Crime Novel - BBC Audiobook - cheops,152.16,PROMOTABLE_TO_CANONICAL,Tier 2: Leaf Folder Match,The Mystery of a Hansom Cab (Unabridged),Fergus Hume,B002V8L75G,The Mystery of a Hansom Cab - Superlative Victorian Crime Novel - BBC Audiobook - cheops
01 Hunt For Red October,_Uncataloged\01 Hunt For Red October,37.27,PROMOTABLE_TO_CANONICAL,Tier 2: Leaf Folder Match,The Hunt for Red October,Tom Clancy,B07D2HN6PP,"A Jack Ryan Novel (chronological order) #3, A Jack Ryan Novel (publication order) #1"
04 Clear & Present Danger,_Uncataloged\04 Clear & Present Danger,20.93,PROMOTABLE_TO_CANONICAL,Tier 2: Leaf Folder Match,Clear and Present Danger,Tom Clancy,B004EBZ2GI,"A Jack Ryan Novel (chronological order) #6, A Jack Ryan Novel (publication order) #4"
Dragonsong_2,_Uncataloged\Dragonsong_2,198.04,PROMOTABLE_TO_CANONICAL,Tier 2: Leaf Folder Match,"Dragonsong: Harper Hall Trilogy, Volume 1",Anne McCaffrey,B002V57VYA,"Harper Hall of Pern #1, Pern Novels [publication order] #3"
12 The Spine Of The World_2,_Uncataloged\12 The Spine Of The World_2,259.51,PROMOTABLE_TO_CANONICAL,Tier 2: Leaf Folder Match,"The Spine of the World: Legend of Drizzt: Paths of Darkness, Book 2",R. A. Salvatore,B00HFW9SUE,Legend of Drizzt #12
13 Sea Of Swords_2,_Uncataloged\13 Sea Of Swords_2,250.23,PROMOTABLE_TO_CANONICAL,Tier 2: Leaf Folder Match,"Sea of Swords: Legend of Drizzt: Paths of Darkness, Book 3",R. A. Salvatore,B00HNF85YI,Legend of Drizzt #13
28 Night Of The Hunter_2,_Uncataloged\28 Night Of The Hunter_2,322.31,PROMOTABLE_TO_CANONICAL,Tier 2: Leaf Folder Match,Soul Hunter,Aaron Dembski-Bowden,1789994241,Night Lords #1
12 The Spine Of The World_3,_Uncataloged\12 The Spine Of The World_3,259.51,PROMOTABLE_TO_CANONICAL,Tier 2: Leaf Folder Match,"The Spine of the World: Legend of Drizzt: Paths of Darkness, Book 2",R. A. Salvatore,B00HFW9SUE,Legend of Drizzt #12
13 Sea Of Swords_3,_Uncataloged\13 Sea Of Swords_3,250.23,PROMOTABLE_TO_CANONICAL,Tier 2: Leaf Folder Match,"Sea of Swords: Legend of Drizzt: Paths of Darkness, Book 3",R. A. Salvatore,B00HNF85YI,Legend of Drizzt #13
28 Night Of The Hunter_3,_Uncataloged\28 Night Of The Hunter_3,322.31,PROMOTABLE_TO_CANONICAL,Tier 2: Leaf Folder Match,Soul Hunter,Aaron Dembski-Bowden,1789994241,Night Lords #1
Book 1 - Eye of the World,_Uncataloged\Book 1 - Eye of the World,660.57,PROMOTABLE_TO_CANONICAL,Tier 2: Leaf Folder Match,The Eye of the World,Robert Jordan,B0036NHZ10,The Wheel of Time #1
The Twilight Saga I_  Twilight,_Uncataloged\The Twilight Saga I_  Twilight,333.05,PROMOTABLE_TO_CANONICAL,Tier 2: Leaf Folder Match,The Twilight Saga I:  Twilight,Stephenie Meyer,,Stephenie.Meyers.Twilight.Saga.(Books.1-4).[Audiobooks.4.iPod].VoV
5 [Book Five]  Soul of the Fire,_Uncataloged\5 [Book Five]  Soul of the Fire,669.73,PROMOTABLE_TO_CANONICAL,Tier 2: Leaf Folder Match,Terry Goodkind - Soul of the,01,,Terry Goodkind - The Sword of Truth
6 [Book Six] Faith of the Fallen,_Uncataloged\6 [Book Six] Faith of the Fallen,841.86,PROMOTABLE_TO_CANONICAL,Tier 2: Leaf Folder Match,Terry Goodkind - SoT6 - Faith,Fantasy,,Terry Goodkind - The Sword of Truth
7 [Book Seven] The Pillars of Creation,_Uncataloged\7 [Book Seven] The Pillars of Creation,619.47,PROMOTABLE_TO_CANONICAL,Tier 2: Leaf Folder Match,Terry Goodkind - The Pillars,Fantasy,,Terry Goodkind - The Sword of Truth
12.5 James Penney’s New Identity - Guy Walks into a Bar_1,_Uncataloged\12.5 James Penney’s New Identity - Guy Walks into a Bar_1,39.12,PROMOTABLE_TO_CANONICAL,Tier 2: Leaf Folder Match,12.5 James Penney’s New Identity - Guy Walks into a Bar,Lee Child,,Jack Reacher
4 The Visitor,_Uncataloged\4 The Visitor,390.32,PROMOTABLE_TO_CANONICAL,Tier 2: Leaf Folder Match,Running Blind,Lee Child,B009WRO5LW,Jack Reacher #4
Stephen Fry - Paperweight Vol 1_1,_Uncataloged\Stephen Fry - Paperweight Vol 1_1,157.33,PROMOTABLE_TO_CANONICAL,Tier 2: Leaf Folder Match,Paperweight Volume 1,Stephen Fry,,Stephen Fry - Paperweight
Stephen Fry - Paperweight Vol 2_1,_Uncataloged\Stephen Fry - Paperweight Vol 2_1,162.79,PROMOTABLE_TO_CANONICAL,Tier 2: Leaf Folder Match,Paperweight Volume 2,Stephen Fry,,Stephen Fry - Paperweight
"Closers, The","_Uncataloged\Closers, The",55.27,PROMOTABLE_TO_CANONICAL,Tier 2: Leaf Folder Match,The Closers,Michael Connelly,B002V59WS8,A Harry Bosch Novel #11
Black Panther [The Young Prince]_1,_Uncataloged\Black Panther [The Young Prince]_1,158.57,PROMOTABLE_TO_CANONICAL,Tier 2: Leaf Folder Match,Marvel’s Black Panther: Sins of the King,"Tananarive Due, Geoffrey Thorne, Mohale Mashigo, Ira Madison, Steven Barnes",B0DJMPNS1T,Marvel audio books
Captain Marvel [Liberation Run]_1,_Uncataloged\Captain Marvel [Liberation Run]_1,750.27,PROMOTABLE_TO_CANONICAL,Tier 2: Leaf Folder Match,Captain America: Dark Designs,"Stefan Petrucha, Marvel",1974979512,Marvel Novels #10
Fantastic Four [War Zone]_1,_Uncataloged\Fantastic Four [War Zone]_1,654.18,PROMOTABLE_TO_CANONICAL,Tier 2: Leaf Folder Match,Fantastic Four: Doomgate,"Jeffrey Lang, Marvel",1662041802,Marvel audio books
Dreams_1,_Uncataloged\Dreams_1,771.67,PROMOTABLE_TO_CANONICAL,Tier 2: Leaf Folder Match,Dr. Strange - The Fate of Dreams,GraphicAudio,,GA - Doctor Strange - The Fate of Dreams
Marvel - Avengers - Everybody Wants To Rule The World [GraphicAudio 256]_1,_Uncataloged\Marvel - Avengers - Everybody Wants To Rule The World [GraphicAudio 256]_1,683.53,PROMOTABLE_TO_CANONICAL,Tier 2: Leaf Folder Match,The Avengers: Everybody Wants to Rule the World,"Marvel, Dan Abnett",1974978869,Marvel audio books
Marvel - Deadpool 01 - Paws [GraphicAudio-256]_1,_Uncataloged\Marvel - Deadpool 01 - Paws [GraphicAudio-256]_1,694.98,PROMOTABLE_TO_CANONICAL,Tier 2: Leaf Folder Match,Deadpool: Paws,"Stefan Petrucha, Marvel",197498043X,Marvel Novels #4
Marvel -Spiderman - Lizard Sanction_1,_Uncataloged\Marvel -Spiderman - Lizard Sanction_1,187.18,PROMOTABLE_TO_CANONICAL,Tier 2: Leaf Folder Match,Spider-Man: The Lizard Sanction,Diane Duane,B0038F0EQO,Spider-Man
The Amazing Spiderman CD2_1,_Uncataloged\The Amazing Spiderman CD2_1,135.08,PROMOTABLE_TO_CANONICAL,Tier 2: Leaf Folder Match,Camel Spiders: Amazing Facts and Myths About Camel Spiders,Hathai Ross,B0F2DBSC17,Marvel -The Amazing Spiderman (BBC-256k)
Marvel civil war_1,_Uncataloged\Marvel civil war_1,527.1,PROMOTABLE_TO_CANONICAL,Tier 2: Leaf Folder Match,Divided We Fall: A Post-Apocalyptic Novel of America's Coming Civil War,Mark Goodwin,B07C3DQCY2,Ava's Crucible #1
Marvel Spider-Man Forever Young -_1,_Uncataloged\Marvel Spider-Man Forever Young -_1,399.39,PROMOTABLE_TO_CANONICAL,Tier 2: Leaf Folder Match,Marvel Comics for Dummies,Troy Brownfield,B0FSGQVSGS,Marvel audio books
"Marvel, Alex Irvine - Astonishing X-Men - Days of Future Past [GraphicAudio 256]_1","_Uncataloged\Marvel, Alex Irvine - Astonishing X-Men - Days of Future Past [GraphicAudio 256]_1",537.09,PROMOTABLE_TO_CANONICAL,Tier 2: Leaf Folder Match,Marvel Super Heroes: Secret Wars,"Alex Irvine, Marvel",1974980758,Marvel audio books
Marvel’ Doctor Strange_1,_Uncataloged\Marvel’ Doctor Strange_1,56.06,PROMOTABLE_TO_CANONICAL,Tier 2: Leaf Folder Match,Marvel's Phase Three,"Marvel Press, Alexander Irvine",B0FGKSRPC1,Marvel's Phase #3
The Amazing Spider-Man (BBC Radio Play)_1,_Uncataloged\The Amazing Spider-Man (BBC Radio Play)_1,270.46,PROMOTABLE_TO_CANONICAL,Tier 2: Leaf Folder Match,The Amazing Spider-Man 2 Junior Novel,"Marvel Press, Brittany Candau",B0FKCYCL8K,Marvel audio books
Venom [Lethal Protector]_1,_Uncataloged\Venom [Lethal Protector]_1,576.41,PROMOTABLE_TO_CANONICAL,Tier 2: Leaf Folder Match,Little Bird,Alisha Williams,B0C63HJBVQ,Black Venom Crew #1
01 - Harry Potter and the Philosophers Stone,_Uncataloged\01 - Harry Potter and the Philosophers Stone,462.0,PROMOTABLE_TO_CANONICAL,Tier 2: Leaf Folder Match,Harry Potter and the Philosopher's Stone (Narrated by Stephen Fry),J.K. Rowling,B0D1CSXB3Z,Harry Potter (Narrated by Stephen Fry) #1
02 - Harry Potter and the Chamber of Secrets,_Uncataloged\02 - Harry Potter and the Chamber of Secrets,535.1,PROMOTABLE_TO_CANONICAL,Tier 2: Leaf Folder Match,Harry Potter and the Chamber of Secrets (Narrated by Stephen Fry),J.K. Rowling,B0D1CTCS5D,Harry Potter (Narrated by Stephen Fry) #2
03 - Harry Potter and the Prisoner of Azkaban,_Uncataloged\03 - Harry Potter and the Prisoner of Azkaban,664.18,PROMOTABLE_TO_CANONICAL,Tier 2: Leaf Folder Match,Harry Potter and the Prisoner of Azkaban (Narrated by Stephen Fry),J.K. Rowling,B0D1CW8W56,Harry Potter (Narrated by Stephen Fry) #3
04 - Harry Potter and the Goblet of Fire,_Uncataloged\04 - Harry Potter and the Goblet of Fire,1152.08,PROMOTABLE_TO_CANONICAL,Tier 2: Leaf Folder Match,Harry Potter and the Goblet of Fire (Narrated by Stephen Fry),J.K. Rowling,B0D1C5R1XF,Harry Potter (Narrated by Stephen Fry) #4
05 - Harry Potter and the Order of the Phoenix,_Uncataloged\05 - Harry Potter and the Order of the Phoenix,1600.33,PROMOTABLE_TO_CANONICAL,Tier 2: Leaf Folder Match,Harry Potter and the Order of the Phoenix (Narrated by Stephen Fry),J.K. Rowling,B0D1CVZ22J,Harry Potter (Narrated by Stephen Fry) #5
06 - Harry Potter and the Half-Blood Prince,_Uncataloged\06 - Harry Potter and the Half-Blood Prince,1131.26,PROMOTABLE_TO_CANONICAL,Tier 2: Leaf Folder Match,Harry Potter and the Half-Blood Prince (Narrated by Stephen Fry),J.K. Rowling,B0D1CWLB8H,Harry Potter (Narrated by Stephen Fry) #6
Harry Potter and the Deathly Hallows - Audiobook,_Uncataloged\Harry Potter and the Deathly Hallows - Audiobook,891.71,PROMOTABLE_TO_CANONICAL,Tier 2: Leaf Folder Match,HPatDH Disk1,J.K. Rowling,,Harry Potter Audio Books - By Stephen Fry (UK Version)
Harry Potter and the Deathly Hallows Read By Stephen Fry,_Uncataloged\Harry Potter and the Deathly Hallows Read By Stephen Fry,1320.74,PROMOTABLE_TO_CANONICAL,Tier 2: Leaf Folder Match,Harry Potter and the Deathly Hallows (Narrated by Stephen Fry),J.K. Rowling,B0D1CWTPYD,Harry Potter (Narrated by Stephen Fry) #7
More Scary Stories To Tell In The Dark,_Uncataloged\More Scary Stories To Tell In The Dark,89.64,PROMOTABLE_TO_CANONICAL,Tier 2: Leaf Folder Match,Scary Stories Disc 2,Alvin Schwartz,,Scary Stories To Tell In The Dark - Audio Books
Scary Stories To Tell In The Dark,_Uncataloged\Scary Stories To Tell In The Dark,95.33,PROMOTABLE_TO_CANONICAL,Tier 2: Leaf Folder Match,The 30 Best Scary Stories to Tell in the Dark,Tom Black,B0D6KPTMSX,Scary Stories To Tell In The Dark - Audio Books
Salem's Lot (Disc 15),_Uncataloged\Salem's Lot (Disc 15),27.38,PROMOTABLE_TO_CANONICAL,Tier 2: Leaf Folder Match,El misterio de Salem's Lot [Salem's Lot],"Stephen King, Marta Isabel Gustavino Castro",B01N8RXNTM,Stephen King - Salems Lot
Origins - Neil deGrasse Tyson - Audiobook - Unabridged mp3_1,_Uncataloged\Origins - Neil deGrasse Tyson - Audiobook - Unabridged mp3_1,240.77,PROMOTABLE_TO_CANONICAL,Tier 2: Leaf Folder Match,"Origins, Revised and Updated","Neil deGrasse Tyson, Donald Goldsmith",B0B2KRTN5Z,Neil Degrasse Tyson
Neil Degrasse Tyson_dup_4263,_Uncataloged\Neil Degrasse Tyson_dup_4263,422.54,PROMOTABLE_TO_CANONICAL,Tier 2: Leaf Folder Match,Letters from an Astrophysicist,Neil deGrasse Tyson,B07VQJB4NF,
Origins - Neil deGrasse Tyson - Audiobook - Unabridged mp3_2,_Uncataloged\Origins - Neil deGrasse Tyson - Audiobook - Unabridged mp3_2,241.3,PROMOTABLE_TO_CANONICAL,Tier 2: Leaf Folder Match,"Origins, Revised and Updated","Neil deGrasse Tyson, Donald Goldsmith",B0B2KRTN5Z,Neil Degrasse Tyson
Quintissential Phase,_Uncataloged\Quintissential Phase,50.93,PROMOTABLE_TO_CANONICAL,Tier 2: Leaf Folder Match,The Hitchhiker's Guide To The Galaxy: Quandary Phase,Douglas Adams,B002V5BIDA,Hitchhiker's Guide (radio plays) #4
Tertiary Phase,_Uncataloged\Tertiary Phase,88.75,PROMOTABLE_TO_CANONICAL,Tier 2: Leaf Folder Match,The Hitchhiker's Guide To The Galaxy: Tertiary Phase,Douglas Adams,B002V0TFUI,Hitchhiker's Guide (radio plays) #3
Book 3 - Second Foundation_1,_Uncataloged\Book 3 - Second Foundation_1,102.99,PROMOTABLE_TO_CANONICAL,Tier 2: Leaf Folder Match,Fundación [Foundation],"Isaac Asimov, Pilar Giralt Gorina - translator",B0BTV3BQDY,Foundation [Spanish Edition] #3
Asimov - R. Daneel Olivaw - Book 01 - Caves Of Steel_1,_Uncataloged\Asimov - R. Daneel Olivaw - Book 01 - Caves Of Steel_1,213.25,PROMOTABLE_TO_CANONICAL,Tier 2: Leaf Folder Match,The Caves of Steel Disc 1,Isaac Asimov,,Isaac Asimov_dup_4263 #1
Azazel_1,_Uncataloged\Azazel_1,164.86,PROMOTABLE_TO_CANONICAL,Tier 2: Leaf Folder Match,The Book of Azazel,E.A. Koetting,B0F5KR326Y,Isaac Asimov_dup_4263
Book 3 - Second Foundation_2,_Uncataloged\Book 3 - Second Foundation_2,205.1,PROMOTABLE_TO_CANONICAL,Tier 2: Leaf Folder Match,Fundación [Foundation],"Isaac Asimov, Pilar Giralt Gorina - translator",B0BTV3BQDY,Foundation [Spanish Edition] #3
F01 - Foundation_1,_Uncataloged\F01 - Foundation_1,169.31,PROMOTABLE_TO_CANONICAL,Tier 2: Leaf Folder Match,Segunda Fundación [Second Foundation],"Isaac Asimov, Pilar Giralt Gorina - translator",B0BV7MGYFH,Foundation [Spanish Edition] #5
Fantastic Voyage_1,_Uncataloged\Fantastic Voyage_1,180.07,PROMOTABLE_TO_CANONICAL,Tier 2: Leaf Folder Match,This Is Your Captain Speaking,"Gavin MacLeod, Mark Dagostino",B00G044FC4,Isaac Asimov_dup_4263
Asimov - R. Daneel Olivaw - Book 01 - Caves Of Steel_2,_Uncataloged\Asimov - R. Daneel Olivaw - Book 01 - Caves Of Steel_2,213.25,PROMOTABLE_TO_CANONICAL,Tier 2: Leaf Folder Match,The Caves of Steel Disc 1,Isaac Asimov,,Isaac Asimov_dup_4263 #1
Azazel_2,_Uncataloged\Azazel_2,164.86,PROMOTABLE_TO_CANONICAL,Tier 2: Leaf Folder Match,The Book of Azazel,E.A. Koetting,B0F5KR326Y,Isaac Asimov_dup_4263
Book 3 - Second Foundation_3,_Uncataloged\Book 3 - Second Foundation_3,205.1,PROMOTABLE_TO_CANONICAL,Tier 2: Leaf Folder Match,Fundación [Foundation],"Isaac Asimov, Pilar Giralt Gorina - translator",B0BTV3BQDY,Foundation [Spanish Edition] #3
F01 - Foundation_2,_Uncataloged\F01 - Foundation_2,169.31,PROMOTABLE_TO_CANONICAL,Tier 2: Leaf Folder Match,Segunda Fundación [Second Foundation],"Isaac Asimov, Pilar Giralt Gorina - translator",B0BV7MGYFH,Foundation [Spanish Edition] #5
Fantastic Voyage_2,_Uncataloged\Fantastic Voyage_2,180.07,PROMOTABLE_TO_CANONICAL,Tier 2: Leaf Folder Match,This Is Your Captain Speaking,"Gavin MacLeod, Mark Dagostino",B00G044FC4,Isaac Asimov_dup_4263
Robots & Empire_2,_Uncataloged\Robots & Empire_2,396.79,PROMOTABLE_TO_CANONICAL,Tier 2: Leaf Folder Match,Robots e Imperio [Robots and Empire],"Isaac Asimov, Rosa Sánchez de Naveira - translator",B0BXFNTYWZ,Serie de los robots [Robot Series] #5
The Greeks_2,_Uncataloged\The Greeks_2,285.18,PROMOTABLE_TO_CANONICAL,Tier 2: Leaf Folder Match,Odyssey,Stephen Fry,B0F38S8J8S,Mythos #4
Robots & Empire_1,_Uncataloged\Robots & Empire_1,396.79,PROMOTABLE_TO_CANONICAL,Tier 2: Leaf Folder Match,Robots e Imperio [Robots and Empire],"Isaac Asimov, Rosa Sánchez de Naveira - translator",B0BXFNTYWZ,Serie de los robots [Robot Series] #5
The Greeks_1,_Uncataloged\The Greeks_1,285.18,PROMOTABLE_TO_CANONICAL,Tier 2: Leaf Folder Match,Odyssey,Stephen Fry,B0F38S8J8S,Mythos #4
Asimov - R. Daneel Olivaw - Book 01 - Caves Of Steel_3,_Uncataloged\Asimov - R. Daneel Olivaw - Book 01 - Caves Of Steel_3,213.25,PROMOTABLE_TO_CANONICAL,Tier 2: Leaf Folder Match,The Caves of Steel Disc 1,Isaac Asimov,,Isaac Asimov_dup_4263 #1
Azazel_3,_Uncataloged\Azazel_3,164.86,PROMOTABLE_TO_CANONICAL,Tier 2: Leaf Folder Match,The Book of Azazel,E.A. Koetting,B0F5KR326Y,Isaac Asimov_dup_4263
Book 3 - Second Foundation_4,_Uncataloged\Book 3 - Second Foundation_4,205.1,PROMOTABLE_TO_CANONICAL,Tier 2: Leaf Folder Match,Fundación [Foundation],"Isaac Asimov, Pilar Giralt Gorina - translator",B0BTV3BQDY,Foundation [Spanish Edition] #3
F01 - Foundation_3,_Uncataloged\F01 - Foundation_3,170.37,PROMOTABLE_TO_CANONICAL,Tier 2: Leaf Folder Match,Segunda Fundación [Second Foundation],"Isaac Asimov, Pilar Giralt Gorina - translator",B0BV7MGYFH,Foundation [Spanish Edition] #5
Fantastic Voyage_3,_Uncataloged\Fantastic Voyage_3,180.07,PROMOTABLE_TO_CANONICAL,Tier 2: Leaf Folder Match,This Is Your Captain Speaking,"Gavin MacLeod, Mark Dagostino",B00G044FC4,Isaac Asimov_dup_4263
Book 3 - Second Foundation_5,_Uncataloged\Book 3 - Second Foundation_5,102.99,PROMOTABLE_TO_CANONICAL,Tier 2: Leaf Folder Match,Fundación [Foundation],"Isaac Asimov, Pilar Giralt Gorina - translator",B0BTV3BQDY,Foundation [Spanish Edition] #3
Robots & Empire_3,_Uncataloged\Robots & Empire_3,396.79,PROMOTABLE_TO_CANONICAL,Tier 2: Leaf Folder Match,Robots e Imperio [Robots and Empire],"Isaac Asimov, Rosa Sánchez de Naveira - translator",B0BXFNTYWZ,Serie de los robots [Robot Series] #5
The Greeks_3,_Uncataloged\The Greeks_3,285.18,PROMOTABLE_TO_CANONICAL,Tier 2: Leaf Folder Match,Odyssey,Stephen Fry,B0F38S8J8S,Mythos #4
Asimov - R. Daneel Olivaw - Book 01 - Caves Of Steel_4,_Uncataloged\Asimov - R. Daneel Olivaw - Book 01 - Caves Of Steel_4,213.25,PROMOTABLE_TO_CANONICAL,Tier 2: Leaf Folder Match,The Caves of Steel Disc 1,Isaac Asimov,,Isaac Asimov_dup_4263 #1
Azazel_4,_Uncataloged\Azazel_4,164.86,PROMOTABLE_TO_CANONICAL,Tier 2: Leaf Folder Match,The Book of Azazel,E.A. Koetting,B0F5KR326Y,Isaac Asimov_dup_4263
Book 3 - Second Foundation_6,_Uncataloged\Book 3 - Second Foundation_6,205.1,PROMOTABLE_TO_CANONICAL,Tier 2: Leaf Folder Match,Fundación [Foundation],"Isaac Asimov, Pilar Giralt Gorina - translator",B0BTV3BQDY,Foundation [Spanish Edition] #3
F01 - Foundation_4,_Uncataloged\F01 - Foundation_4,170.37,PROMOTABLE_TO_CANONICAL,Tier 2: Leaf Folder Match,Segunda Fundación [Second Foundation],"Isaac Asimov, Pilar Giralt Gorina - translator",B0BV7MGYFH,Foundation [Spanish Edition] #5
Fantastic Voyage_4,_Uncataloged\Fantastic Voyage_4,180.07,PROMOTABLE_TO_CANONICAL,Tier 2: Leaf Folder Match,This Is Your Captain Speaking,"Gavin MacLeod, Mark Dagostino",B00G044FC4,Isaac Asimov_dup_4263
Robots & Empire_4,_Uncataloged\Robots & Empire_4,396.79,PROMOTABLE_TO_CANONICAL,Tier 2: Leaf Folder Match,Robots e Imperio [Robots and Empire],"Isaac Asimov, Rosa Sánchez de Naveira - translator",B0BXFNTYWZ,Serie de los robots [Robot Series] #5
The Greeks_4,_Uncataloged\The Greeks_4,285.18,PROMOTABLE_TO_CANONICAL,Tier 2: Leaf Folder Match,Odyssey,Stephen Fry,B0F38S8J8S,Mythos #4
Asimov - R. Daneel Olivaw - Book 01 - Caves Of Steel_5,_Uncataloged\Asimov - R. Daneel Olivaw - Book 01 - Caves Of Steel_5,213.25,PROMOTABLE_TO_CANONICAL,Tier 2: Leaf Folder Match,The Caves of Steel Disc 1,Isaac Asimov,,Isaac Asimov_dup_4263 #1
Azazel_5,_Uncataloged\Azazel_5,164.86,PROMOTABLE_TO_CANONICAL,Tier 2: Leaf Folder Match,The Book of Azazel,E.A. Koetting,B0F5KR326Y,Isaac Asimov_dup_4263
Book 3 - Second Foundation_7,_Uncataloged\Book 3 - Second Foundation_7,205.1,PROMOTABLE_TO_CANONICAL,Tier 2: Leaf Folder Match,Fundación [Foundation],"Isaac Asimov, Pilar Giralt Gorina - translator",B0BTV3BQDY,Foundation [Spanish Edition] #3
F01 - Foundation_5,_Uncataloged\F01 - Foundation_5,169.31,PROMOTABLE_TO_CANONICAL,Tier 2: Leaf Folder Match,Segunda Fundación [Second Foundation],"Isaac Asimov, Pilar Giralt Gorina - translator",B0BV7MGYFH,Foundation [Spanish Edition] #5
Fantastic Voyage_5,_Uncataloged\Fantastic Voyage_5,180.07,PROMOTABLE_TO_CANONICAL,Tier 2: Leaf Folder Match,This Is Your Captain Speaking,"Gavin MacLeod, Mark Dagostino",B00G044FC4,Isaac Asimov_dup_4263
Asimov - R. Daneel Olivaw - Book 01 - Caves Of Steel_6,_Uncataloged\Asimov - R. Daneel Olivaw - Book 01 - Caves Of Steel_6,213.25,PROMOTABLE_TO_CANONICAL,Tier 2: Leaf Folder Match,The Caves of Steel Disc 1,Isaac Asimov,,Isaac Asimov_dup_4263 #1
Azazel_6,_Uncataloged\Azazel_6,164.86,PROMOTABLE_TO_CANONICAL,Tier 2: Leaf Folder Match,The Book of Azazel,E.A. Koetting,B0F5KR326Y,Isaac Asimov_dup_4263
Book 3 - Second Foundation_8,_Uncataloged\Book 3 - Second Foundation_8,205.1,PROMOTABLE_TO_CANONICAL,Tier 2: Leaf Folder Match,Fundación [Foundation],"Isaac Asimov, Pilar Giralt Gorina - translator",B0BTV3BQDY,Foundation [Spanish Edition] #3
F01 - Foundation_6,_Uncataloged\F01 - Foundation_6,169.31,PROMOTABLE_TO_CANONICAL,Tier 2: Leaf Folder Match,Segunda Fundación [Second Foundation],"Isaac Asimov, Pilar Giralt Gorina - translator",B0BV7MGYFH,Foundation [Spanish Edition] #5
Fantastic Voyage_6,_Uncataloged\Fantastic Voyage_6,180.07,PROMOTABLE_TO_CANONICAL,Tier 2: Leaf Folder Match,This Is Your Captain Speaking,"Gavin MacLeod, Mark Dagostino",B00G044FC4,Isaac Asimov_dup_4263
Robots & Empire_6,_Uncataloged\Robots & Empire_6,396.79,PROMOTABLE_TO_CANONICAL,Tier 2: Leaf Folder Match,Robots e Imperio [Robots and Empire],"Isaac Asimov, Rosa Sánchez de Naveira - translator",B0BXFNTYWZ,Serie de los robots [Robot Series] #5
Robots & Empire_5,_Uncataloged\Robots & Empire_5,396.79,PROMOTABLE_TO_CANONICAL,Tier 2: Leaf Folder Match,Robots e Imperio [Robots and Empire],"Isaac Asimov, Rosa Sánchez de Naveira - translator",B0BXFNTYWZ,Serie de los robots [Robot Series] #5
The Greeks_5,_Uncataloged\The Greeks_5,285.18,PROMOTABLE_TO_CANONICAL,Tier 2: Leaf Folder Match,Odyssey,Stephen Fry,B0F38S8J8S,Mythos #4
10-The Dangerous Games[Jedi Quest Book 3]_1,_Uncataloged\10-The Dangerous Games[Jedi Quest Book 3]_1,132.71,PROMOTABLE_TO_CANONICAL,Tier 2: Leaf Folder Match,Star Wars: Jedi Quest #3: The Dangerous Games,Jude Watson,B002V5GUEC,"Star Wars: Legends, Jedi Quest (abridged) #3"
103-Sacrifice[Legacy Of The Force Book 5],_Uncataloged\103-Sacrifice[Legacy Of The Force Book 5],342.3,PROMOTABLE_TO_CANONICAL,Tier 2: Leaf Folder Match,Star Wars: Legacy of the Force: Sacrifice,Karen Traviss,B002V1BRRG,Star Wars: Legacy of the Force - Legends (abridged) #5
104-Inferno[Legacy Of The Force Book 6]_1,_Uncataloged\104-Inferno[Legacy Of The Force Book 6]_1,343.84,PROMOTABLE_TO_CANONICAL,Tier 2: Leaf Folder Match,Star Wars: Legacy of the Force: Tempest,Troy Denning,B002V02JGA,Star Wars: Legacy of the Force - Legends (abridged) #3
105-Fury[Legacy Of The Force Book 7],_Uncataloged\105-Fury[Legacy Of The Force Book 7],344.53,PROMOTABLE_TO_CANONICAL,Tier 2: Leaf Folder Match,Star Wars: Legacy of the Force: Fury,Aaron Allston,B002V1JD4U,Star Wars: Legacy of the Force - Legends (abridged) #7
106-Revelation[Legacy Of The Force Book 8]_1,_Uncataloged\106-Revelation[Legacy Of The Force Book 8]_1,410.21,PROMOTABLE_TO_CANONICAL,Tier 2: Leaf Folder Match,Star Wars: Legacy of the Force: Revelation,Karen Traviss,B002V0PZ0M,Star Wars: Legacy of the Force - Legends (abridged) #8
11-The Master of Disguise[Jedi Quest Book 4]_1,_Uncataloged\11-The Master of Disguise[Jedi Quest Book 4]_1,130.74,PROMOTABLE_TO_CANONICAL,Tier 2: Leaf Folder Match,Star Wars: Jedi Quest #4: The Master of Disguise,Jude Watson,B002V0GF9M,"Star Wars: Legends, Jedi Quest (abridged) #4"
12-The Approaching Storm_1,_Uncataloged\12-The Approaching Storm_1,292.03,PROMOTABLE_TO_CANONICAL,Tier 2: Leaf Folder Match,Star Wars: The Approaching Storm,Alan Dean Foster,B002V8HD5E,star warz bukz
13-Attack Of The Clones_1,_Uncataloged\13-Attack Of The Clones_1,178.75,PROMOTABLE_TO_CANONICAL,Tier 2: Leaf Folder Match,Star Wars: Episode II: Attack of the Clones,R.A. Salvatore,B002V8KTBE,Star Wars #13
14-Shatterpoint_1,_Uncataloged\14-Shatterpoint_1,132.62,PROMOTABLE_TO_CANONICAL,Tier 2: Leaf Folder Match,Star Wars: Shatterpoint,Matthew Stover,B002V1ADJY,star warz bukz
15-The Cestus Deception_1,_Uncataloged\15-The Cestus Deception_1,138.64,PROMOTABLE_TO_CANONICAL,Tier 2: Leaf Folder Match,Star Wars: Clone Wars: The Cestus Deception,Steven Barnes,B002V1LQOU,Star Wars: A Clone Wars Novel - Legends #3
16-Battle Surgeons[Medstar Book 1]_1,_Uncataloged\16-Battle Surgeons[Medstar Book 1]_1,175.81,PROMOTABLE_TO_CANONICAL,Tier 2: Leaf Folder Match,Star Wars: Medstar I: Battle Surgeons,"Michael Reaves, Steve Perry",B002V1NLNO,Star Wars
17-Jedi Healer[Medstar Book 2]_1,_Uncataloged\17-Jedi Healer[Medstar Book 2]_1,155.89,PROMOTABLE_TO_CANONICAL,Tier 2: Leaf Folder Match,Star Wars: MedStar II: Jedi Healer,"Michael Reaves, Steve Perry",B002VACPIM,Star Wars
18-Jedi Trial,_Uncataloged\18-Jedi Trial,276.44,PROMOTABLE_TO_CANONICAL,Tier 2: Leaf Folder Match,Star Wars: Jedi Trial,"David Sherman, Dan Cragg",B002V8HNYK,Star Wars: A Clone Wars Novel - Legends #6
19-Dark Rendezvous_1,_Uncataloged\19-Dark Rendezvous_1,210.79,PROMOTABLE_TO_CANONICAL,Tier 2: Leaf Folder Match,Yoda: Dark Rendezvous: Star Wars Legends,Sean Stewart,B0CKS1RXYF,Star Wars: Legends
20-Labyrinth Of Evil_1,_Uncataloged\20-Labyrinth Of Evil_1,278.46,PROMOTABLE_TO_CANONICAL,Tier 2: Leaf Folder Match,Labyrinth of Evil: Star Wars,James Luceno,B002V1C4J6,Star Wars
22-The Rise Of Darth Vader_1,_Uncataloged\22-The Rise Of Darth Vader_1,367.13,PROMOTABLE_TO_CANONICAL,Tier 2: Leaf Folder Match,Star Wars: Dark Lord: The Rise of Darth Vader,James Luceno,B002V0KP4I,Star Wars
24-The Hutt Gambit[Han Solo Trilogy Book 2]_1,_Uncataloged\24-The Hutt Gambit[Han Solo Trilogy Book 2]_1,41.31,PROMOTABLE_TO_CANONICAL,Tier 2: Leaf Folder Match,The Paradise Snare: Star Wars (The Han Solo Trilogy),A. C. Crispin,B002V1LWAS,Star Wars: The Han Solo Trilogy - Legends (abridged) #1
25-Rebel Dawn[Han Solo Trilogy Book 3]_1,_Uncataloged\25-Rebel Dawn[Han Solo Trilogy Book 3]_1,141.67,PROMOTABLE_TO_CANONICAL,Tier 2: Leaf Folder Match,Star Wars: The Han Solo Trilogy: Rebel Dawn,A. C. Crispin,B002V1BHV2,Star Wars: The Han Solo Trilogy - Legends (abridged) #3
27-A New Hope_1,_Uncataloged\27-A New Hope_1,129.76,PROMOTABLE_TO_CANONICAL,Tier 2: Leaf Folder Match,Star Wars™ - Episode IV - Eine neue Hoffnung,"George Lucas, Tony Westermayr",B01M0PUVAE,Star Wars #4
27.2-A New Hope Radio Drama_1,_Uncataloged\27.2-A New Hope Radio Drama_1,489.09,PROMOTABLE_TO_CANONICAL,Tier 2: Leaf Folder Match,Radio Drama - Star Wars Episode IV,Brian Daley,,Star Wars
3-Cloak of Deception_1,_Uncataloged\3-Cloak of Deception_1,127.4,PROMOTABLE_TO_CANONICAL,Tier 2: Leaf Folder Match,Star Wars: Cloak of Deception,James Luceno,B002V0RM3A,Star Wars
32-The Empire Strikes Back_1,_Uncataloged\32-The Empire Strikes Back_1,130.02,PROMOTABLE_TO_CANONICAL,Tier 2: Leaf Folder Match,Das Imperium schlägt zurück,Donald F. Glut,B01M0PTDDJ,Star Wars #5
32.2-The Empire Strikes Back Radio Drama_1,_Uncataloged\32.2-The Empire Strikes Back Radio Drama_1,364.33,PROMOTABLE_TO_CANONICAL,Tier 2: Leaf Folder Match,Radio Drama - Star Wars Episode V,Brian Daley,,Star Wars
33-Shadow Of The Empire_1,_Uncataloged\33-Shadow Of The Empire_1,120.16,PROMOTABLE_TO_CANONICAL,Tier 2: Leaf Folder Match,Star Wars: Shadows of the Empire,Steve Perry,B002VA9F2G,Star Wars
34-Return Of The Jedi_1,_Uncataloged\34-Return Of The Jedi_1,128.35,PROMOTABLE_TO_CANONICAL,Tier 2: Leaf Folder Match,Die Rückkehr der Jedi-Ritter,James Kahn,B01M2D9J7Q,Star Wars #6
34.2-Return Of The Jedi Radio Drama_1,_Uncataloged\34.2-Return Of The Jedi Radio Drama_1,176.63,PROMOTABLE_TO_CANONICAL,Tier 2: Leaf Folder Match,Radio Drama - Star Wars Episode VI,Brian Daley,,Star Wars
36-The Mandalorian Armor[Bounty Hunter Wars Book 1]_1,_Uncataloged\36-The Mandalorian Armor[Bounty Hunter Wars Book 1]_1,165.86,PROMOTABLE_TO_CANONICAL,Tier 2: Leaf Folder Match,Star Wars: The Bounty Hunter Wars: The Mandalorian Armor,K. W. Jeter,B002V5B4NE,Star Wars: The Bounty Hunter Wars - Legends (abridged) #1
37-Slave Ship[Bounty Hunter Wars Book 2]_1,_Uncataloged\37-Slave Ship[Bounty Hunter Wars Book 2]_1,58.08,PROMOTABLE_TO_CANONICAL,Tier 2: Leaf Folder Match,Star Wars: The Bounty Hunter Wars: Slave Ship,K. W. Jeter,B002VA9B1Q,Star Wars: The Bounty Hunter Wars - Legends (abridged) #2
38-Hard Merchandise[Bounty Hunter Wars Book 3]_1,_Uncataloged\38-Hard Merchandise[Bounty Hunter Wars Book 3]_1,53.77,PROMOTABLE_TO_CANONICAL,Tier 2: Leaf Folder Match,Star Wars: The Bounty Hunter Wars: Hard Merchandise,K. W. Jeter,B002V013DU,Star Wars: The Bounty Hunter Wars - Legends (abridged) #3
39-The Truce At Bakura_1,_Uncataloged\39-The Truce At Bakura_1,58.16,PROMOTABLE_TO_CANONICAL,Tier 2: Leaf Folder Match,The Truce at Bakura: Star Wars,Kathy Tyers,B002V19VV0,Star Wars
4-Shadow Hunter_1,_Uncataloged\4-Shadow Hunter_1,85.98,PROMOTABLE_TO_CANONICAL,Tier 2: Leaf Folder Match,Darth Maul - Shadow Hunter,Micheal Reeves,,Star Wars
40-Rogue Squadron[X-Wing Book 1]_1,_Uncataloged\40-Rogue Squadron[X-Wing Book 1]_1,51.58,PROMOTABLE_TO_CANONICAL,Tier 2: Leaf Folder Match,Star Wars: X-Wing: Rogue Squadron,Michael A. Stackpole,B002V0TFKI,Star Wars: X-Wing - Legends (abridged) #1
41-Wedge's Gamble[X-Wing Book 2]_1,_Uncataloged\41-Wedge's Gamble[X-Wing Book 2]_1,52.25,PROMOTABLE_TO_CANONICAL,Tier 2: Leaf Folder Match,Star Wars: X-Wing: Wedge's Gamble,Michael A. Stackpole,B002V0QNRG,Star Wars: X-Wing - Legends (abridged) #2
42-The Krytos Trap[X-Wing Book 3]_1,_Uncataloged\42-The Krytos Trap[X-Wing Book 3]_1,51.77,PROMOTABLE_TO_CANONICAL,Tier 2: Leaf Folder Match,Star Wars: X-Wing: The Krytos Trap,Michael A. Stackpole,B002V02OTC,Star Wars: X-Wing - Legends (abridged) #3
43-The Bacta War[X-Wing Book 4]_1,_Uncataloged\43-The Bacta War[X-Wing Book 4]_1,53.07,PROMOTABLE_TO_CANONICAL,Tier 2: Leaf Folder Match,Star Wars: X-Wing: The Bacta War,Michael A. Stackpole,B002V02OS8,Star Wars: X-Wing - Legends (abridged) #4
44-Wraith Squadron[X-Wing Book 5]_1,_Uncataloged\44-Wraith Squadron[X-Wing Book 5]_1,52.92,PROMOTABLE_TO_CANONICAL,Tier 2: Leaf Folder Match,Star Wars: X-Wing: Wraith Squadron,Aaron Allston,B002V1OHHI,Star Wars: X-Wing - Legends (abridged) #5
45-Iron Fist[X-Wing Book 6]_1,_Uncataloged\45-Iron Fist[X-Wing Book 6]_1,53.05,PROMOTABLE_TO_CANONICAL,Tier 2: Leaf Folder Match,Star Wars: X-Wing: Iron Fist,Aaron Allston,B002V015QK,Star Wars: X-Wing - Legends (abridged) #6
46-Solo Command[X-Wing Book 7]_1,_Uncataloged\46-Solo Command[X-Wing Book 7]_1,52.41,PROMOTABLE_TO_CANONICAL,Tier 2: Leaf Folder Match,Star Wars: X-Wing: Solo Command,Aaron Allston,B002V0TFBW,Star Wars: X-Wing - Legends (abridged) #7
47-The Courtship Of Princess Leia'_1,_Uncataloged\47-The Courtship Of Princess Leia'_1,56.02,PROMOTABLE_TO_CANONICAL,Tier 2: Leaf Folder Match,Star Wars: The Courtship of Princess Leia,Dave Wolverton,B002V0QNO4,Star Wars
48-Jedi Knight[Dark Forces Trilogy Book 3]_1,_Uncataloged\48-Jedi Knight[Dark Forces Trilogy Book 3]_1,87.23,PROMOTABLE_TO_CANONICAL,Tier 2: Leaf Folder Match,Crickets 2,William C. Dietz,B0CJ3SDX39,Crickets #2
49-Tatooine Ghost_1,_Uncataloged\49-Tatooine Ghost_1,107.81,PROMOTABLE_TO_CANONICAL,Tier 2: Leaf Folder Match,Star Wars: Tatooine Ghost,Troy Denning,B002V1JFH0,Star Wars
5-Phantom Menace_1,_Uncataloged\5-Phantom Menace_1,273.6,PROMOTABLE_TO_CANONICAL,Tier 2: Leaf Folder Match,The Phantom Menace: Star Wars: Episode I,Terry Brooks,B002V0GBFK,Star Wars #12
50-Heir to the Empire[The Thrawn Trilogy Book 1]_1,_Uncataloged\50-Heir to the Empire[The Thrawn Trilogy Book 1]_1,327.05,PROMOTABLE_TO_CANONICAL,Tier 2: Leaf Folder Match,Star Wars: Heir to the Empire,Timothy Zahn,B005IHAT1A,"Star Wars: Legends, Star Wars: The Thrawn Trilogy - Legends #1"
51-Dark Force Rising[The Thrawn Trilogy Book 2]_1,_Uncataloged\51-Dark Force Rising[The Thrawn Trilogy Book 2]_1,358.09,PROMOTABLE_TO_CANONICAL,Tier 2: Leaf Folder Match,"Star Wars: Dark Force Rising: The Thrawn Trilogy, Book 2",Timothy Zahn,B00875DTH6,"Star Wars: Legends, Star Wars: The Thrawn Trilogy - Legends #2"
52-The Last Command[The Thrawn Trilogy Book 3]_1,_Uncataloged\52-The Last Command[The Thrawn Trilogy Book 3]_1,382.98,PROMOTABLE_TO_CANONICAL,Tier 2: Leaf Folder Match,"Star Wars: The Thrawn Trilogy, Book 3: The Last Command",Timothy Zahn,B00893WAG2,"Star Wars: Legends, Star Wars: The Thrawn Trilogy - Legends #3"
53-Isard's Revenge[X-Wing Book 8]_1,_Uncataloged\53-Isard's Revenge[X-Wing Book 8]_1,52.92,PROMOTABLE_TO_CANONICAL,Tier 2: Leaf Folder Match,Star Wars: X-Wing: Isard's Revenge,Michael A. Stackpole,B002VA9F80,Star Wars: X-Wing - Legends (abridged) #8
56-Empire's End[Dark Empire Book 3]_1,_Uncataloged\56-Empire's End[Dark Empire Book 3]_1,59.91,PROMOTABLE_TO_CANONICAL,Tier 2: Leaf Folder Match,United Reign,Kylie Kent,B0CGVQLJ3Z,Valentino Empire #3
57-Crimson Empire_1,_Uncataloged\57-Crimson Empire_1,84.86,PROMOTABLE_TO_CANONICAL,Tier 2: Leaf Folder Match,Crimsom Empire,"Mike Richardson, Randy Stradley",,Star Wars
59-Dark Apprentice[The Jedi Academy Trilogy Book 2]_1,_Uncataloged\59-Dark Apprentice[The Jedi Academy Trilogy Book 2]_1,52.02,PROMOTABLE_TO_CANONICAL,Tier 2: Leaf Folder Match,Star Wars: The Jedi Academy: Dark Apprentice,Kevin Anderson,B002V5J4YA,Star Wars: Jedi Academy Trilogy - Legends (abridged) #2
6-Rogue Planet,_Uncataloged\6-Rogue Planet,294.47,PROMOTABLE_TO_CANONICAL,Tier 2: Leaf Folder Match,Rogue Planet: Star Wars Legends,Greg Bear,B002V0QNIA,Star Wars
60-Champions Of The Force[The Jedi Academy Trilogy Book 3]_1,_Uncataloged\60-Champions Of The Force[The Jedi Academy Trilogy Book 3]_1,55.93,PROMOTABLE_TO_CANONICAL,Tier 2: Leaf Folder Match,Star Wars: The Jedi Academy: Champions of the Force,Kevin Anderson,B002V5H99W,Star Wars: Jedi Academy Trilogy - Legends (abridged) #3
"61-I, Jedi_1","_Uncataloged\61-I, Jedi_1",54.87,PROMOTABLE_TO_CANONICAL,Tier 2: Leaf Folder Match,"Star Wars: I, Jedi",Michael A. Stackpole,B002V02I34,Star Wars
63-Darksaber[Callista Trilogy Book 2]_1,_Uncataloged\63-Darksaber[Callista Trilogy Book 2]_1,58.57,PROMOTABLE_TO_CANONICAL,Tier 2: Leaf Folder Match,Paul of Dune,"Brian Herbert, Kevin J. Anderson",B002V5CO1A,"The Dune Sequence #10, DUNE: Heroes of Dune #1"
64-Planet of Twilight[Callista Trilogy Book 3]_1,_Uncataloged\64-Planet of Twilight[Callista Trilogy Book 3]_1,57.68,PROMOTABLE_TO_CANONICAL,Tier 2: Leaf Folder Match,Murder in the Trembling Lands,Barbara Hambly,B0F1HKSX9D,Benjamin January Historical Mysteries #21
66-The Crystal Star_1,_Uncataloged\66-The Crystal Star_1,43.42,PROMOTABLE_TO_CANONICAL,Tier 2: Leaf Folder Match,Star Wars: The Crystal Star,Vonda McIntyre,B002V1NXJ6,star warz bukz
67-Before The Storm[The Black Fleet Crisis Book 1]_1,_Uncataloged\67-Before The Storm[The Black Fleet Crisis Book 1]_1,54.28,PROMOTABLE_TO_CANONICAL,Tier 2: Leaf Folder Match,Star Wars: The Black Fleet Crisis: Before the Storm,Michael P. Kube-Mcdowell,B002V1NXKA,Star Wars: The Black Fleet Crisis Trilogy - Legends (abridged) #1
68-Shield Of Lies[The Black Fleet Crisis Book 2]_1,_Uncataloged\68-Shield Of Lies[The Black Fleet Crisis Book 2]_1,52.91,PROMOTABLE_TO_CANONICAL,Tier 2: Leaf Folder Match,Star Wars: The Black Fleet Crisis: Shield of Lies,Michael P. Kube-Mcdowell,B002V9YZUO,Star Wars: The Black Fleet Crisis Trilogy - Legends (abridged) #2
69-Tyrant's Test[The Black Fleet Crisis Book 3]_1,_Uncataloged\69-Tyrant's Test[The Black Fleet Crisis Book 3]_1,53.74,PROMOTABLE_TO_CANONICAL,Tier 2: Leaf Folder Match,Star Wars: The Black Fleet Crisis: Tyrant's Test,Michael P. Kube-Mcdowell,B002V59WCE,Star Wars: The Black Fleet Crisis Trilogy - Legends (abridged) #3
7-Outbound Flight_1,_Uncataloged\7-Outbound Flight_1,109.0,PROMOTABLE_TO_CANONICAL,Tier 2: Leaf Folder Match,Star Wars: Outbound Flight,Timothy Zahn,B002V9Z7KG,Star Wars (Zahn)
70-New Rebellion_1,_Uncataloged\70-New Rebellion_1,64.54,PROMOTABLE_TO_CANONICAL,Tier 2: Leaf Folder Match,Star Wars: The New Rebellion,Kristine Kathryn Rusch,B002VA3F72,star warz bukz
72-Assault At Selonia[The Corellian Trilogy Book 2]_1,_Uncataloged\72-Assault At Selonia[The Corellian Trilogy Book 2]_1,52.54,PROMOTABLE_TO_CANONICAL,Tier 2: Leaf Folder Match,Star Wars: The Corellian Trilogy: Ambush at Corellia,Roger MacBride Allen,B002V015SI,Star Wars: The Corellian Trilogy - Legends (abridged) #1
75-Vision Of The Future[The Thrawn Duologuy Book 2]_1,_Uncataloged\75-Vision Of The Future[The Thrawn Duologuy Book 2]_1,52.08,PROMOTABLE_TO_CANONICAL,Tier 2: Leaf Folder Match,Pawn,Timothy Zahn,B077JCF3L3,Chronicle of the Sibyl's War #1
77-Vector Prime[The New Jedi Order Book 1]_1,_Uncataloged\77-Vector Prime[The New Jedi Order Book 1]_1,83.53,PROMOTABLE_TO_CANONICAL,Tier 2: Leaf Folder Match,Vector Prime: Star Wars (The New Jedi Order),R.A. Salvatore,B002V02ILQ,Star Wars: The New Jedi Order - Legends (abridged) #1
79-Ruin[The New Jedi Order Book 3]_1,_Uncataloged\79-Ruin[The New Jedi Order Book 3]_1,98.32,PROMOTABLE_TO_CANONICAL,Tier 2: Leaf Folder Match,Star Wars: The New Jedi Order: Dark Tide 1: Onslaught,Michael A. Stackpole,B002V1JR6E,"Star Wars: The New Jedi Order - Legends (abridged) #2, Star Wars: The New Jedi Order: Dark Tide (abridged) #1"
8-The Way of the Apprentice[Jedi Queset Book 1]_1,_Uncataloged\8-The Way of the Apprentice[Jedi Queset Book 1]_1,190.63,PROMOTABLE_TO_CANONICAL,Tier 2: Leaf Folder Match,Star Wars: Jedi Quest #1: The Way of the Apprentice,Jude Watson,B002V8HL06,"Star Wars: Legends, Jedi Quest (abridged) #1"
81-Jedi Ecli[The New Jedi Order Book 5]_1,_Uncataloged\81-Jedi Ecli[The New Jedi Order Book 5]_1,132.81,PROMOTABLE_TO_CANONICAL,Tier 2: Leaf Folder Match,Star Wars: The New Jedi Order: Agents of Chaos I: Hero's Trial,James Luceno,B002V1CLS0,"Star Wars: The New Jedi Order - Legends (abridged) #4, Star Wars: The New Jedi Order: Agents of Chaos (abridged) #1"
83-Conquest[The New Jedi Order Book 7]_1,_Uncataloged\83-Conquest[The New Jedi Order Book 7]_1,77.22,PROMOTABLE_TO_CANONICAL,Tier 2: Leaf Folder Match,Star Wars: The New Jedi Order: Edge of Victory I: Conquest,Greg Keyes,B002VA90YE,"Star Wars: The New Jedi Order - Legends (abridged) #7, Star Wars: The New Jedi Order: Edge of Victory (abridged) #1"
84-Rebirth[The New Jedi Order Book 8]_1,_Uncataloged\84-Rebirth[The New Jedi Order Book 8]_1,76.51,PROMOTABLE_TO_CANONICAL,Tier 2: Leaf Folder Match,Star Wars: The New Jedi Order: Edge of Victory II: Rebirth,Greg Keyes,B002V8OE9C,"Star Wars: The New Jedi Order - Legends (abridged) #8, Star Wars: The New Jedi Order: Edge of Victory (abridged) #2"
85-Star by Star[The New Jedi Order Book 9]_1,_Uncataloged\85-Star by Star[The New Jedi Order Book 9]_1,107.9,PROMOTABLE_TO_CANONICAL,Tier 2: Leaf Folder Match,Star by Star: Star Wars (The New Jedi Order),Troy Denning,B002VA8FWM,Star Wars: The New Jedi Order - Legends (abridged) #9
86-Dark Journey[The New Jedi Order Book 10]_1,_Uncataloged\86-Dark Journey[The New Jedi Order Book 10]_1,107.43,PROMOTABLE_TO_CANONICAL,Tier 2: Leaf Folder Match,Star Wars: The New Jedi Order: Dark Journey,Elaine Cunningham,B002VA3L62,Star Wars: The New Jedi Order - Legends (abridged) #10
87-Rebel Dream[The New Jedi Order Book 11]_1,_Uncataloged\87-Rebel Dream[The New Jedi Order Book 11]_1,113.29,PROMOTABLE_TO_CANONICAL,Tier 2: Leaf Folder Match,Star Wars: The New Jedi Order: Rebel Dreams,Aaron Allston,B002V0JWIS,Star Wars: The New Jedi Order - Legends (abridged) #11
89-Traitor[The New Jedi Order Book 13]_1,_Uncataloged\89-Traitor[The New Jedi Order Book 13]_1,78.25,PROMOTABLE_TO_CANONICAL,Tier 2: Leaf Folder Match,Star Wars: The New Jedi Order: Traitor,Matthew Stover,B002VACPHS,Star Wars: The New Jedi Order - Legends (abridged) #13
9-The Trial of the Jedi[Jedi Quest Book 2]_1,_Uncataloged\9-The Trial of the Jedi[Jedi Quest Book 2]_1,109.38,PROMOTABLE_TO_CANONICAL,Tier 2: Leaf Folder Match,Star Wars: Jedi Quest #2: The Trail of the Jedi,Jude Watson,B002VA8NE2,"Star Wars: Legends, Jedi Quest (abridged) #2"
90-Destiny's Way[The New Jedi Order Book 14]_1,_Uncataloged\90-Destiny's Way[The New Jedi Order Book 14]_1,87.09,PROMOTABLE_TO_CANONICAL,Tier 2: Leaf Folder Match,Star Wars: The New Jedi Order: Destiny's Way,Walter Jon Williams,B002V0TNDC,Star Wars: The New Jedi Order - Legends (abridged) #14
93-Reunion[The New Jedi Order Book 17]_1,_Uncataloged\93-Reunion[The New Jedi Order Book 17]_1,125.36,PROMOTABLE_TO_CANONICAL,Tier 2: Leaf Folder Match,Star Wars: The New Jedi Order: Force Heretic III: Reunion,Sean Williams,B002V5BJA2,"Star Wars: The New Jedi Order - Legends (abridged) #17, Star Wars: The New Jedi Order: Force Heretic (abridged) #3"
94-The Final Prophecy[The New Jedi Order Book 18]_1,_Uncataloged\94-The Final Prophecy[The New Jedi Order Book 18]_1,317.0,PROMOTABLE_TO_CANONICAL,Tier 2: Leaf Folder Match,Star Wars: The New Jedi Order: Edge of Victory III: The Final Prophecy,Greg Keyes,B002V1JB0G,Star Wars: The New Jedi Order - Legends (abridged) #18
95-The Unifying Force[The New Jedi Order Book 19]_1,_Uncataloged\95-The Unifying Force[The New Jedi Order Book 19]_1,172.27,PROMOTABLE_TO_CANONICAL,Tier 2: Leaf Folder Match,Star Wars: The New Jedi Order: The Unifying Force,James Luceno,B002V0K1O2,Star Wars: The New Jedi Order - Legends (abridged) #19
96-The Joiner King[Dark Nest Book 1]_1,_Uncataloged\96-The Joiner King[Dark Nest Book 1]_1,87.19,PROMOTABLE_TO_CANONICAL,Tier 2: Leaf Folder Match,Star Wars: Dark Nest I: The Joiner King,Troy Denning,B002V0K1RO,Star Wars: The Dark Nest Trilogy - Legends (abridged) #1
98-The Swarm War[Dark Nest Book 3]_1,_Uncataloged\98-The Swarm War[Dark Nest Book 3]_1,107.61,PROMOTABLE_TO_CANONICAL,Tier 2: Leaf Folder Match,Star Wars: Dark Nest III: The Swarm War,Troy Denning,B002V00XWC,Star Wars: The Dark Nest Trilogy - Legends (abridged) #3
97-The Unseen Queen[Dark Nest Book 2]_1,_Uncataloged\97-The Unseen Queen[Dark Nest Book 2]_1,107.86,PROMOTABLE_TO_CANONICAL,Tier 2: Leaf Folder Match,Star Wars: Dark Nest II: The Unseen Queen,Troy Denning,B002V8OBW2,Star Wars: The Dark Nest Trilogy - Legends (abridged) #2
Star Wars Lost Stars,_Uncataloged\Star Wars Lost Stars,319.15,PROMOTABLE_TO_CANONICAL,Tier 2: Leaf Folder Match,Master &amp; Apprentice (Star Wars),Claudia Gray,B07FTDBKGZ,Star Wars #10
10-The Dangerous Games[Jedi Quest Book 3]_2,_Uncataloged\10-The Dangerous Games[Jedi Quest Book 3]_2,132.7,PROMOTABLE_TO_CANONICAL,Tier 2: Leaf Folder Match,Star Wars: Jedi Quest #3: The Dangerous Games,Jude Watson,B002V5GUEC,"Star Wars: Legends, Jedi Quest (abridged) #3"
103-Sacrifice[Legacy Of The Force Book 5]_1,_Uncataloged\103-Sacrifice[Legacy Of The Force Book 5]_1,342.29,PROMOTABLE_TO_CANONICAL,Tier 2: Leaf Folder Match,Star Wars: Legacy of the Force: Sacrifice,Karen Traviss,B002V1BRRG,Star Wars: Legacy of the Force - Legends (abridged) #5
104-Inferno[Legacy Of The Force Book 6]_2,_Uncataloged\104-Inferno[Legacy Of The Force Book 6]_2,343.83,PROMOTABLE_TO_CANONICAL,Tier 2: Leaf Folder Match,Star Wars: Legacy of the Force: Tempest,Troy Denning,B002V02JGA,Star Wars: Legacy of the Force - Legends (abridged) #3
105-Fury[Legacy Of The Force Book 7]_1,_Uncataloged\105-Fury[Legacy Of The Force Book 7]_1,344.52,PROMOTABLE_TO_CANONICAL,Tier 2: Leaf Folder Match,Star Wars: Legacy of the Force: Fury,Aaron Allston,B002V1JD4U,Star Wars: Legacy of the Force - Legends (abridged) #7
106-Revelation[Legacy Of The Force Book 8]_2,_Uncataloged\106-Revelation[Legacy Of The Force Book 8]_2,410.21,PROMOTABLE_TO_CANONICAL,Tier 2: Leaf Folder Match,Star Wars: Legacy of the Force: Revelation,Karen Traviss,B002V0PZ0M,Star Wars: Legacy of the Force - Legends (abridged) #8
11-The Master of Disguise[Jedi Quest Book 4]_2,_Uncataloged\11-The Master of Disguise[Jedi Quest Book 4]_2,130.73,PROMOTABLE_TO_CANONICAL,Tier 2: Leaf Folder Match,Star Wars: Jedi Quest #4: The Master of Disguise,Jude Watson,B002V0GF9M,"Star Wars: Legends, Jedi Quest (abridged) #4"
12-The Approaching Storm_2,_Uncataloged\12-The Approaching Storm_2,292.02,PROMOTABLE_TO_CANONICAL,Tier 2: Leaf Folder Match,Star Wars: The Approaching Storm,Alan Dean Foster,B002V8HD5E,star warz bukz
13-Attack Of The Clones_2,_Uncataloged\13-Attack Of The Clones_2,178.75,PROMOTABLE_TO_CANONICAL,Tier 2: Leaf Folder Match,Star Wars: Episode II: Attack of the Clones,R.A. Salvatore,B002V8KTBE,Star Wars #13
14-Shatterpoint_2,_Uncataloged\14-Shatterpoint_2,132.62,PROMOTABLE_TO_CANONICAL,Tier 2: Leaf Folder Match,Star Wars: Shatterpoint,Matthew Stover,B002V1ADJY,star warz bukz
15-The Cestus Deception_2,_Uncataloged\15-The Cestus Deception_2,138.64,PROMOTABLE_TO_CANONICAL,Tier 2: Leaf Folder Match,Star Wars: Clone Wars: The Cestus Deception,Steven Barnes,B002V1LQOU,Star Wars: A Clone Wars Novel - Legends #3
16-Battle Surgeons[Medstar Book 1]_2,_Uncataloged\16-Battle Surgeons[Medstar Book 1]_2,175.3,PROMOTABLE_TO_CANONICAL,Tier 2: Leaf Folder Match,Star Wars: Medstar I: Battle Surgeons,"Michael Reaves, Steve Perry",B002V1NLNO,Star Wars
17-Jedi Healer[Medstar Book 2]_2,_Uncataloged\17-Jedi Healer[Medstar Book 2]_2,155.33,PROMOTABLE_TO_CANONICAL,Tier 2: Leaf Folder Match,Star Wars: MedStar II: Jedi Healer,"Michael Reaves, Steve Perry",B002VACPIM,Star Wars
18-Jedi Trial_1,_Uncataloged\18-Jedi Trial_1,275.81,PROMOTABLE_TO_CANONICAL,Tier 2: Leaf Folder Match,Star Wars: Jedi Trial,"David Sherman, Dan Cragg",B002V8HNYK,Star Wars: A Clone Wars Novel - Legends #6
19-Dark Rendezvous_2,_Uncataloged\19-Dark Rendezvous_2,209.92,PROMOTABLE_TO_CANONICAL,Tier 2: Leaf Folder Match,Yoda: Dark Rendezvous: Star Wars Legends,Sean Stewart,B0CKS1RXYF,Star Wars: Legends
20-Labyrinth Of Evil_2,_Uncataloged\20-Labyrinth Of Evil_2,277.99,PROMOTABLE_TO_CANONICAL,Tier 2: Leaf Folder Match,Labyrinth of Evil: Star Wars,James Luceno,B002V1C4J6,Star Wars
22-The Rise Of Darth Vader_2,_Uncataloged\22-The Rise Of Darth Vader_2,366.78,PROMOTABLE_TO_CANONICAL,Tier 2: Leaf Folder Match,Star Wars: Dark Lord: The Rise of Darth Vader,James Luceno,B002V0KP4I,Star Wars
24-The Hutt Gambit[Han Solo Trilogy Book 2]_2,_Uncataloged\24-The Hutt Gambit[Han Solo Trilogy Book 2]_2,40.99,PROMOTABLE_TO_CANONICAL,Tier 2: Leaf Folder Match,The Paradise Snare: Star Wars (The Han Solo Trilogy),A. C. Crispin,B002V1LWAS,Star Wars: The Han Solo Trilogy - Legends (abridged) #1
25-Rebel Dawn[Han Solo Trilogy Book 3]_2,_Uncataloged\25-Rebel Dawn[Han Solo Trilogy Book 3]_2,141.32,PROMOTABLE_TO_CANONICAL,Tier 2: Leaf Folder Match,Star Wars: The Han Solo Trilogy: Rebel Dawn,A. C. Crispin,B002V1BHV2,Star Wars: The Han Solo Trilogy - Legends (abridged) #3
27-A New Hope_2,_Uncataloged\27-A New Hope_2,129.03,PROMOTABLE_TO_CANONICAL,Tier 2: Leaf Folder Match,Star Wars™ - Episode IV - Eine neue Hoffnung,"George Lucas, Tony Westermayr",B01M0PUVAE,Star Wars #4
27.2-A New Hope Radio Drama_2,_Uncataloged\27.2-A New Hope Radio Drama_2,489.09,PROMOTABLE_TO_CANONICAL,Tier 2: Leaf Folder Match,Radio Drama - Star Wars Episode IV,Brian Daley,,Star Wars
3-Cloak of Deception_2,_Uncataloged\3-Cloak of Deception_2,126.9,PROMOTABLE_TO_CANONICAL,Tier 2: Leaf Folder Match,Star Wars: Cloak of Deception,James Luceno,B002V0RM3A,Star Wars
32-The Empire Strikes Back_2,_Uncataloged\32-The Empire Strikes Back_2,129.29,PROMOTABLE_TO_CANONICAL,Tier 2: Leaf Folder Match,Das Imperium schlägt zurück,Donald F. Glut,B01M0PTDDJ,Star Wars #5
32.2-The Empire Strikes Back Radio Drama_2,_Uncataloged\32.2-The Empire Strikes Back Radio Drama_2,364.33,PROMOTABLE_TO_CANONICAL,Tier 2: Leaf Folder Match,Radio Drama - Star Wars Episode V,Brian Daley,,Star Wars
33-Shadow Of The Empire_2,_Uncataloged\33-Shadow Of The Empire_2,119.76,PROMOTABLE_TO_CANONICAL,Tier 2: Leaf Folder Match,Star Wars: Shadows of the Empire,Steve Perry,B002VA9F2G,Star Wars
34-Return Of The Jedi_2,_Uncataloged\34-Return Of The Jedi_2,127.61,PROMOTABLE_TO_CANONICAL,Tier 2: Leaf Folder Match,Die Rückkehr der Jedi-Ritter,James Kahn,B01M2D9J7Q,Star Wars #6
34.2-Return Of The Jedi Radio Drama_2,_Uncataloged\34.2-Return Of The Jedi Radio Drama_2,176.63,PROMOTABLE_TO_CANONICAL,Tier 2: Leaf Folder Match,Radio Drama - Star Wars Episode VI,Brian Daley,,Star Wars
36-The Mandalorian Armor[Bounty Hunter Wars Book 1]_2,_Uncataloged\36-The Mandalorian Armor[Bounty Hunter Wars Book 1]_2,165.44,PROMOTABLE_TO_CANONICAL,Tier 2: Leaf Folder Match,Star Wars: The Bounty Hunter Wars: The Mandalorian Armor,K. W. Jeter,B002V5B4NE,Star Wars: The Bounty Hunter Wars - Legends (abridged) #1
37-Slave Ship[Bounty Hunter Wars Book 2]_2,_Uncataloged\37-Slave Ship[Bounty Hunter Wars Book 2]_2,57.72,PROMOTABLE_TO_CANONICAL,Tier 2: Leaf Folder Match,Star Wars: The Bounty Hunter Wars: Slave Ship,K. W. Jeter,B002VA9B1Q,Star Wars: The Bounty Hunter Wars - Legends (abridged) #2
38-Hard Merchandise[Bounty Hunter Wars Book 3]_2,_Uncataloged\38-Hard Merchandise[Bounty Hunter Wars Book 3]_2,53.36,PROMOTABLE_TO_CANONICAL,Tier 2: Leaf Folder Match,Star Wars: The Bounty Hunter Wars: Hard Merchandise,K. W. Jeter,B002V013DU,Star Wars: The Bounty Hunter Wars - Legends (abridged) #3
39-The Truce At Bakura_2,_Uncataloged\39-The Truce At Bakura_2,57.75,PROMOTABLE_TO_CANONICAL,Tier 2: Leaf Folder Match,The Truce at Bakura: Star Wars,Kathy Tyers,B002V19VV0,Star Wars
4-Shadow Hunter_2,_Uncataloged\4-Shadow Hunter_2,85.98,PROMOTABLE_TO_CANONICAL,Tier 2: Leaf Folder Match,Darth Maul - Shadow Hunter,Micheal Reeves,,Star Wars
40-Rogue Squadron[X-Wing Book 1]_2,_Uncataloged\40-Rogue Squadron[X-Wing Book 1]_2,51.23,PROMOTABLE_TO_CANONICAL,Tier 2: Leaf Folder Match,Star Wars: X-Wing: Rogue Squadron,Michael A. Stackpole,B002V0TFKI,Star Wars: X-Wing - Legends (abridged) #1
41-Wedge's Gamble[X-Wing Book 2]_2,_Uncataloged\41-Wedge's Gamble[X-Wing Book 2]_2,51.83,PROMOTABLE_TO_CANONICAL,Tier 2: Leaf Folder Match,Star Wars: X-Wing: Wedge's Gamble,Michael A. Stackpole,B002V0QNRG,Star Wars: X-Wing - Legends (abridged) #2
42-The Krytos Trap[X-Wing Book 3]_2,_Uncataloged\42-The Krytos Trap[X-Wing Book 3]_2,51.73,PROMOTABLE_TO_CANONICAL,Tier 2: Leaf Folder Match,Star Wars: X-Wing: The Krytos Trap,Michael A. Stackpole,B002V02OTC,Star Wars: X-Wing - Legends (abridged) #3
43-The Bacta War[X-Wing Book 4]_2,_Uncataloged\43-The Bacta War[X-Wing Book 4]_2,52.65,PROMOTABLE_TO_CANONICAL,Tier 2: Leaf Folder Match,Star Wars: X-Wing: The Bacta War,Michael A. Stackpole,B002V02OS8,Star Wars: X-Wing - Legends (abridged) #4
44-Wraith Squadron[X-Wing Book 5]_2,_Uncataloged\44-Wraith Squadron[X-Wing Book 5]_2,52.46,PROMOTABLE_TO_CANONICAL,Tier 2: Leaf Folder Match,Star Wars: X-Wing: Wraith Squadron,Aaron Allston,B002V1OHHI,Star Wars: X-Wing - Legends (abridged) #5
45-Iron Fist[X-Wing Book 6]_2,_Uncataloged\45-Iron Fist[X-Wing Book 6]_2,52.62,PROMOTABLE_TO_CANONICAL,Tier 2: Leaf Folder Match,Star Wars: X-Wing: Iron Fist,Aaron Allston,B002V015QK,Star Wars: X-Wing - Legends (abridged) #6
46-Solo Command[X-Wing Book 7]_2,_Uncataloged\46-Solo Command[X-Wing Book 7]_2,51.93,PROMOTABLE_TO_CANONICAL,Tier 2: Leaf Folder Match,Star Wars: X-Wing: Solo Command,Aaron Allston,B002V0TFBW,Star Wars: X-Wing - Legends (abridged) #7
47-The Courtship Of Princess Leia'_2,_Uncataloged\47-The Courtship Of Princess Leia'_2,55.66,PROMOTABLE_TO_CANONICAL,Tier 2: Leaf Folder Match,Star Wars: The Courtship of Princess Leia,Dave Wolverton,B002V0QNO4,Star Wars
48-Jedi Knight[Dark Forces Trilogy Book 3]_2,_Uncataloged\48-Jedi Knight[Dark Forces Trilogy Book 3]_2,86.75,PROMOTABLE_TO_CANONICAL,Tier 2: Leaf Folder Match,Crickets 2,William C. Dietz,B0CJ3SDX39,Crickets #2
49-Tatooine Ghost_2,_Uncataloged\49-Tatooine Ghost_2,107.4,PROMOTABLE_TO_CANONICAL,Tier 2: Leaf Folder Match,Star Wars: Tatooine Ghost,Troy Denning,B002V1JFH0,Star Wars
5-Phantom Menace_2,_Uncataloged\5-Phantom Menace_2,273.33,PROMOTABLE_TO_CANONICAL,Tier 2: Leaf Folder Match,The Phantom Menace: Star Wars: Episode I,Terry Brooks,B002V0GBFK,Star Wars #12
50-Heir to the Empire[The Thrawn Trilogy Book 1]_2,_Uncataloged\50-Heir to the Empire[The Thrawn Trilogy Book 1]_2,326.37,PROMOTABLE_TO_CANONICAL,Tier 2: Leaf Folder Match,Star Wars: Heir to the Empire,Timothy Zahn,B005IHAT1A,"Star Wars: Legends, Star Wars: The Thrawn Trilogy - Legends #1"
51-Dark Force Rising[The Thrawn Trilogy Book 2]_2,_Uncataloged\51-Dark Force Rising[The Thrawn Trilogy Book 2]_2,357.61,PROMOTABLE_TO_CANONICAL,Tier 2: Leaf Folder Match,"Star Wars: Dark Force Rising: The Thrawn Trilogy, Book 2",Timothy Zahn,B00875DTH6,"Star Wars: Legends, Star Wars: The Thrawn Trilogy - Legends #2"
52-The Last Command[The Thrawn Trilogy Book 3]_2,_Uncataloged\52-The Last Command[The Thrawn Trilogy Book 3]_2,382.39,PROMOTABLE_TO_CANONICAL,Tier 2: Leaf Folder Match,"Star Wars: The Thrawn Trilogy, Book 3: The Last Command",Timothy Zahn,B00893WAG2,"Star Wars: Legends, Star Wars: The Thrawn Trilogy - Legends #3"
53-Isard's Revenge[X-Wing Book 8]_2,_Uncataloged\53-Isard's Revenge[X-Wing Book 8]_2,52.51,PROMOTABLE_TO_CANONICAL,Tier 2: Leaf Folder Match,Star Wars: X-Wing: Isard's Revenge,Michael A. Stackpole,B002VA9F80,Star Wars: X-Wing - Legends (abridged) #8
56-Empire's End[Dark Empire Book 3]_2,_Uncataloged\56-Empire's End[Dark Empire Book 3]_2,59.53,PROMOTABLE_TO_CANONICAL,Tier 2: Leaf Folder Match,United Reign,Kylie Kent,B0CGVQLJ3Z,Valentino Empire #3
57-Crimson Empire_2,_Uncataloged\57-Crimson Empire_2,84.86,PROMOTABLE_TO_CANONICAL,Tier 2: Leaf Folder Match,Crimsom Empire,"Mike Richardson, Randy Stradley",,Star Wars
59-Dark Apprentice[The Jedi Academy Trilogy Book 2]_2,_Uncataloged\59-Dark Apprentice[The Jedi Academy Trilogy Book 2]_2,51.67,PROMOTABLE_TO_CANONICAL,Tier 2: Leaf Folder Match,Star Wars: The Jedi Academy: Dark Apprentice,Kevin Anderson,B002V5J4YA,Star Wars: Jedi Academy Trilogy - Legends (abridged) #2
6-Rogue Planet_1,_Uncataloged\6-Rogue Planet_1,294.06,PROMOTABLE_TO_CANONICAL,Tier 2: Leaf Folder Match,Rogue Planet: Star Wars Legends,Greg Bear,B002V0QNIA,Star Wars
60-Champions Of The Force[The Jedi Academy Trilogy Book 3]_2,_Uncataloged\60-Champions Of The Force[The Jedi Academy Trilogy Book 3]_2,55.55,PROMOTABLE_TO_CANONICAL,Tier 2: Leaf Folder Match,Star Wars: The Jedi Academy: Champions of the Force,Kevin Anderson,B002V5H99W,Star Wars: Jedi Academy Trilogy - Legends (abridged) #3
"61-I, Jedi_2","_Uncataloged\61-I, Jedi_2",54.43,PROMOTABLE_TO_CANONICAL,Tier 2: Leaf Folder Match,"Star Wars: I, Jedi",Michael A. Stackpole,B002V02I34,Star Wars
63-Darksaber[Callista Trilogy Book 2]_2,_Uncataloged\63-Darksaber[Callista Trilogy Book 2]_2,58.57,PROMOTABLE_TO_CANONICAL,Tier 2: Leaf Folder Match,Paul of Dune,"Brian Herbert, Kevin J. Anderson",B002V5CO1A,"The Dune Sequence #10, DUNE: Heroes of Dune #1"
64-Planet of Twilight[Callista Trilogy Book 3]_2,_Uncataloged\64-Planet of Twilight[Callista Trilogy Book 3]_2,57.15,PROMOTABLE_TO_CANONICAL,Tier 2: Leaf Folder Match,Murder in the Trembling Lands,Barbara Hambly,B0F1HKSX9D,Benjamin January Historical Mysteries #21
66-The Crystal Star_2,_Uncataloged\66-The Crystal Star_2,43.42,PROMOTABLE_TO_CANONICAL,Tier 2: Leaf Folder Match,Star Wars: The Crystal Star,Vonda McIntyre,B002V1NXJ6,star warz bukz
67-Before The Storm[The Black Fleet Crisis Book 1]_2,_Uncataloged\67-Before The Storm[The Black Fleet Crisis Book 1]_2,54.28,PROMOTABLE_TO_CANONICAL,Tier 2: Leaf Folder Match,Star Wars: The Black Fleet Crisis: Before the Storm,Michael P. Kube-Mcdowell,B002V1NXKA,Star Wars: The Black Fleet Crisis Trilogy - Legends (abridged) #1
68-Shield Of Lies[The Black Fleet Crisis Book 2]_2,_Uncataloged\68-Shield Of Lies[The Black Fleet Crisis Book 2]_2,52.91,PROMOTABLE_TO_CANONICAL,Tier 2: Leaf Folder Match,Star Wars: The Black Fleet Crisis: Shield of Lies,Michael P. Kube-Mcdowell,B002V9YZUO,Star Wars: The Black Fleet Crisis Trilogy - Legends (abridged) #2
69-Tyrant's Test[The Black Fleet Crisis Book 3]_2,_Uncataloged\69-Tyrant's Test[The Black Fleet Crisis Book 3]_2,53.74,PROMOTABLE_TO_CANONICAL,Tier 2: Leaf Folder Match,Star Wars: The Black Fleet Crisis: Tyrant's Test,Michael P. Kube-Mcdowell,B002V59WCE,Star Wars: The Black Fleet Crisis Trilogy - Legends (abridged) #3
7-Outbound Flight_2,_Uncataloged\7-Outbound Flight_2,109.0,PROMOTABLE_TO_CANONICAL,Tier 2: Leaf Folder Match,Star Wars: Outbound Flight,Timothy Zahn,B002V9Z7KG,Star Wars (Zahn)
70-New Rebellion_2,_Uncataloged\70-New Rebellion_2,64.54,PROMOTABLE_TO_CANONICAL,Tier 2: Leaf Folder Match,Star Wars: The New Rebellion,Kristine Kathryn Rusch,B002VA3F72,star warz bukz
72-Assault At Selonia[The Corellian Trilogy Book 2]_2,_Uncataloged\72-Assault At Selonia[The Corellian Trilogy Book 2]_2,52.54,PROMOTABLE_TO_CANONICAL,Tier 2: Leaf Folder Match,Star Wars: The Corellian Trilogy: Ambush at Corellia,Roger MacBride Allen,B002V015SI,Star Wars: The Corellian Trilogy - Legends (abridged) #1
75-Vision Of The Future[The Thrawn Duologuy Book 2]_2,_Uncataloged\75-Vision Of The Future[The Thrawn Duologuy Book 2]_2,52.08,PROMOTABLE_TO_CANONICAL,Tier 2: Leaf Folder Match,Pawn,Timothy Zahn,B077JCF3L3,Chronicle of the Sibyl's War #1
77-Vector Prime[The New Jedi Order Book 1]_2,_Uncataloged\77-Vector Prime[The New Jedi Order Book 1]_2,83.53,PROMOTABLE_TO_CANONICAL,Tier 2: Leaf Folder Match,Vector Prime: Star Wars (The New Jedi Order),R.A. Salvatore,B002V02ILQ,Star Wars: The New Jedi Order - Legends (abridged) #1
79-Ruin[The New Jedi Order Book 3]_2,_Uncataloged\79-Ruin[The New Jedi Order Book 3]_2,98.32,PROMOTABLE_TO_CANONICAL,Tier 2: Leaf Folder Match,Star Wars: The New Jedi Order: Dark Tide 1: Onslaught,Michael A. Stackpole,B002V1JR6E,"Star Wars: The New Jedi Order - Legends (abridged) #2, Star Wars: The New Jedi Order: Dark Tide (abridged) #1"
8-The Way of the Apprentice[Jedi Queset Book 1]_2,_Uncataloged\8-The Way of the Apprentice[Jedi Queset Book 1]_2,190.63,PROMOTABLE_TO_CANONICAL,Tier 2: Leaf Folder Match,Star Wars: Jedi Quest #1: The Way of the Apprentice,Jude Watson,B002V8HL06,"Star Wars: Legends, Jedi Quest (abridged) #1"
81-Jedi Ecli[The New Jedi Order Book 5]_2,_Uncataloged\81-Jedi Ecli[The New Jedi Order Book 5]_2,132.81,PROMOTABLE_TO_CANONICAL,Tier 2: Leaf Folder Match,Star Wars: The New Jedi Order: Agents of Chaos I: Hero's Trial,James Luceno,B002V1CLS0,"Star Wars: The New Jedi Order - Legends (abridged) #4, Star Wars: The New Jedi Order: Agents of Chaos (abridged) #1"
83-Conquest[The New Jedi Order Book 7]_2,_Uncataloged\83-Conquest[The New Jedi Order Book 7]_2,77.22,PROMOTABLE_TO_CANONICAL,Tier 2: Leaf Folder Match,Star Wars: The New Jedi Order: Edge of Victory I: Conquest,Greg Keyes,B002VA90YE,"Star Wars: The New Jedi Order - Legends (abridged) #7, Star Wars: The New Jedi Order: Edge of Victory (abridged) #1"
84-Rebirth[The New Jedi Order Book 8]_2,_Uncataloged\84-Rebirth[The New Jedi Order Book 8]_2,76.51,PROMOTABLE_TO_CANONICAL,Tier 2: Leaf Folder Match,Star Wars: The New Jedi Order: Edge of Victory II: Rebirth,Greg Keyes,B002V8OE9C,"Star Wars: The New Jedi Order - Legends (abridged) #8, Star Wars: The New Jedi Order: Edge of Victory (abridged) #2"
85-Star by Star[The New Jedi Order Book 9]_2,_Uncataloged\85-Star by Star[The New Jedi Order Book 9]_2,107.9,PROMOTABLE_TO_CANONICAL,Tier 2: Leaf Folder Match,Star by Star: Star Wars (The New Jedi Order),Troy Denning,B002VA8FWM,Star Wars: The New Jedi Order - Legends (abridged) #9
86-Dark Journey[The New Jedi Order Book 10]_2,_Uncataloged\86-Dark Journey[The New Jedi Order Book 10]_2,107.43,PROMOTABLE_TO_CANONICAL,Tier 2: Leaf Folder Match,Star Wars: The New Jedi Order: Dark Journey,Elaine Cunningham,B002VA3L62,Star Wars: The New Jedi Order - Legends (abridged) #10
87-Rebel Dream[The New Jedi Order Book 11]_2,_Uncataloged\87-Rebel Dream[The New Jedi Order Book 11]_2,113.29,PROMOTABLE_TO_CANONICAL,Tier 2: Leaf Folder Match,Star Wars: The New Jedi Order: Rebel Dreams,Aaron Allston,B002V0JWIS,Star Wars: The New Jedi Order - Legends (abridged) #11
89-Traitor[The New Jedi Order Book 13]_2,_Uncataloged\89-Traitor[The New Jedi Order Book 13]_2,78.25,PROMOTABLE_TO_CANONICAL,Tier 2: Leaf Folder Match,Star Wars: The New Jedi Order: Traitor,Matthew Stover,B002VACPHS,Star Wars: The New Jedi Order - Legends (abridged) #13
9-The Trial of the Jedi[Jedi Quest Book 2]_2,_Uncataloged\9-The Trial of the Jedi[Jedi Quest Book 2]_2,109.38,PROMOTABLE_TO_CANONICAL,Tier 2: Leaf Folder Match,Star Wars: Jedi Quest #2: The Trail of the Jedi,Jude Watson,B002VA8NE2,"Star Wars: Legends, Jedi Quest (abridged) #2"
90-Destiny's Way[The New Jedi Order Book 14]_2,_Uncataloged\90-Destiny's Way[The New Jedi Order Book 14]_2,87.09,PROMOTABLE_TO_CANONICAL,Tier 2: Leaf Folder Match,Star Wars: The New Jedi Order: Destiny's Way,Walter Jon Williams,B002V0TNDC,Star Wars: The New Jedi Order - Legends (abridged) #14
93-Reunion[The New Jedi Order Book 17]_2,_Uncataloged\93-Reunion[The New Jedi Order Book 17]_2,125.36,PROMOTABLE_TO_CANONICAL,Tier 2: Leaf Folder Match,Star Wars: The New Jedi Order: Force Heretic III: Reunion,Sean Williams,B002V5BJA2,"Star Wars: The New Jedi Order - Legends (abridged) #17, Star Wars: The New Jedi Order: Force Heretic (abridged) #3"
94-The Final Prophecy[The New Jedi Order Book 18]_2,_Uncataloged\94-The Final Prophecy[The New Jedi Order Book 18]_2,317.0,PROMOTABLE_TO_CANONICAL,Tier 2: Leaf Folder Match,Star Wars: The New Jedi Order: Edge of Victory III: The Final Prophecy,Greg Keyes,B002V1JB0G,Star Wars: The New Jedi Order - Legends (abridged) #18
95-The Unifying Force[The New Jedi Order Book 19]_2,_Uncataloged\95-The Unifying Force[The New Jedi Order Book 19]_2,172.27,PROMOTABLE_TO_CANONICAL,Tier 2: Leaf Folder Match,Star Wars: The New Jedi Order: The Unifying Force,James Luceno,B002V0K1O2,Star Wars: The New Jedi Order - Legends (abridged) #19
96-The Joiner King[Dark Nest Book 1]_2,_Uncataloged\96-The Joiner King[Dark Nest Book 1]_2,87.19,PROMOTABLE_TO_CANONICAL,Tier 2: Leaf Folder Match,Star Wars: Dark Nest I: The Joiner King,Troy Denning,B002V0K1RO,Star Wars: The Dark Nest Trilogy - Legends (abridged) #1
97-The Unseen Queen[Dark Nest Book 2]_2,_Uncataloged\97-The Unseen Queen[Dark Nest Book 2]_2,107.86,PROMOTABLE_TO_CANONICAL,Tier 2: Leaf Folder Match,Star Wars: Dark Nest II: The Unseen Queen,Troy Denning,B002V8OBW2,Star Wars: The Dark Nest Trilogy - Legends (abridged) #2
98-The Swarm War[Dark Nest Book 3]_2,_Uncataloged\98-The Swarm War[Dark Nest Book 3]_2,107.61,PROMOTABLE_TO_CANONICAL,Tier 2: Leaf Folder Match,Star Wars: Dark Nest III: The Swarm War,Troy Denning,B002V00XWC,Star Wars: The Dark Nest Trilogy - Legends (abridged) #3
Star Wars Lost Stars_1,_Uncataloged\Star Wars Lost Stars_1,319.15,PROMOTABLE_TO_CANONICAL,Tier 2: Leaf Folder Match,Master &amp; Apprentice (Star Wars),Claudia Gray,B07FTDBKGZ,Star Wars #10
Book 3 - Second Foundation_9,_Uncataloged\Book 3 - Second Foundation_9,205.1,PROMOTABLE_TO_CANONICAL,Tier 2: Leaf Folder Match,Fundación [Foundation],"Isaac Asimov, Pilar Giralt Gorina - translator",B0BTV3BQDY,Foundation [Spanish Edition] #3
"[01] Oh, Great_1","_Uncataloged\[01] Oh, Great_1",27.96,PROMOTABLE_TO_CANONICAL,Tier 2: Leaf Folder Match,"Oh, Great! I Was Reincarnated as a Farmer",Benjamin Kerei,B09CRFXXW6,Unorthodox Farming #1
[01] Beware of Chicken_1,_Uncataloged\[01] Beware of Chicken_1,42.59,PROMOTABLE_TO_CANONICAL,Tier 2: Leaf Folder Match,Beware of Chicken: A Xianxia Cultivation Novel,Casualfarmer,B09Y2D2D5T,Beware of Chicken #1
[03] Beware of Chicken 3_1,_Uncataloged\[03] Beware of Chicken 3_1,112.99,PROMOTABLE_TO_CANONICAL,Tier 2: Leaf Folder Match,Beware of Chicken 3: A Xianxia Cultivation Novel,Casualfarmer,B0C8ZN7RYP,Beware of Chicken #3
[09] Dead and Gone_1,_Uncataloged\[09] Dead and Gone_1,28.18,PROMOTABLE_TO_CANONICAL,Tier 4: Prefix Match,Dead and Gone: Sookie Stackhouse Southern Vampire Mystery #9,Charlaine Harris,B002VA3R5C,Sookie Stackhouse #9
[01-] Disgardium Series_1,_Uncataloged\[01-] Disgardium Series_1,42.41,PROMOTABLE_TO_CANONICAL,Tier 2: Leaf Folder Match,"Disgardium Series # , Disgardium Series Boxed Set","Dan Sugralinov, Andrew Schmitt - translated by, Alix Merlin Williamson - translated by",B09GHBG5XP,Disgardium #1
Star Wars_3,_Uncataloged\Star Wars_3,15.38,PROMOTABLE_TO_CANONICAL,Tier 2: Leaf Folder Match,Star Wars Storybook Collection,Disney Lucasfilm Press,B0FK1CKLQR,Star Wars
[01-] Steamborn_1,_Uncataloged\[01-] Steamborn_1,0.66,PROMOTABLE_TO_CANONICAL,Tier 2: Leaf Folder Match,Steamborn: The Complete Trilogy Box Set,Eric Asher,B0764H1QWG,Steamborn Series #1
[02] Moriarty_1,_Uncataloged\[02] Moriarty_1,85.34,PROMOTABLE_TO_CANONICAL,Tier 2: Leaf Folder Match,Moriarty: The Silent Order,Charles Kindinger,B0CGKH3F5R,Moriarty #2
[01] Viridian Gate Online_1,_Uncataloged\[01] Viridian Gate Online_1,27.67,PROMOTABLE_TO_CANONICAL,Tier 2: Leaf Folder Match,Viridian Gate Online,"James Hunter, D.J. Bodden",1630155942,Illusionist #1
[02] Viridian Gate Online_1,_Uncataloged\[02] Viridian Gate Online_1,56.97,PROMOTABLE_TO_CANONICAL,Tier 2: Leaf Folder Match,Viridian Gate Online,"James Hunter, D.J. Bodden",1630155942,Illusionist #1
[03] Viridian Gate Online_1,_Uncataloged\[03] Viridian Gate Online_1,57.37,PROMOTABLE_TO_CANONICAL,Tier 2: Leaf Folder Match,Viridian Gate Online,"James Hunter, D.J. Bodden",1630155942,Illusionist #1
[04] Super Powereds_1,_Uncataloged\[04] Super Powereds_1,29.37,PROMOTABLE_TO_CANONICAL,Tier 2: Leaf Folder Match,Super Powereds: Year One (1 of 3) (Dramatized Adaptation),Drew Hayes,1648816606,Super Powereds #1
[03] The Grand Tournament_1,_Uncataloged\[03] The Grand Tournament_1,29.49,PROMOTABLE_TO_CANONICAL,Tier 2: Leaf Folder Match,The Grand Tournament: A LitRPG Adventure,Ivan Kal,1977319009,Tower of Power #3
[01] A Thousand Li_1,_Uncataloged\[01] A Thousand Li_1,86.53,PROMOTABLE_TO_CANONICAL,Tier 2: Leaf Folder Match,A Thousand Li: The First Step,Tao Wong,B0D7N19JGL,A Thousand Li #1
[02] A Thousand Li_1,_Uncataloged\[02] A Thousand Li_1,27.89,PROMOTABLE_TO_CANONICAL,Tier 2: Leaf Folder Match,A Thousand Li: The First Step,Tao Wong,B0D7N19JGL,A Thousand Li #1
[03] A Thousand Li_1,_Uncataloged\[03] A Thousand Li_1,29.53,PROMOTABLE_TO_CANONICAL,Tier 2: Leaf Folder Match,A Thousand Li: The First Step,Tao Wong,B0D7N19JGL,A Thousand Li #1
[01] Awaken Online,_Uncataloged\[01] Awaken Online,139.3,PROMOTABLE_TO_CANONICAL,Tier 2: Leaf Folder Match,Awaken Online: Catharsis,Travis Bagwell,B01L7UC1SU,Awaken Online #1
[02] Awaken Online,_Uncataloged\[02] Awaken Online,85.67,PROMOTABLE_TO_CANONICAL,Tier 2: Leaf Folder Match,Awaken Online: Catharsis,Travis Bagwell,B01L7UC1SU,Awaken Online #1
[03] Awaken Online,_Uncataloged\[03] Awaken Online,196.72,PROMOTABLE_TO_CANONICAL,Tier 2: Leaf Folder Match,Awaken Online: Catharsis,Travis Bagwell,B01L7UC1SU,Awaken Online #1
[01] We Are Legion_1,_Uncataloged\[01] We Are Legion_1,27.36,PROMOTABLE_TO_CANONICAL,Tier 2: Leaf Folder Match,We Are Legion (We Are Bob),Dennis E. Taylor,B01L082HJ2,Bobiverse #1
[11] He Who Fights with Monsters 11_1,_Uncataloged\[11] He Who Fights with Monsters 11_1,0.25,PROMOTABLE_TO_CANONICAL,Tier 2: Leaf Folder Match,He Who Fights with Monsters 11: A LitRPG Adventure,"Shirtaloon, Travis Deverell",B0D1DPR1X3,He Who Fights with Monsters #11
[01] The Farseer,_Uncataloged\[01] The Farseer,27.12,PROMOTABLE_TO_CANONICAL,Tier 4: Prefix Match,The Farseer: Assassin's Apprentice,Robin Hobb,B003AO3P5A,"Realms of the Elderlings #1, Farseer Trilogy #1"
12 The Spine Of The World_4,_Uncataloged\12 The Spine Of The World_4,27.75,PROMOTABLE_TO_CANONICAL,Tier 2: Leaf Folder Match,"The Spine of the World: Legend of Drizzt: Paths of Darkness, Book 2",R. A. Salvatore,B00HFW9SUE,Legend of Drizzt #12
Black Panther [The Young Prince]_2,_Uncataloged\Black Panther [The Young Prince]_2,28.1,PROMOTABLE_TO_CANONICAL,Tier 2: Leaf Folder Match,Marvel’s Black Panther: Sins of the King,"Tananarive Due, Geoffrey Thorne, Mohale Mashigo, Ira Madison, Steven Barnes",B0DJMPNS1T,Marvel audio books
Origins - Neil deGrasse Tyson - Audiobook - Unabridged mp3_3,_Uncataloged\Origins - Neil deGrasse Tyson - Audiobook - Unabridged mp3_3,27.63,PROMOTABLE_TO_CANONICAL,Tier 2: Leaf Folder Match,"Origins, Revised and Updated","Neil deGrasse Tyson, Donald Goldsmith",B0B2KRTN5Z,Neil Degrasse Tyson
02 - Ian Fleming - Live and Let Die_1,_Uncataloged\02 - Ian Fleming - Live and Let Die_1,176.13,PROMOTABLE_TO_CANONICAL,Tier 2: Leaf Folder Match,Live and Let Die (Hindi),Ian Fleming,B0BTTCP72K,James Bond (Original Series) [Hindi] #2
05 - Ian Fleming - From Russia with Love_unabridged_1,_Uncataloged\05 - Ian Fleming - From Russia with Love_unabridged_1,136.92,PROMOTABLE_TO_CANONICAL,Tier 2: Leaf Folder Match,Desde Rusia con amor [From Russia with Love],Ian Fleming,B0B2F3941B,James Bond [Spanish Edition] #5
08 - Ian Fleming - For Your Eyes Only_unabridged_1,_Uncataloged\08 - Ian Fleming - For Your Eyes Only_unabridged_1,97.96,PROMOTABLE_TO_CANONICAL,Tier 2: Leaf Folder Match,Sólo para tus ojos [For Your Eyes Only],Ian Fleming,B0B7XW13YW,James Bond [Spanish Edition] #8
J.R.R. Tolkien - The Lord of the Rings (all Books Fellowship - Two Towers - Return Of The King) Unabridged Audiobook_1,_Uncataloged\J.R.R. Tolkien - The Lord of the Rings (all Books Fellowship - Two Towers - Return Of The King) Unabridged Audiobook_1,34.38,PROMOTABLE_TO_CANONICAL,Tier 2: Leaf Folder Match,LotR Part I: The Fellowship of the Ring,J.R.R. Tolkien,,From_Drive_I
Scary Stories To Tell In The Dark_1,_Uncataloged\Scary Stories To Tell In The Dark_1,2.86,PROMOTABLE_TO_CANONICAL,Tier 2: Leaf Folder Match,The 30 Best Scary Stories to Tell in the Dark,Tom Black,B0D6KPTMSX,Scary Stories To Tell In The Dark - Audio Books
Stephen_King-Lida-AUDIOBOOK-SE-2005-CTA_1,_Uncataloged\Stephen_King-Lida-AUDIOBOOK-SE-2005-CTA_1,3.07,PROMOTABLE_TO_CANONICAL,Tier 2: Leaf Folder Match,Falling Star,A. G. Mogan,B0FXF5D82J,From_Drive_I
Stephen King - Complete Bachman Books - 7 Audiobooks In Proper Order [JabbaJr]_1,_Uncataloged\Stephen King - Complete Bachman Books - 7 Audiobooks In Proper Order [JabbaJr]_1,4.03,PROMOTABLE_TO_CANONICAL,Tier 2: Leaf Folder Match,A Longa Marcha [The Long Walk],"Stephen King, Richard Bachman, Regiane Winarski - translator",B0D6CR7V2B,From_Drive_I
Stephen_King_-_Signal-2006-DAISY-AUDIOBOOK-SE-2007-LzY_1,_Uncataloged\Stephen_King_-_Signal-2006-DAISY-AUDIOBOOK-SE-2007-LzY_1,6.36,PROMOTABLE_TO_CANONICAL,Tier 2: Leaf Folder Match,The Signal: A Conspiratorium Novel,Linda Sanchez,B0GGV35VGH,The Redacted Series #2
The Stand by Stephen King_1,_Uncataloged\The Stand by Stephen King_1,8.68,PROMOTABLE_TO_CANONICAL,Tier 2: Leaf Folder Match,The End of the World As We Know It,"Stephen King - introduction, Christopher Golden - editor, Brian Keene - editor",B0DPJJM5NJ,The Stand - Stephen King (Audio Book)
[01] The Farseer_1,_Uncataloged\[01] The Farseer_1,476.93,PROMOTABLE_TO_CANONICAL,Tier 4: Prefix Match,The Farseer: Assassin's Apprentice,Robin Hobb,B003AO3P5A,"Realms of the Elderlings #1, Farseer Trilogy #1"
[01] Awaken Online_1,_Uncataloged\[01] Awaken Online_1,925.93,PROMOTABLE_TO_CANONICAL,Tier 2: Leaf Folder Match,Awaken Online: Catharsis,Travis Bagwell,B01L7UC1SU,Awaken Online #1
[02] Awaken Online_1,_Uncataloged\[02] Awaken Online_1,1204.03,PROMOTABLE_TO_CANONICAL,Tier 2: Leaf Folder Match,Awaken Online: Catharsis,Travis Bagwell,B01L7UC1SU,Awaken Online #1
[03] Awaken Online_1,_Uncataloged\[03] Awaken Online_1,1289.12,PROMOTABLE_TO_CANONICAL,Tier 2: Leaf Folder Match,Awaken Online: Catharsis,Travis Bagwell,B01L7UC1SU,Awaken Online #1
Death's Excellent Va_B09158ZJDB_LC_128_44100_Stereo.m4b,_Uncataloged\Death's Excellent Va_B09158ZJDB_LC_128_44100_Stereo.m4b,351.12,PROMOTABLE_TO_CANONICAL,Tier 2: Leaf Folder Match,Death's Excellent Vacation,"Various, Charlaine Harris - editor, Toni L. P. Kelner - editor",1705287301,Sookie Stackhouse
High Priestess,_Uncataloged\High Priestess,439.18,PROMOTABLE_TO_CANONICAL,Tier 2: Leaf Folder Match,High Priestess [Dramatized Adaptation],"Warren Murphy, Richard Sapir",1648810748,Destroyer
Death's Excellent Va_B09158ZJDB_LC_128_44100_Stereo.m4b_8d7da293,_Uncataloged\Death's Excellent Va_B09158ZJDB_LC_128_44100_Stereo.m4b_8d7da293,351.12,PROMOTABLE_TO_CANONICAL,Tier 2: Leaf Folder Match,Death's Excellent Vacation,"Various, Charlaine Harris - editor, Toni L. P. Kelner - editor",1705287301,Sookie Stackhouse
A Song for Sadye_B00S1LX7R8_LC_64_22050_Stereo.m4b,_Uncataloged\A Song for Sadye_B00S1LX7R8_LC_64_22050_Stereo.m4b,17.45,PROMOTABLE_TO_CANONICAL,Tier 4: Prefix Match,A Song for Sadye,R. A. Salvatore,B00S1LX7R8,The DemonWars Saga #10
Stephen King - Complete Bachman Books - 7 Audiobooks In Proper Order [JabbaJr]_afd7056d,_Uncataloged\Stephen King - Complete Bachman Books - 7 Audiobooks In Proper Order [JabbaJr]_afd7056d,4.03,PROMOTABLE_TO_CANONICAL,Tier 2: Leaf Folder Match,A Longa Marcha [The Long Walk],"Stephen King, Richard Bachman, Regiane Winarski - translator",B0D6CR7V2B,From_Drive_I
Stephen_King-Lida-AUDIOBOOK-SE-2005-CTA_7af2ccee,_Uncataloged\Stephen_King-Lida-AUDIOBOOK-SE-2005-CTA_7af2ccee,3.07,PROMOTABLE_TO_CANONICAL,Tier 2: Leaf Folder Match,Falling Star,A. G. Mogan,B0FXF5D82J,From_Drive_I
Stephen_King_-_Signal-2006-DAISY-AUDIOBOOK-SE-2007-LzY_2299094f,_Uncataloged\Stephen_King_-_Signal-2006-DAISY-AUDIOBOOK-SE-2007-LzY_2299094f,6.36,PROMOTABLE_TO_CANONICAL,Tier 2: Leaf Folder Match,The Signal: A Conspiratorium Novel,Linda Sanchez,B0GGV35VGH,The Redacted Series #2
J.R.R. Tolkien - The Lord of the Rings (all Books Fellowship - Two Towers - Return Of The King) Unabridged Audiobook_faa19fbd,_Uncataloged\J.R.R. Tolkien - The Lord of the Rings (all Books Fellowship - Two Towers - Return Of The King) Unabridged Audiobook_faa19fbd,34.38,PROMOTABLE_TO_CANONICAL,Tier 2: Leaf Folder Match,LotR Part I: The Fellowship of the Ring,J.R.R. Tolkien,,From_Drive_I
Fatal Revenant Part _B09859WZ16_LC_64_22050_Stereo.m4b,_Uncataloged\Fatal Revenant Part _B09859WZ16_LC_64_22050_Stereo.m4b,267.98,PROMOTABLE_TO_CANONICAL,Tier 2: Leaf Folder Match,Fatal Revenant,Stephen R. Donaldson,B097YXJ3FV,"Last Chronicles of Thomas Covenant #2, The Chronicles of Thomas Covenant #8"
Assassin's Quest Par_B003XWTL9S_LC_64_22050_Stereo.m4b,_Uncataloged\Assassin's Quest Par_B003XWTL9S_LC_64_22050_Stereo.m4b,201.7,PROMOTABLE_TO_CANONICAL,Tier 4: Prefix Match,Assassin's Quest,Robin Hobb,B003XWVC0E,"Farseer Trilogy #3, Realms of the Elderlings #3"
Assassin's Quest Par_B003XWYM0G_LC_64_22050_Stereo.m4b,_Uncataloged\Assassin's Quest Par_B003XWYM0G_LC_64_22050_Stereo.m4b,198.73,PROMOTABLE_TO_CANONICAL,Tier 2: Leaf Folder Match,Assassin's Quest,Robin Hobb,B003XWVC0E,"Farseer Trilogy #3, Realms of the Elderlings #3"
Assassin's Quest Par_B003XWTL4S_LC_64_22050_Stereo.m4b,_Uncataloged\Assassin's Quest Par_B003XWTL4S_LC_64_22050_Stereo.m4b,207.99,PROMOTABLE_TO_CANONICAL,Tier 4: Prefix Match,Assassin's Quest,Robin Hobb,B003XWVC0E,"Farseer Trilogy #3, Realms of the Elderlings #3"
Assassin's Quest Par_B003XWTL5W_LC_64_22050_Stereo.m4b,_Uncataloged\Assassin's Quest Par_B003XWTL5W_LC_64_22050_Stereo.m4b,212.46,PROMOTABLE_TO_CANONICAL,Tier 4: Prefix Match,Assassin's Quest,Robin Hobb,B003XWVC0E,"Farseer Trilogy #3, Realms of the Elderlings #3"
Echoes of the Fourth_B003BKT20A_LC_64_22050_Stereo.m4b_c20082af,_Uncataloged\Echoes of the Fourth_B003BKT20A_LC_64_22050_Stereo.m4b_c20082af,154.95,PROMOTABLE_TO_CANONICAL,Tier 2: Leaf Folder Match,Echoes of the Fourth Magic,R. A. Salvatore,B003BKQZ28,Chronicles of Ynis Aielle #1
Dragonslayer's Retur_B003TTYH1C_LC_64_22050_Stereo.m4b_97b508be,_Uncataloged\Dragonslayer's Retur_B003TTYH1C_LC_64_22050_Stereo.m4b_97b508be,162.02,PROMOTABLE_TO_CANONICAL,Tier 2: Leaf Folder Match,Dragonslayer's Return,R. A. Salvatore,B003TU3Q9A,Spearwielder's Tales #3
Gods of the Ragnarok Era Complete Collection_fa61cd5b,_Uncataloged\Gods of the Ragnarok Era Complete Collection_fa61cd5b,2556.22,PROMOTABLE_TO_CANONICAL,Tier 2: Leaf Folder Match,Gods of the Ragnarok Era Complete Collection: Eschaton Cycle,Matt Larkin,B08W293VGM,Matt Larkin
Defiance of the Fall_B0D43HS2F9_LC_64_22050_Stereo.m4b,_Uncataloged\Defiance of the Fall_B0D43HS2F9_LC_64_22050_Stereo.m4b,227.09,PROMOTABLE_TO_CANONICAL,Tier 2: Leaf Folder Match,"Defiance of the Fall, Book 10","TheFirstDefier, JF Brink",B0C78G69ZW,Defiance of the Fall #10
Defiance of the Fall_B0D432N577_LC_64_22050_Stereo.m4b,_Uncataloged\Defiance of the Fall_B0D432N577_LC_64_22050_Stereo.m4b,219.34,PROMOTABLE_TO_CANONICAL,Tier 4: Prefix Match,Defiance of the Fall,"TheFirstDefier, JF Brink",B094JZMCJX,Defiance of the Fall #1
Star Wars_cd79903d,_Uncataloged\Star Wars_cd79903d,175.01,PROMOTABLE_TO_CANONICAL,Tier 2: Leaf Folder Match,Star Wars Storybook Collection,Disney Lucasfilm Press,B0FK1CKLQR,Star Wars
Fiction_70131434,_Uncataloged\Fiction_70131434,338.76,PROMOTABLE_TO_CANONICAL,Tier 2: Leaf Folder Match,Speaking the Lost Languages of God,Gregg Braden,B00O9GDO72,Nightingale-Conant: Spiritual Growth
Brotherhood of the W_B002V5CONI_LC_128_44100_Stereo.m4b_1476f88b,_Uncataloged\Brotherhood of the W_B002V5CONI_LC_128_44100_Stereo.m4b_1476f88b,474.35,PROMOTABLE_TO_CANONICAL,Tier 2: Leaf Folder Match,Brotherhood of the Wolf,David Farland,B002V5B86C,The Runelords Series #2
Dead Until Dark Part_B002V0TL84_LC_64_22050_Stereo.m4b,_Uncataloged\Dead Until Dark Part_B002V0TL84_LC_64_22050_Stereo.m4b,141.52,PROMOTABLE_TO_CANONICAL,Tier 2: Leaf Folder Match,Dead Until Dark,Charlaine Harris,B002V1LPJ6,Sookie Stackhouse #1
Definitely Dead Part_B002V57UY6_LC_64_22050_Stereo.m4b,_Uncataloged\Definitely Dead Part_B002V57UY6_LC_64_22050_Stereo.m4b,135.16,PROMOTABLE_TO_CANONICAL,Tier 4: Prefix Match,Definitely Dead,Charlaine Harris,B002V59ZE4,Sookie Stackhouse #6
Dead Reckoning Part _B004W4TZ2E_LC_64_22050_Stereo.m4b,_Uncataloged\Dead Reckoning Part _B004W4TZ2E_LC_64_22050_Stereo.m4b,152.33,PROMOTABLE_TO_CANONICAL,Tier 2: Leaf Folder Match,Dead Reckoning,Charlaine Harris,B004W4TYXE,Sookie Stackhouse #11
Dead to the World Pa_B002UZDU9Q_LC_64_22050_Stereo.m4b,_Uncataloged\Dead to the World Pa_B002UZDU9Q_LC_64_22050_Stereo.m4b,125.28,PROMOTABLE_TO_CANONICAL,Tier 4: Prefix Match,Dead to the World,Charlaine Harris,B002UZKJOK,Sookie Stackhouse #4
Dead In the Family P_B003HTU4W0_LC_64_22050_Stereo.m4b,_Uncataloged\Dead In the Family P_B003HTU4W0_LC_64_22050_Stereo.m4b,133.94,PROMOTABLE_TO_CANONICAL,Tier 4: Prefix Match,Dead In the Family,Charlaine Harris,B003HTZBPU,Sookie Stackhouse #10
Dead Ever After Part_B00C5JPCNO_LC_64_22050_Stereo.m4b,_Uncataloged\Dead Ever After Part_B00C5JPCNO_LC_64_22050_Stereo.m4b,133.08,PROMOTABLE_TO_CANONICAL,Tier 2: Leaf Folder Match,Dead Ever After,Charlaine Harris,B00BR1VHVC,Sookie Stackhouse #13
Dead as a Doornail P_B002V8N9V6_LC_64_22050_Stereo.m4b,_Uncataloged\Dead as a Doornail P_B002V8N9V6_LC_64_22050_Stereo.m4b,142.67,PROMOTABLE_TO_CANONICAL,Tier 4: Prefix Match,Dead as a Doornail,Charlaine Harris,B002V8LJTU,Sookie Stackhouse #5
Dead and Gone Sookie_B002VA9MY2_LC_64_22050_Stereo.m4b_630c9d39,_Uncataloged\Dead and Gone Sookie_B002VA9MY2_LC_64_22050_Stereo.m4b_630c9d39,134.54,PROMOTABLE_TO_CANONICAL,Tier 2: Leaf Folder Match,Dead and Gone: Sookie Stackhouse Southern Vampire Mystery #9,Charlaine Harris,B002VA3R5C,Sookie Stackhouse #9
After Dead_B00HQJUL8O_LC_64_22050_Stereo.m4b,_Uncataloged\After Dead_B00HQJUL8O_LC_64_22050_Stereo.m4b,21.85,PROMOTABLE_TO_CANONICAL,Tier 2: Leaf Folder Match,After Dead,Charlaine Harris,B00HQJUL8O,Sookie Stackhouse
All Together Dead Pa_B002VA9IY6_LC_64_22050_Stereo.m4b,_Uncataloged\All Together Dead Pa_B002VA9IY6_LC_64_22050_Stereo.m4b,114.01,PROMOTABLE_TO_CANONICAL,Tier 4: Prefix Match,All Together Dead,Charlaine Harris,B002VA9IUA,Sookie Stackhouse #7
All Together Dead Pa_B002VA9J18_LC_64_22050_Stereo.m4b,_Uncataloged\All Together Dead Pa_B002VA9J18_LC_64_22050_Stereo.m4b,168.26,PROMOTABLE_TO_CANONICAL,Tier 2: Leaf Folder Match,All Together Dead,Charlaine Harris,B002VA9IUA,Sookie Stackhouse #7
Beware of Chicken A _B09Y7JX3RR_LC_128_44100_Stereo.m4b_90b1e381,_Uncataloged\Beware of Chicken A _B09Y7JX3RR_LC_128_44100_Stereo.m4b_90b1e381,359.71,PROMOTABLE_TO_CANONICAL,Tier 2: Leaf Folder Match,Beware of Chicken 5: A Xianxia Cultivation Novel,Casualfarmer,B0FDCLSZ7G,Beware of Chicken #5
[01-] Foodstuffs LitRPG Box Set_6c767f85,_Uncataloged\[01-] Foodstuffs LitRPG Box Set_6c767f85,1082.35,PROMOTABLE_TO_CANONICAL,Tier 2: Leaf Folder Match,Foodstuffs LitRPG Box Set: Books 1-3,Arthur Stone,B0BGML55KY,"Alpha LitRPG #1, Foodstuffs LitRPG #1"
Non Fiction,_Uncataloged\Non Fiction,504.51,PROMOTABLE_TO_CANONICAL,Tier 2: Leaf Folder Match,The No Asshole Rule,Robert I. Sutton PhD PhD,B002V5B4BG,Non Fiction
"Time Enough For Love, Volume 2","_Uncataloged\Time Enough For Love\Time Enough For Love, Volume 2",110.26,PROMOTABLE_TO_CANONICAL,Tier 2: Leaf Folder Match,Devil's Den,James Boyd,B0F9B8X9GG,Time Enough For Love
"Time Enough For Love, Volume 1 Part 2","_Uncataloged\Time Enough For Love\Time Enough For Love, Volume 1 Part 2",85.57,PROMOTABLE_TO_CANONICAL,Tier 2: Leaf Folder Match,Betrayal,James Boyd,B0DL86YWJQ,Derek Lloyd- Senior Medical Officer #2
The Rolling Stones,_Uncataloged\The Rolling Stones,399.41,PROMOTABLE_TO_CANONICAL,Tier 2: Leaf Folder Match,Charlie's Good Tonight,Paul Sexton,B09V9BHB31,Robert Heinlein Audiobook collection @ fenopy.com (2)
Sarah,_Uncataloged\Sarah,227.93,PROMOTABLE_TO_CANONICAL,Tier 2: Leaf Folder Match,Sarah,Robert Heinlein,,Robert Heinlein Audiobook collection @ fenopy.com (2)
Starship Troopers_aa8d4ac9,_Uncataloged\Starship Troopers_aa8d4ac9,547.92,PROMOTABLE_TO_CANONICAL,Tier 2: Leaf Folder Match,Starship Troopers [French Version],Robert A. Heinlein,2353291406,Robert Heinlein Audiobook collection @ fenopy.com (2)
Stranger in a Strange Land_65aba127,_Uncataloged\Stranger in a Strange Land_65aba127,456.21,PROMOTABLE_TO_CANONICAL,Tier 2: Leaf Folder Match,The Classic Collection of Robert A. Heinlein. Fourteen Short Stories,Robert A. Heinlein,B0F8P5T45L,Robert Heinlein Audiobook collection @ fenopy.com (2)
The Menace From Earth_04bf105a,_Uncataloged\The Menace From Earth_04bf105a,78.5,PROMOTABLE_TO_CANONICAL,Tier 2: Leaf Folder Match,Rob McQuay,Robert A. Heinlein,,Robert Heinlein Audiobook collection @ fenopy.com (2)
Farnham's Freehold_befef5d9,_Uncataloged\Farnham's Freehold_befef5d9,297.04,PROMOTABLE_TO_CANONICAL,Tier 2: Leaf Folder Match,Solitudes Sampler [Bonus Tracks],Dan Gibson,,Robert Heinlein Audiobook collection @ fenopy.com (2)
28 Demon Wars - Book 04 - Mortalis_352c278a,_Uncataloged\28 Demon Wars - Book 04 - Mortalis_352c278a,265.48,PROMOTABLE_TO_CANONICAL,Tier 2: Leaf Folder Match,Mortalis (Dramatized Adaptation),R.A. Salvatore,B0B7XP8ZJN,The DemonWars Saga #4
Cat Who Walks through Walls_ab770de0,_Uncataloged\Cat Who Walks through Walls_ab770de0,436.79,PROMOTABLE_TO_CANONICAL,Tier 2: Leaf Folder Match,I Love You Like It's 1999,A. J. Pine,B0FB52TN6H,Robert Heinlein Audiobook collection @ fenopy.com (2)
Comedy of Justice_68d9cdb5,_Uncataloged\Comedy of Justice_68d9cdb5,282.21,PROMOTABLE_TO_CANONICAL,Tier 2: Leaf Folder Match,Job,Robert A. Heinlein,B002V8MMX2,Robert Heinlein Audiobook collection @ fenopy.com (2)
27 Demon Wars - Book 03 - The Demon Apostle_b5d4ca05,_Uncataloged\27 Demon Wars - Book 03 - The Demon Apostle_b5d4ca05,555.29,PROMOTABLE_TO_CANONICAL,Tier 2: Leaf Folder Match,The Leader Who Had No Title,Robin Sharma,B003BFVMQW,R. A. Salvatore Audiobook Collection 1 to 28 (2) #3
02 Exile,_Uncataloged\02 Exile,154.87,PROMOTABLE_TO_CANONICAL,Tier 2: Leaf Folder Match,Exile,R. A. Salvatore,B00BWSI8A8,Legend of Drizzt #2
33 Hero,_Uncataloged\33 Hero,267.78,PROMOTABLE_TO_CANONICAL,Tier 2: Leaf Folder Match,Hero,R. A. Salvatore,B01KIQRTKO,"Legend of Drizzt #33, Legend of Drizzt: Homecoming #3"
28 Night Of The Hunter_bbd2d842,_Uncataloged\28 Night Of The Hunter_bbd2d842,322.81,PROMOTABLE_TO_CANONICAL,Tier 2: Leaf Folder Match,Soul Hunter,Aaron Dembski-Bowden,1789994241,Night Lords #1
12 The Spine Of The World_0aa06165,_Uncataloged\12 The Spine Of The World_0aa06165,259.81,PROMOTABLE_TO_CANONICAL,Tier 2: Leaf Folder Match,"The Spine of the World: Legend of Drizzt: Paths of Darkness, Book 2",R. A. Salvatore,B00HFW9SUE,Legend of Drizzt #12
13 Sea Of Swords_88dfb2df,_Uncataloged\13 Sea Of Swords_88dfb2df,250.63,PROMOTABLE_TO_CANONICAL,Tier 2: Leaf Folder Match,"Sea of Swords: Legend of Drizzt: Paths of Darkness, Book 3",R. A. Salvatore,B00HNF85YI,Legend of Drizzt #13
02 Exile_85f73ac5,_Uncataloged\02 Exile_85f73ac5,210.88,PROMOTABLE_TO_CANONICAL,Tier 2: Leaf Folder Match,Exile,R. A. Salvatore,B00BWSI8A8,Legend of Drizzt #2
Dragonsong_0bc99f6b,_Uncataloged\Dragonsong_0bc99f6b,198.74,PROMOTABLE_TO_CANONICAL,Tier 2: Leaf Folder Match,"Dragonsong: Harper Hall Trilogy, Volume 1",Anne McCaffrey,B002V57VYA,"Harper Hall of Pern #1, Pern Novels [publication order] #3"
High Priestess_4f6ea1f8,_Uncataloged\High Priestess_4f6ea1f8,377.65,PROMOTABLE_TO_CANONICAL,Tier 2: Leaf Folder Match,High Priestess [Dramatized Adaptation],"Warren Murphy, Richard Sapir",1648810748,Destroyer
[03] Awaken Online_67ec7699,_Uncataloged\[03] Awaken Online_67ec7699,1289.12,PROMOTABLE_TO_CANONICAL,Tier 2: Leaf Folder Match,Awaken Online: Catharsis,Travis Bagwell,B01L7UC1SU,Awaken Online #1
[02] Awaken Online_ef2abc3c,_Uncataloged\[02] Awaken Online_ef2abc3c,1204.03,PROMOTABLE_TO_CANONICAL,Tier 2: Leaf Folder Match,Awaken Online: Catharsis,Travis Bagwell,B01L7UC1SU,Awaken Online #1
[01] Awaken Online_ce9cec8b,_Uncataloged\[01] Awaken Online_ce9cec8b,925.93,PROMOTABLE_TO_CANONICAL,Tier 2: Leaf Folder Match,Awaken Online: Catharsis,Travis Bagwell,B01L7UC1SU,Awaken Online #1
Scary Stories To Tell In The Dark_5258e655,_Uncataloged\Scary Stories To Tell In The Dark_5258e655,2.86,PROMOTABLE_TO_CANONICAL,Tier 2: Leaf Folder Match,The 30 Best Scary Stories to Tell in the Dark,Tom Black,B0D6KPTMSX,Scary Stories To Tell In The Dark - Audio Books
The Stand by Stephen King_b7aef236,_Uncataloged\The Stand by Stephen King_b7aef236,8.68,PROMOTABLE_TO_CANONICAL,Tier 2: Leaf Folder Match,The End of the World As We Know It,"Stephen King - introduction, Christopher Golden - editor, Brian Keene - editor",B0DPJJM5NJ,The Stand - Stephen King (Audio Book)
Prey_9060bc1d,_Uncataloged\Prey_9060bc1d,96.86,PROMOTABLE_TO_CANONICAL,Tier 2: Leaf Folder Match,Prey,Michael Crichton,B002UUQVFG,Prey - Michael Crichton [audiobooks-download.blogspot.com]
05 - Ian Fleming - From Russia with Love_unabridged_273de579,_Uncataloged\05 - Ian Fleming - From Russia with Love_unabridged_273de579,136.92,PROMOTABLE_TO_CANONICAL,Tier 2: Leaf Folder Match,Desde Rusia con amor [From Russia with Love],Ian Fleming,B0B2F3941B,James Bond [Spanish Edition] #5
08 - Ian Fleming - For Your Eyes Only_unabridged_5ad4b0f1,_Uncataloged\08 - Ian Fleming - For Your Eyes Only_unabridged_5ad4b0f1,97.96,PROMOTABLE_TO_CANONICAL,Tier 2: Leaf Folder Match,Sólo para tus ojos [For Your Eyes Only],Ian Fleming,B0B7XW13YW,James Bond [Spanish Edition] #8
02 - Ian Fleming - Live and Let Die_2b05e101,_Uncataloged\02 - Ian Fleming - Live and Let Die_2b05e101,176.13,PROMOTABLE_TO_CANONICAL,Tier 2: Leaf Folder Match,Live and Let Die (Hindi),Ian Fleming,B0BTTCP72K,James Bond (Original Series) [Hindi] #2
Origins - Neil deGrasse Tyson - Audiobook - Unabridged mp3_2baf6b3f,_Uncataloged\Origins - Neil deGrasse Tyson - Audiobook - Unabridged mp3_2baf6b3f,27.63,PROMOTABLE_TO_CANONICAL,Tier 2: Leaf Folder Match,"Origins, Revised and Updated","Neil deGrasse Tyson, Donald Goldsmith",B0B2KRTN5Z,Neil Degrasse Tyson
Black Panther [The Young Prince]_dbdbe5b7,_Uncataloged\Black Panther [The Young Prince]_dbdbe5b7,28.1,PROMOTABLE_TO_CANONICAL,Tier 2: Leaf Folder Match,Marvel’s Black Panther: Sins of the King,"Tananarive Due, Geoffrey Thorne, Mohale Mashigo, Ira Madison, Steven Barnes",B0DJMPNS1T,Marvel audio books
12 The Spine Of The World_2b53c50e,_Uncataloged\12 The Spine Of The World_2b53c50e,27.75,PROMOTABLE_TO_CANONICAL,Tier 2: Leaf Folder Match,"The Spine of the World: Legend of Drizzt: Paths of Darkness, Book 2",R. A. Salvatore,B00HFW9SUE,Legend of Drizzt #12
Neil Degrasse Tyson_dup_399,_Uncataloged\Neil Degrasse Tyson_dup_399,663.41,PROMOTABLE_TO_CANONICAL,Tier 2: Leaf Folder Match,Letters from an Astrophysicist,Neil deGrasse Tyson,B07VQJB4NF,
Origins - Neil deGrasse Tyson - Audiobook - Unabridged mp3,_Uncataloged\Neil Degrasse Tyson_dup_399\Origins - Neil deGrasse Tyson - Audiobook - Unabridged mp3,240.77,PROMOTABLE_TO_CANONICAL,Tier 2: Leaf Folder Match,"Origins, Revised and Updated","Neil deGrasse Tyson, Donald Goldsmith",B0B2KRTN5Z,Neil Degrasse Tyson
Neil Degrasse Tyson_dup_4263_cb99800d,_Uncataloged\Neil Degrasse Tyson_dup_4263_cb99800d,422.54,PROMOTABLE_TO_CANONICAL,Tier 2: Leaf Folder Match,Letters from an Astrophysicist,Neil deGrasse Tyson,B07VQJB4NF,
The Mystery of a Hansom Cab - Superlative Victorian Crime Novel - BBC Audiobook - cheops_6eb40bce,_Uncataloged\The Mystery of a Hansom Cab - Superlative Victorian Crime Novel - BBC Audiobook - cheops_6eb40bce,152.16,PROMOTABLE_TO_CANONICAL,Tier 2: Leaf Folder Match,The Mystery of a Hansom Cab (Unabridged),Fergus Hume,B002V8L75G,The Mystery of a Hansom Cab - Superlative Victorian Crime Novel - BBC Audiobook - cheops
[03] A Thousand Li_d0cbcd66,_Uncataloged\[03] A Thousand Li_d0cbcd66,488.27,PROMOTABLE_TO_CANONICAL,Tier 2: Leaf Folder Match,A Thousand Li: The First Step,Tao Wong,B0D7N19JGL,A Thousand Li #1
[02] A Thousand Li_09ae239a,_Uncataloged\[02] A Thousand Li_09ae239a,491.11,PROMOTABLE_TO_CANONICAL,Tier 2: Leaf Folder Match,A Thousand Li: The First Step,Tao Wong,B0D7N19JGL,A Thousand Li #1
[01] A Thousand Li_3363a7af,_Uncataloged\[01] A Thousand Li_3363a7af,466.47,PROMOTABLE_TO_CANONICAL,Tier 2: Leaf Folder Match,A Thousand Li: The First Step,Tao Wong,B0D7N19JGL,A Thousand Li #1
[01] System Change_5c82f9ba,_Uncataloged\[01] System Change_5c82f9ba,689.38,PROMOTABLE_TO_CANONICAL,Tier 2: Leaf Folder Match,System Change: A LitRPG Adventure,SunriseCV,B0BH9FDKP8,System Universe Series #1
(audiobook) Stephen Hawking - A Brief History of Time_c6cbee2d,_Uncataloged\(audiobook) Stephen Hawking - A Brief History of Time_c6cbee2d,79.93,PROMOTABLE_TO_CANONICAL,Tier 2: Leaf Folder Match,Summary of A Brief History of Time,Stephen Hawking,B0CCFXFMYH,(audiobook) Stephen Hawking - A Brief History of Time
[01] I'm Not the Hero,_Uncataloged\[01] I'm Not the Hero,969.89,PROMOTABLE_TO_CANONICAL,Tier 2: Leaf Folder Match,I'm Not the Hero: An Isekai LitRPG,"SourpatchHero, Tommy Kerper",B0CH1L61BG,I'm Not the Hero #1
[11] He Who Fights with Monsters 11_93e2a09c,_Uncataloged\[11] He Who Fights with Monsters 11_93e2a09c,730.4,PROMOTABLE_TO_CANONICAL,Tier 2: Leaf Folder Match,He Who Fights with Monsters 11: A LitRPG Adventure,"Shirtaloon, Travis Deverell",B0D1DPR1X3,He Who Fights with Monsters #11
[01] He Who Fights with Monsters_0701cac4,_Uncataloged\[01] He Who Fights with Monsters_0701cac4,802.8,PROMOTABLE_TO_CANONICAL,Tier 2: Leaf Folder Match,He Who Fights with Monsters: A LitRPG Adventure,"Shirtaloon, Travis Deverell",1774248182,He Who Fights with Monsters #1
[03] Unstoppable (3),_Uncataloged\[03] Unstoppable (3),2052.43,PROMOTABLE_TO_CANONICAL,Tier 2: Leaf Folder Match,Unstoppable,Sean Oswald,B0BFC7GHFC,Class Shift #3
"[01, Dramatized Adaptation] The Highwayman_01baeb2c","_Uncataloged\[01, Dramatized Adaptation] The Highwayman_01baeb2c",446.87,PROMOTABLE_TO_CANONICAL,Tier 2: Leaf Folder Match,The Highwayman [Dramatized Adaptation],R. A. Salvatore,1648802362,Saga of the First King #1
"[02, Dramatized Adaptation] The Ancient_5e9d8bee","_Uncataloged\[02, Dramatized Adaptation] The Ancient_5e9d8bee",445.13,PROMOTABLE_TO_CANONICAL,Tier 2: Leaf Folder Match,The Ancient [Dramatized Adaptation],R. A. Salvatore,1648809936,Saga of the First King #2
The Surgeon's Mate - Cd 13(1993),_Uncataloged\Patrick O'Brian\The Surgeon's Mate - Cd 13(1993),31.27,PROMOTABLE_TO_CANONICAL,Tier 2: Leaf Folder Match,The Surgeon's Mate,Patrick O'brian,B002V1OTVW,Aubrey/Maturin (abridged) #7
The Surgeon's Mate - Cd 10(1993),_Uncataloged\Patrick O'Brian\The Surgeon's Mate - Cd 10(1993),31.34,PROMOTABLE_TO_CANONICAL,Tier 4: Prefix Match,The Surgeon's Mate,Patrick O'brian,B002V1OTVW,Aubrey/Maturin (abridged) #7
The Surgeon's Mate - Cd 12(1993),_Uncataloged\Patrick O'Brian\The Surgeon's Mate - Cd 12(1993),32.77,PROMOTABLE_TO_CANONICAL,Tier 4: Prefix Match,The Surgeon's Mate,Patrick O'brian,B002V1OTVW,Aubrey/Maturin (abridged) #7
The Surgeon's Mate - Cd 11(1993),_Uncataloged\Patrick O'Brian\The Surgeon's Mate - Cd 11(1993),30.12,PROMOTABLE_TO_CANONICAL,Tier 4: Prefix Match,The Surgeon's Mate,Patrick O'brian,B002V1OTVW,Aubrey/Maturin (abridged) #7
The Ionian Mission - Cd 9(1994),_Uncataloged\Patrick O'Brian\The Ionian Mission - Cd 9(1994),33.62,PROMOTABLE_TO_CANONICAL,Tier 2: Leaf Folder Match,The Ionian Mission,Patrick O'brian,B002V0JUJO,Aubrey/Maturin (abridged) #8
The Ionian Mission - Cd 7(1994),_Uncataloged\Patrick O'Brian\The Ionian Mission - Cd 7(1994),33.21,PROMOTABLE_TO_CANONICAL,Tier 4: Prefix Match,The Ionian Mission,Patrick O'brian,B002V0JUJO,Aubrey/Maturin (abridged) #8
The Ionian Mission - Cd 6(1994),_Uncataloged\Patrick O'Brian\The Ionian Mission - Cd 6(1994),32.05,PROMOTABLE_TO_CANONICAL,Tier 4: Prefix Match,The Ionian Mission,Patrick O'brian,B002V0JUJO,Aubrey/Maturin (abridged) #8
The Ionian Mission - Cd 5(1994),_Uncataloged\Patrick O'Brian\The Ionian Mission - Cd 5(1994),28.09,PROMOTABLE_TO_CANONICAL,Tier 4: Prefix Match,The Ionian Mission,Patrick O'brian,B002V0JUJO,Aubrey/Maturin (abridged) #8
The Ionian Mission - Cd 8(1994),_Uncataloged\Patrick O'Brian\The Ionian Mission - Cd 8(1994),32.57,PROMOTABLE_TO_CANONICAL,Tier 4: Prefix Match,The Ionian Mission,Patrick O'brian,B002V0JUJO,Aubrey/Maturin (abridged) #8
The Ionian Mission - Cd 4(1994),_Uncataloged\Patrick O'Brian\The Ionian Mission - Cd 4(1994),33.4,PROMOTABLE_TO_CANONICAL,Tier 4: Prefix Match,The Ionian Mission,Patrick O'brian,B002V0JUJO,Aubrey/Maturin (abridged) #8
The Ionian Mission - Cd 13(1994),_Uncataloged\Patrick O'Brian\The Ionian Mission - Cd 13(1994),30.78,PROMOTABLE_TO_CANONICAL,Tier 4: Prefix Match,The Ionian Mission,Patrick O'brian,B002V0JUJO,Aubrey/Maturin (abridged) #8
The Ionian Mission - Cd 3(1994),_Uncataloged\Patrick O'Brian\The Ionian Mission - Cd 3(1994),32.8,PROMOTABLE_TO_CANONICAL,Tier 4: Prefix Match,The Ionian Mission,Patrick O'brian,B002V0JUJO,Aubrey/Maturin (abridged) #8
The Fortune Of War - Cd 12(1993),_Uncataloged\Patrick O'Brian\The Fortune Of War - Cd 12(1993),31.24,PROMOTABLE_TO_CANONICAL,Tier 2: Leaf Folder Match,The Fortune of War,Patrick O'brian,B002V5CHOE,Aubrey/Maturin (abridged) #6
The Ionian Mission - Cd 10(1994),_Uncataloged\Patrick O'Brian\The Ionian Mission - Cd 10(1994),29.19,PROMOTABLE_TO_CANONICAL,Tier 4: Prefix Match,The Ionian Mission,Patrick O'brian,B002V0JUJO,Aubrey/Maturin (abridged) #8
The Ionian Mission - Cd 11(1994),_Uncataloged\Patrick O'Brian\The Ionian Mission - Cd 11(1994),31.1,PROMOTABLE_TO_CANONICAL,Tier 4: Prefix Match,The Ionian Mission,Patrick O'brian,B002V0JUJO,Aubrey/Maturin (abridged) #8
The Ionian Mission - Cd 12(1994),_Uncataloged\Patrick O'Brian\The Ionian Mission - Cd 12(1994),30.94,PROMOTABLE_TO_CANONICAL,Tier 4: Prefix Match,The Ionian Mission,Patrick O'brian,B002V0JUJO,Aubrey/Maturin (abridged) #8
The Fortune Of War - Cd 11(1993),_Uncataloged\Patrick O'Brian\The Fortune Of War - Cd 11(1993),29.46,PROMOTABLE_TO_CANONICAL,Tier 4: Prefix Match,The Fortune of War,Patrick O'brian,B002V5CHOE,Aubrey/Maturin (abridged) #6
Master And Commander - Cd 9(1991),_Uncataloged\Patrick O'Brian\Master And Commander - Cd 9(1991),32.15,PROMOTABLE_TO_CANONICAL,Tier 2: Leaf Folder Match,Primo comando,Patrick O' Brian,8831004549,Patrick O'Brian
The Fortune Of War - Cd 10(1993),_Uncataloged\Patrick O'Brian\The Fortune Of War - Cd 10(1993),31.93,PROMOTABLE_TO_CANONICAL,Tier 4: Prefix Match,The Fortune of War,Patrick O'brian,B002V5CHOE,Aubrey/Maturin (abridged) #6
Master And Commander - Cd 8(1991),_Uncataloged\Patrick O'Brian\Master And Commander - Cd 8(1991),34.39,PROMOTABLE_TO_CANONICAL,Tier 4: Prefix Match,Master and Commander,Patrick O'Brian,B002V0KS9A,Aubrey/Maturin #1
The Surgeon's Mate - Cd 8(1993),_Uncataloged\Patrick O'Brian\Patrick O'Brian\Patrick O'Brian\7 The Surgoen's Mate\The Surgeon's Mate - Cd 8(1993),33.96,PROMOTABLE_TO_CANONICAL,Tier 4: Prefix Match,The Surgeon's Mate,Patrick O'brian,B002V1OTVW,Aubrey/Maturin (abridged) #7
The Surgeon's Mate - Cd 7(1993),_Uncataloged\Patrick O'Brian\Patrick O'Brian\Patrick O'Brian\7 The Surgoen's Mate\The Surgeon's Mate - Cd 7(1993),31.99,PROMOTABLE_TO_CANONICAL,Tier 4: Prefix Match,The Surgeon's Mate,Patrick O'brian,B002V1OTVW,Aubrey/Maturin (abridged) #7
The Surgeon's Mate - Cd 5(1993),_Uncataloged\Patrick O'Brian\Patrick O'Brian\Patrick O'Brian\7 The Surgoen's Mate\The Surgeon's Mate - Cd 5(1993),32.95,PROMOTABLE_TO_CANONICAL,Tier 4: Prefix Match,The Surgeon's Mate,Patrick O'brian,B002V1OTVW,Aubrey/Maturin (abridged) #7
The Surgeon's Mate - Cd 6(1993),_Uncataloged\Patrick O'Brian\Patrick O'Brian\Patrick O'Brian\7 The Surgoen's Mate\The Surgeon's Mate - Cd 6(1993),59.01,PROMOTABLE_TO_CANONICAL,Tier 4: Prefix Match,The Surgeon's Mate,Patrick O'brian,B002V1OTVW,Aubrey/Maturin (abridged) #7
The Surgeon's Mate - Cd 9(1993),_Uncataloged\Patrick O'Brian\Patrick O'Brian\Patrick O'Brian\7 The Surgoen's Mate\The Surgeon's Mate - Cd 9(1993),33.96,PROMOTABLE_TO_CANONICAL,Tier 4: Prefix Match,The Surgeon's Mate,Patrick O'brian,B002V1OTVW,Aubrey/Maturin (abridged) #7
The Surgeon's Mate - Cd 4(1993),_Uncataloged\Patrick O'Brian\Patrick O'Brian\Patrick O'Brian\7 The Surgoen's Mate\The Surgeon's Mate - Cd 4(1993),33.23,PROMOTABLE_TO_CANONICAL,Tier 4: Prefix Match,The Surgeon's Mate,Patrick O'brian,B002V1OTVW,Aubrey/Maturin (abridged) #7
The Surgeon's Mate - Cd 1(1993),_Uncataloged\Patrick O'Brian\Patrick O'Brian\Patrick O'Brian\7 The Surgoen's Mate\The Surgeon's Mate - Cd 1(1993),33.97,PROMOTABLE_TO_CANONICAL,Tier 4: Prefix Match,The Surgeon's Mate,Patrick O'brian,B002V1OTVW,Aubrey/Maturin (abridged) #7
The Surgeon's Mate - Cd 3(1993),_Uncataloged\Patrick O'Brian\Patrick O'Brian\Patrick O'Brian\7 The Surgoen's Mate\The Surgeon's Mate - Cd 3(1993),30.15,PROMOTABLE_TO_CANONICAL,Tier 4: Prefix Match,The Surgeon's Mate,Patrick O'brian,B002V1OTVW,Aubrey/Maturin (abridged) #7
The Surgeon's Mate - Cd 2(1993),_Uncataloged\Patrick O'Brian\Patrick O'Brian\Patrick O'Brian\7 The Surgoen's Mate\The Surgeon's Mate - Cd 2(1993),31.6,PROMOTABLE_TO_CANONICAL,Tier 4: Prefix Match,The Surgeon's Mate,Patrick O'brian,B002V1OTVW,Aubrey/Maturin (abridged) #7
21The Final Unfinished Voyage of Jack Aubrey,_Uncataloged\Patrick O'Brian\Patrick O'Brian\Patrick O'Brian\21The Final Unfinished Voyage of Jack Aubrey,107.86,PROMOTABLE_TO_CANONICAL,Tier 2: Leaf Folder Match,21,Patrick O'Brian,B002V5GT0C,Aubrey/Maturin #21
Master And Commander - Cd 7(1991),_Uncataloged\Patrick O'Brian\Master And Commander - Cd 7(1991),32.97,PROMOTABLE_TO_CANONICAL,Tier 4: Prefix Match,Master and Commander,Patrick O'Brian,B002V0KS9A,Aubrey/Maturin #1
Master And Commander - Cd 6(1991),_Uncataloged\Patrick O'Brian\Master And Commander - Cd 6(1991),26.31,PROMOTABLE_TO_CANONICAL,Tier 4: Prefix Match,Master and Commander,Patrick O'Brian,B002V0KS9A,Aubrey/Maturin #1
Master And Commander - Cd 4(1991),_Uncataloged\Patrick O'Brian\Master And Commander - Cd 4(1991),30.15,PROMOTABLE_TO_CANONICAL,Tier 4: Prefix Match,Master and Commander,Patrick O'Brian,B002V0KS9A,Aubrey/Maturin #1
Master And Commander - Cd 5(1991),_Uncataloged\Patrick O'Brian\Master And Commander - Cd 5(1991),33.05,PROMOTABLE_TO_CANONICAL,Tier 4: Prefix Match,Master and Commander,Patrick O'Brian,B002V0KS9A,Aubrey/Maturin #1
Master And Commander - Cd 2(1991),_Uncataloged\Patrick O'Brian\Master And Commander - Cd 2(1991),34.01,PROMOTABLE_TO_CANONICAL,Tier 4: Prefix Match,Master and Commander,Patrick O'Brian,B002V0KS9A,Aubrey/Maturin #1
Master And Commander - Cd 1(1991),_Uncataloged\Patrick O'Brian\Master And Commander - Cd 1(1991),33.7,PROMOTABLE_TO_CANONICAL,Tier 4: Prefix Match,Master and Commander,Patrick O'Brian,B002V0KS9A,Aubrey/Maturin #1
Master And Commander - Cd 3(1991),_Uncataloged\Patrick O'Brian\Master And Commander - Cd 3(1991),29.27,PROMOTABLE_TO_CANONICAL,Tier 4: Prefix Match,Master and Commander,Patrick O'Brian,B002V0KS9A,Aubrey/Maturin #1
Neil Gaiman - Mirror Mask Audiobook In Proper Order [JabbaJr]_e6566157,_Uncataloged\Neil Gaiman - Mirror Mask Audiobook In Proper Order [JabbaJr]_e6566157,109.61,PROMOTABLE_TO_CANONICAL,Tier 2: Leaf Folder Match,Mirror Mask,Neil Gaiman,B0979PSWGR,Neil Gaiman - Mirror Mask Audiobook In Proper Order [JabbaJr]
Star Wars_00051b7b,_Uncataloged\Star Wars_00051b7b,249.08,PROMOTABLE_TO_CANONICAL,Tier 2: Leaf Folder Match,Star Wars Storybook Collection,Disney Lucasfilm Press,B0FK1CKLQR,Star Wars
Dungeons & Dragons_c66cf58e,_Uncataloged\Dungeons & Dragons_c66cf58e,515.43,PROMOTABLE_TO_CANONICAL,Tier 2: Leaf Folder Match,Dungeons & Dragons: Honor Among Thieves: The Druid's Call,E.K. Johnston,B0BH9CRXPR,Dungeons & Dragons: Honor Among Thieves
[03] The Grand Tournament_2e9fb068,_Uncataloged\[03] The Grand Tournament_2e9fb068,522.72,PROMOTABLE_TO_CANONICAL,Tier 2: Leaf Folder Match,The Grand Tournament: A LitRPG Adventure,Ivan Kal,1977319009,Tower of Power #3
[02] The Goblin Horde_7349c669,_Uncataloged\[02] The Goblin Horde_7349c669,464.06,PROMOTABLE_TO_CANONICAL,Tier 2: Leaf Folder Match,The Goblin Horde: A LitRPG Adventure,Ivan Kal,1977318991,Tower of Power #2
"[02] Heir Today, Pawn Tomorrow","_Uncataloged\[02] Heir Today, Pawn Tomorrow",363.98,PROMOTABLE_TO_CANONICAL,Tier 2: Leaf Folder Match,"Heir Today, Pawn Tomorrow",Eric Ugland,1541404475,The Good Guys #2
[01-] Steamborn_3d8ea082,_Uncataloged\[01-] Steamborn_3d8ea082,763.59,PROMOTABLE_TO_CANONICAL,Tier 2: Leaf Folder Match,Steamborn: The Complete Trilogy Box Set,Eric Asher,B0764H1QWG,Steamborn Series #1
Dungeons & Dragons_6ca4418e,_Uncataloged\Dungeons & Dragons_6ca4418e,386.98,PROMOTABLE_TO_CANONICAL,Tier 2: Leaf Folder Match,Dungeons & Dragons: Honor Among Thieves: The Druid's Call,E.K. Johnston,B0BH9CRXPR,Dungeons & Dragons: Honor Among Thieves
[01] NPCs,_Uncataloged\[01] NPCs,226.24,PROMOTABLE_TO_CANONICAL,Tier 2: Leaf Folder Match,NPCs,Drew Hayes,B00NHY147E,"Spells, Swords, & Stealth #1"
[07] Out of House and Home_607524ca,_Uncataloged\[07] Out of House and Home_607524ca,463.39,PROMOTABLE_TO_CANONICAL,Tier 2: Leaf Folder Match,Out of House and Home (Dramatized Adaptation),Drew Hayes,B09VV4FQBX,"Fred, the Vampire Accountant #7"
[04] The Fangs of Freelance_796a4dc2,_Uncataloged\[04] The Fangs of Freelance_796a4dc2,391.1,PROMOTABLE_TO_CANONICAL,Tier 2: Leaf Folder Match,The Fangs of Freelance [Dramatized Adaptation],Drew Hayes,1648817610,"Fred, the Vampire Accountant #4"
[05] Deadly Assessments_e7a5577f,_Uncataloged\[05] Deadly Assessments_e7a5577f,421.8,PROMOTABLE_TO_CANONICAL,Tier 4: Prefix Match,Deadly Assessments [Dramatized Adaptation],Drew Hayes,1648817904,"Fred, the Vampire Accountant #5"
[06] Undeading Bells_3a70254e,_Uncataloged\[06] Undeading Bells_3a70254e,501.7,PROMOTABLE_TO_CANONICAL,Tier 2: Leaf Folder Match,Undeading Bells (Dramatized Adaptation),Drew Hayes,1648818439,"Fred, the Vampire Accountant #6"
Star Wars_48d474b3,_Uncataloged\Star Wars_48d474b3,218.72,PROMOTABLE_TO_CANONICAL,Tier 2: Leaf Folder Match,Star Wars Storybook Collection,Disney Lucasfilm Press,B0FK1CKLQR,Star Wars
[01] Zero G,_Uncataloged\[01] Zero G,230.24,PROMOTABLE_TO_CANONICAL,Tier 2: Leaf Folder Match,Zero G,Dan Wells,B07K4VYQ5X,The Zero Chronicles #1
[01-] Disgardium Series_9c29a706,_Uncataloged\[01-] Disgardium Series_9c29a706,1331.0,PROMOTABLE_TO_CANONICAL,Tier 2: Leaf Folder Match,"Disgardium Series # , Disgardium Series Boxed Set","Dan Sugralinov, Andrew Schmitt - translated by, Alix Merlin Williamson - translated by",B09GHBG5XP,Disgardium #1
[04] Raze,_Uncataloged\[04] Raze,579.7,PROMOTABLE_TO_CANONICAL,Tier 2: Leaf Folder Match,Raze,Dakota Krout,1977374573,The Completionist Chronicles #4
[03] Viridian Gate Online_a5a68bd0,_Uncataloged\[03] Viridian Gate Online_a5a68bd0,563.41,PROMOTABLE_TO_CANONICAL,Tier 2: Leaf Folder Match,Viridian Gate Online,"James Hunter, D.J. Bodden",1630155942,Illusionist #1
[01] Viridian Gate Online_52cc0822,_Uncataloged\[01] Viridian Gate Online_52cc0822,609.57,PROMOTABLE_TO_CANONICAL,Tier 2: Leaf Folder Match,Viridian Gate Online,"James Hunter, D.J. Bodden",1630155942,Illusionist #1
[02] Viridian Gate Online_50e3f9d8,_Uncataloged\[02] Viridian Gate Online_50e3f9d8,571.79,PROMOTABLE_TO_CANONICAL,Tier 2: Leaf Folder Match,Viridian Gate Online,"James Hunter, D.J. Bodden",1630155942,Illusionist #1
[04] Alien_d8320e85,_Uncataloged\[04] Alien_d8320e85,135.22,PROMOTABLE_TO_CANONICAL,Tier 2: Leaf Folder Match,Alien: River of Pain,"Christopher Golden, Dirk Maggs",B06XP18SFZ,"Alien #4, Alien: The Audible Original Dramas #2"
[02] Moriarty_bdb5c43b,_Uncataloged\[02] Moriarty_bdb5c43b,288.83,PROMOTABLE_TO_CANONICAL,Tier 2: Leaf Folder Match,Moriarty: The Silent Order,Charles Kindinger,B0CGKH3F5R,Moriarty #2
[02] Beware of Chicken 2_14aae9c0,_Uncataloged\[02] Beware of Chicken 2_14aae9c0,172.65,PROMOTABLE_TO_CANONICAL,Tier 4: Prefix Match,Beware of Chicken 2: A Xianxia Cultivation Novel,Casualfarmer,B0BRBRVZ59,Beware of Chicken #2
[01] Beware of Chicken_b713e9a9,_Uncataloged\[01] Beware of Chicken_b713e9a9,697.44,PROMOTABLE_TO_CANONICAL,Tier 2: Leaf Folder Match,Beware of Chicken: A Xianxia Cultivation Novel,Casualfarmer,B09Y2D2D5T,Beware of Chicken #1
[03] Beware of Chicken 3_a01d5ecb,_Uncataloged\[03] Beware of Chicken 3_a01d5ecb,1093.97,PROMOTABLE_TO_CANONICAL,Tier 2: Leaf Folder Match,Beware of Chicken 3: A Xianxia Cultivation Novel,Casualfarmer,B0C8ZN7RYP,Beware of Chicken #3
"[01] Oh, Great_bf2323de","_Uncataloged\[01] Oh, Great_bf2323de",985.07,PROMOTABLE_TO_CANONICAL,Tier 2: Leaf Folder Match,"Oh, Great! I Was Reincarnated as a Farmer",Benjamin Kerei,B09CRFXXW6,Unorthodox Farming #1
[01-] Sherlock Holmes_117eb202,_Uncataloged\[01-] Sherlock Holmes_117eb202,1733.67,PROMOTABLE_TO_CANONICAL,Tier 2: Leaf Folder Match,The Complete Sherlock Holmes,Sir Arthur Conan Doyle,B00FEFE4XK,Sherlock Holmes
The Storyteller_5420baf0,_Uncataloged\The Storyteller_5420baf0,642.64,PROMOTABLE_TO_CANONICAL,Tier 2: Leaf Folder Match,The Storyteller: Expanded,Dave Grohl,B0C15MDNX6,Dave Grohl
[01] Ahren,_Uncataloged\[01] Ahren,738.29,PROMOTABLE_TO_CANONICAL,Tier 2: Leaf Folder Match,Ahren,Torsten Weitze,1705200281,The 13th Paladin #1
Stephen King (45 novels - 69),_Uncataloged\Stephen King (45 novels - 69),7947.92,PROMOTABLE_TO_CANONICAL,Tier 2: Leaf Folder Match,Blood And Smoke,Stephen King,B002UZKRK6,Stephen King (45 novels - 69)
The Stand by Stephen King,_Uncataloged\Stephen King (45 novels - 69)\The Stand by Stephen King,454.38,PROMOTABLE_TO_CANONICAL,Tier 2: Leaf Folder Match,The End of the World As We Know It,"Stephen King - introduction, Christopher Golden - editor, Brian Keene - editor",B0DPJJM5NJ,The Stand - Stephen King (Audio Book)
Stephen_King_-_Signal-2006-DAISY-AUDIOBOOK-SE-2007-LzY,_Uncataloged\Stephen King (45 novels - 69)\Stephen_King_-_Signal-2006-DAISY-AUDIOBOOK-SE-2007-LzY,263.17,PROMOTABLE_TO_CANONICAL,Tier 2: Leaf Folder Match,The Signal: A Conspiratorium Novel,Linda Sanchez,B0GGV35VGH,The Redacted Series #2
Stephen_King-Lida-AUDIOBOOK-SE-2005-CTA,_Uncataloged\Stephen King (45 novels - 69)\Stephen_King-Lida-AUDIOBOOK-SE-2005-CTA,308.1,PROMOTABLE_TO_CANONICAL,Tier 2: Leaf Folder Match,Falling Star,A. G. Mogan,B0FXF5D82J,From_Drive_I
Stephen King - Complete Bachman Books - 7 Audiobooks In Proper Order [JabbaJr],_Uncataloged\Stephen King (45 novels - 69)\Stephen King - Complete Bachman Books - 7 Audiobooks In Proper Order [JabbaJr],1128.21,PROMOTABLE_TO_CANONICAL,Tier 2: Leaf Folder Match,A Longa Marcha [The Long Walk],"Stephen King, Richard Bachman, Regiane Winarski - translator",B0D6CR7V2B,From_Drive_I
Roald Dahl - Wonderful Story Of Henry Sugar Audiobook In Proper Order [JabbaJr]_b37936a3,_Uncataloged\Roald Dahl - Wonderful Story Of Henry Sugar Audiobook In Proper Order [JabbaJr]_b37936a3,31.94,PROMOTABLE_TO_CANONICAL,Tier 2: Leaf Folder Match,The Wonderful Story of Henry Sugar,Roald Dahl,B00DZPOYTA,Roald Dahl - Wonderful Story Of Henry Sugar Audiobook In Proper Order [JabbaJr]
Book 11 - Knife of dreams 2005.10.13_8dd0bb33,_Uncataloged\Book 11 - Knife of dreams 2005.10.13_8dd0bb33,888.03,PROMOTABLE_TO_CANONICAL,Tier 2: Leaf Folder Match,Knife of Dreams <Unabr>,Robert Jordan,,Robert Jordan - Wheel of Time @ pimptorrent.com #11
Anne Rice,_Uncataloged\Anne Rice,12608.31,PROMOTABLE_TO_CANONICAL,Tier 2: Leaf Folder Match,"Lestat, el vampiro (Crónicas Vampíricas 2)","Anne Rice, Hernán Sabaté Vargas - translator",B0BR64KJX6,Crónicas Vampíricas #2
Star Wars Lost Stars_f301a570,_Uncataloged\Star Wars Lost Stars_f301a570,319.15,PROMOTABLE_TO_CANONICAL,Tier 2: Leaf Folder Match,Master &amp; Apprentice (Star Wars),Claudia Gray,B07FTDBKGZ,Star Wars #10
Book 3 - Second Foundation_f2a65054,_Uncataloged\Book 3 - Second Foundation_f2a65054,205.1,PROMOTABLE_TO_CANONICAL,Tier 2: Leaf Folder Match,Fundación [Foundation],"Isaac Asimov, Pilar Giralt Gorina - translator",B0BTV3BQDY,Foundation [Spanish Edition] #3
97-The Unseen Queen[Dark Nest Book 2]_8da2c5b5,_Uncataloged\97-The Unseen Queen[Dark Nest Book 2]_8da2c5b5,107.86,PROMOTABLE_TO_CANONICAL,Tier 2: Leaf Folder Match,Star Wars: Dark Nest II: The Unseen Queen,Troy Denning,B002V8OBW2,Star Wars: The Dark Nest Trilogy - Legends (abridged) #2
96-The Joiner King[Dark Nest Book 1]_f27d788e,_Uncataloged\96-The Joiner King[Dark Nest Book 1]_f27d788e,87.19,PROMOTABLE_TO_CANONICAL,Tier 2: Leaf Folder Match,Star Wars: Dark Nest I: The Joiner King,Troy Denning,B002V0K1RO,Star Wars: The Dark Nest Trilogy - Legends (abridged) #1
98-The Swarm War[Dark Nest Book 3]_7c5f7d63,_Uncataloged\98-The Swarm War[Dark Nest Book 3]_7c5f7d63,107.61,PROMOTABLE_TO_CANONICAL,Tier 2: Leaf Folder Match,Star Wars: Dark Nest III: The Swarm War,Troy Denning,B002V00XWC,Star Wars: The Dark Nest Trilogy - Legends (abridged) #3
94-The Final Prophecy[The New Jedi Order Book 18]_90cddffd,_Uncataloged\94-The Final Prophecy[The New Jedi Order Book 18]_90cddffd,317.0,PROMOTABLE_TO_CANONICAL,Tier 2: Leaf Folder Match,Star Wars: The New Jedi Order: Edge of Victory III: The Final Prophecy,Greg Keyes,B002V1JB0G,Star Wars: The New Jedi Order - Legends (abridged) #18
95-The Unifying Force[The New Jedi Order Book 19]_4d30fe1f,_Uncataloged\95-The Unifying Force[The New Jedi Order Book 19]_4d30fe1f,172.27,PROMOTABLE_TO_CANONICAL,Tier 2: Leaf Folder Match,Star Wars: The New Jedi Order: The Unifying Force,James Luceno,B002V0K1O2,Star Wars: The New Jedi Order - Legends (abridged) #19
93-Reunion[The New Jedi Order Book 17]_bb08313e,_Uncataloged\93-Reunion[The New Jedi Order Book 17]_bb08313e,125.36,PROMOTABLE_TO_CANONICAL,Tier 2: Leaf Folder Match,Star Wars: The New Jedi Order: Force Heretic III: Reunion,Sean Williams,B002V5BJA2,"Star Wars: The New Jedi Order - Legends (abridged) #17, Star Wars: The New Jedi Order: Force Heretic (abridged) #3"
87-Rebel Dream[The New Jedi Order Book 11]_d59c83bc,_Uncataloged\87-Rebel Dream[The New Jedi Order Book 11]_d59c83bc,113.29,PROMOTABLE_TO_CANONICAL,Tier 2: Leaf Folder Match,Star Wars: The New Jedi Order: Rebel Dreams,Aaron Allston,B002V0JWIS,Star Wars: The New Jedi Order - Legends (abridged) #11
89-Traitor[The New Jedi Order Book 13]_eca40f51,_Uncataloged\89-Traitor[The New Jedi Order Book 13]_eca40f51,78.25,PROMOTABLE_TO_CANONICAL,Tier 2: Leaf Folder Match,Star Wars: The New Jedi Order: Traitor,Matthew Stover,B002VACPHS,Star Wars: The New Jedi Order - Legends (abridged) #13
9-The Trial of the Jedi[Jedi Quest Book 2]_0552b295,_Uncataloged\9-The Trial of the Jedi[Jedi Quest Book 2]_0552b295,109.38,PROMOTABLE_TO_CANONICAL,Tier 2: Leaf Folder Match,Star Wars: Jedi Quest #2: The Trail of the Jedi,Jude Watson,B002VA8NE2,"Star Wars: Legends, Jedi Quest (abridged) #2"
90-Destiny's Way[The New Jedi Order Book 14]_394d8bcb,_Uncataloged\90-Destiny's Way[The New Jedi Order Book 14]_394d8bcb,87.09,PROMOTABLE_TO_CANONICAL,Tier 2: Leaf Folder Match,Star Wars: The New Jedi Order: Destiny's Way,Walter Jon Williams,B002V0TNDC,Star Wars: The New Jedi Order - Legends (abridged) #14
86-Dark Journey[The New Jedi Order Book 10]_6bd1c040,_Uncataloged\86-Dark Journey[The New Jedi Order Book 10]_6bd1c040,107.43,PROMOTABLE_TO_CANONICAL,Tier 2: Leaf Folder Match,Star Wars: The New Jedi Order: Dark Journey,Elaine Cunningham,B002VA3L62,Star Wars: The New Jedi Order - Legends (abridged) #10
85-Star by Star[The New Jedi Order Book 9]_7c0f955d,_Uncataloged\85-Star by Star[The New Jedi Order Book 9]_7c0f955d,107.9,PROMOTABLE_TO_CANONICAL,Tier 2: Leaf Folder Match,Star by Star: Star Wars (The New Jedi Order),Troy Denning,B002VA8FWM,Star Wars: The New Jedi Order - Legends (abridged) #9
81-Jedi Ecli[The New Jedi Order Book 5]_880ef902,_Uncataloged\81-Jedi Ecli[The New Jedi Order Book 5]_880ef902,132.81,PROMOTABLE_TO_CANONICAL,Tier 2: Leaf Folder Match,Star Wars: The New Jedi Order: Agents of Chaos I: Hero's Trial,James Luceno,B002V1CLS0,"Star Wars: The New Jedi Order - Legends (abridged) #4, Star Wars: The New Jedi Order: Agents of Chaos (abridged) #1"
84-Rebirth[The New Jedi Order Book 8]_bc571319,_Uncataloged\84-Rebirth[The New Jedi Order Book 8]_bc571319,76.51,PROMOTABLE_TO_CANONICAL,Tier 2: Leaf Folder Match,Star Wars: The New Jedi Order: Edge of Victory II: Rebirth,Greg Keyes,B002V8OE9C,"Star Wars: The New Jedi Order - Legends (abridged) #8, Star Wars: The New Jedi Order: Edge of Victory (abridged) #2"
83-Conquest[The New Jedi Order Book 7]_9cf13f78,_Uncataloged\83-Conquest[The New Jedi Order Book 7]_9cf13f78,77.22,PROMOTABLE_TO_CANONICAL,Tier 2: Leaf Folder Match,Star Wars: The New Jedi Order: Edge of Victory I: Conquest,Greg Keyes,B002VA90YE,"Star Wars: The New Jedi Order - Legends (abridged) #7, Star Wars: The New Jedi Order: Edge of Victory (abridged) #1"
77-Vector Prime[The New Jedi Order Book 1]_2123e354,_Uncataloged\77-Vector Prime[The New Jedi Order Book 1]_2123e354,83.53,PROMOTABLE_TO_CANONICAL,Tier 2: Leaf Folder Match,Vector Prime: Star Wars (The New Jedi Order),R.A. Salvatore,B002V02ILQ,Star Wars: The New Jedi Order - Legends (abridged) #1
75-Vision Of The Future[The Thrawn Duologuy Book 2]_f613ba36,_Uncataloged\75-Vision Of The Future[The Thrawn Duologuy Book 2]_f613ba36,52.08,PROMOTABLE_TO_CANONICAL,Tier 2: Leaf Folder Match,Pawn,Timothy Zahn,B077JCF3L3,Chronicle of the Sibyl's War #1
79-Ruin[The New Jedi Order Book 3]_18fcc746,_Uncataloged\79-Ruin[The New Jedi Order Book 3]_18fcc746,98.32,PROMOTABLE_TO_CANONICAL,Tier 2: Leaf Folder Match,Star Wars: The New Jedi Order: Dark Tide 1: Onslaught,Michael A. Stackpole,B002V1JR6E,"Star Wars: The New Jedi Order - Legends (abridged) #2, Star Wars: The New Jedi Order: Dark Tide (abridged) #1"
8-The Way of the Apprentice[Jedi Queset Book 1]_4f974867,_Uncataloged\8-The Way of the Apprentice[Jedi Queset Book 1]_4f974867,190.63,PROMOTABLE_TO_CANONICAL,Tier 2: Leaf Folder Match,Star Wars: Jedi Quest #1: The Way of the Apprentice,Jude Watson,B002V8HL06,"Star Wars: Legends, Jedi Quest (abridged) #1"
7-Outbound Flight_f9b40b25,_Uncataloged\7-Outbound Flight_f9b40b25,109.0,PROMOTABLE_TO_CANONICAL,Tier 2: Leaf Folder Match,Star Wars: Outbound Flight,Timothy Zahn,B002V9Z7KG,Star Wars (Zahn)
72-Assault At Selonia[The Corellian Trilogy Book 2]_7d7e7f6a,_Uncataloged\72-Assault At Selonia[The Corellian Trilogy Book 2]_7d7e7f6a,52.54,PROMOTABLE_TO_CANONICAL,Tier 2: Leaf Folder Match,Star Wars: The Corellian Trilogy: Ambush at Corellia,Roger MacBride Allen,B002V015SI,Star Wars: The Corellian Trilogy - Legends (abridged) #1
70-New Rebellion_1d6c7dd2,_Uncataloged\70-New Rebellion_1d6c7dd2,64.54,PROMOTABLE_TO_CANONICAL,Tier 2: Leaf Folder Match,Star Wars: The New Rebellion,Kristine Kathryn Rusch,B002VA3F72,star warz bukz
69-Tyrant's Test[The Black Fleet Crisis Book 3]_8d27b5c8,_Uncataloged\69-Tyrant's Test[The Black Fleet Crisis Book 3]_8d27b5c8,53.74,PROMOTABLE_TO_CANONICAL,Tier 2: Leaf Folder Match,Star Wars: The Black Fleet Crisis: Tyrant's Test,Michael P. Kube-Mcdowell,B002V59WCE,Star Wars: The Black Fleet Crisis Trilogy - Legends (abridged) #3
63-Darksaber[Callista Trilogy Book 2]_3fdf5044,_Uncataloged\63-Darksaber[Callista Trilogy Book 2]_3fdf5044,58.57,PROMOTABLE_TO_CANONICAL,Tier 2: Leaf Folder Match,Paul of Dune,"Brian Herbert, Kevin J. Anderson",B002V5CO1A,"The Dune Sequence #10, DUNE: Heroes of Dune #1"
64-Planet of Twilight[Callista Trilogy Book 3]_a6ed336b,_Uncataloged\64-Planet of Twilight[Callista Trilogy Book 3]_a6ed336b,57.15,PROMOTABLE_TO_CANONICAL,Tier 2: Leaf Folder Match,Murder in the Trembling Lands,Barbara Hambly,B0F1HKSX9D,Benjamin January Historical Mysteries #21
66-The Crystal Star_6773f32e,_Uncataloged\66-The Crystal Star_6773f32e,43.42,PROMOTABLE_TO_CANONICAL,Tier 2: Leaf Folder Match,Star Wars: The Crystal Star,Vonda McIntyre,B002V1NXJ6,star warz bukz
68-Shield Of Lies[The Black Fleet Crisis Book 2]_5a91f573,_Uncataloged\68-Shield Of Lies[The Black Fleet Crisis Book 2]_5a91f573,52.91,PROMOTABLE_TO_CANONICAL,Tier 2: Leaf Folder Match,Star Wars: The Black Fleet Crisis: Shield of Lies,Michael P. Kube-Mcdowell,B002V9YZUO,Star Wars: The Black Fleet Crisis Trilogy - Legends (abridged) #2
67-Before The Storm[The Black Fleet Crisis Book 1]_03274050,_Uncataloged\67-Before The Storm[The Black Fleet Crisis Book 1]_03274050,54.28,PROMOTABLE_TO_CANONICAL,Tier 2: Leaf Folder Match,Star Wars: The Black Fleet Crisis: Before the Storm,Michael P. Kube-Mcdowell,B002V1NXKA,Star Wars: The Black Fleet Crisis Trilogy - Legends (abridged) #1
"61-I, Jedi_9191438b","_Uncataloged\61-I, Jedi_9191438b",54.43,PROMOTABLE_TO_CANONICAL,Tier 2: Leaf Folder Match,"Star Wars: I, Jedi",Michael A. Stackpole,B002V02I34,Star Wars
59-Dark Apprentice[The Jedi Academy Trilogy Book 2]_316bf0ed,_Uncataloged\59-Dark Apprentice[The Jedi Academy Trilogy Book 2]_316bf0ed,51.67,PROMOTABLE_TO_CANONICAL,Tier 2: Leaf Folder Match,Star Wars: The Jedi Academy: Dark Apprentice,Kevin Anderson,B002V5J4YA,Star Wars: Jedi Academy Trilogy - Legends (abridged) #2
60-Champions Of The Force[The Jedi Academy Trilogy Book 3]_1239c27f,_Uncataloged\60-Champions Of The Force[The Jedi Academy Trilogy Book 3]_1239c27f,55.55,PROMOTABLE_TO_CANONICAL,Tier 2: Leaf Folder Match,Star Wars: The Jedi Academy: Champions of the Force,Kevin Anderson,B002V5H99W,Star Wars: Jedi Academy Trilogy - Legends (abridged) #3
6-Rogue Planet_69e5de97,_Uncataloged\6-Rogue Planet_69e5de97,294.06,PROMOTABLE_TO_CANONICAL,Tier 2: Leaf Folder Match,Rogue Planet: Star Wars Legends,Greg Bear,B002V0QNIA,Star Wars
53-Isard's Revenge[X-Wing Book 8]_a4c5e24c,_Uncataloged\53-Isard's Revenge[X-Wing Book 8]_a4c5e24c,52.51,PROMOTABLE_TO_CANONICAL,Tier 2: Leaf Folder Match,Star Wars: X-Wing: Isard's Revenge,Michael A. Stackpole,B002VA9F80,Star Wars: X-Wing - Legends (abridged) #8
56-Empire's End[Dark Empire Book 3]_724981b8,_Uncataloged\56-Empire's End[Dark Empire Book 3]_724981b8,59.53,PROMOTABLE_TO_CANONICAL,Tier 2: Leaf Folder Match,United Reign,Kylie Kent,B0CGVQLJ3Z,Valentino Empire #3
57-Crimson Empire_67347a64,_Uncataloged\57-Crimson Empire_67347a64,84.86,PROMOTABLE_TO_CANONICAL,Tier 2: Leaf Folder Match,Crimsom Empire,"Mike Richardson, Randy Stradley",,Star Wars
52-The Last Command[The Thrawn Trilogy Book 3]_d103c2ed,_Uncataloged\52-The Last Command[The Thrawn Trilogy Book 3]_d103c2ed,382.39,PROMOTABLE_TO_CANONICAL,Tier 2: Leaf Folder Match,"Star Wars: The Thrawn Trilogy, Book 3: The Last Command",Timothy Zahn,B00893WAG2,"Star Wars: Legends, Star Wars: The Thrawn Trilogy - Legends #3"
18-Jedi Trial_44b0d7ec,_Uncataloged\18-Jedi Trial_44b0d7ec,275.81,PROMOTABLE_TO_CANONICAL,Tier 2: Leaf Folder Match,Star Wars: Jedi Trial,"David Sherman, Dan Cragg",B002V8HNYK,Star Wars: A Clone Wars Novel - Legends #6
19-Dark Rendezvous_7314afe2,_Uncataloged\19-Dark Rendezvous_7314afe2,209.92,PROMOTABLE_TO_CANONICAL,Tier 2: Leaf Folder Match,Yoda: Dark Rendezvous: Star Wars Legends,Sean Stewart,B0CKS1RXYF,Star Wars: Legends
20-Labyrinth Of Evil_6ad8e1a7,_Uncataloged\20-Labyrinth Of Evil_6ad8e1a7,277.99,PROMOTABLE_TO_CANONICAL,Tier 2: Leaf Folder Match,Labyrinth of Evil: Star Wars,James Luceno,B002V1C4J6,Star Wars
21-Revenge Of The Sith,_Uncataloged\21-Revenge Of The Sith,235.12,PROMOTABLE_TO_CANONICAL,Tier 2: Leaf Folder Match,Star Wars Episode III: Revenge of the Sith,Matthew Stover,B002V0K4AS,Star Wars #19
22-The Rise Of Darth Vader_ab933415,_Uncataloged\22-The Rise Of Darth Vader_ab933415,366.78,PROMOTABLE_TO_CANONICAL,Tier 2: Leaf Folder Match,Star Wars: Dark Lord: The Rise of Darth Vader,James Luceno,B002V0KP4I,Star Wars
24-The Hutt Gambit[Han Solo Trilogy Book 2]_c6edc664,_Uncataloged\24-The Hutt Gambit[Han Solo Trilogy Book 2]_c6edc664,40.99,PROMOTABLE_TO_CANONICAL,Tier 2: Leaf Folder Match,The Paradise Snare: Star Wars (The Han Solo Trilogy),A. C. Crispin,B002V1LWAS,Star Wars: The Han Solo Trilogy - Legends (abridged) #1
25-Rebel Dawn[Han Solo Trilogy Book 3]_21c4032b,_Uncataloged\25-Rebel Dawn[Han Solo Trilogy Book 3]_21c4032b,141.32,PROMOTABLE_TO_CANONICAL,Tier 2: Leaf Folder Match,Star Wars: The Han Solo Trilogy: Rebel Dawn,A. C. Crispin,B002V1BHV2,Star Wars: The Han Solo Trilogy - Legends (abridged) #3
27-A New Hope_e68a0715,_Uncataloged\27-A New Hope_e68a0715,129.03,PROMOTABLE_TO_CANONICAL,Tier 2: Leaf Folder Match,Star Wars™ - Episode IV - Eine neue Hoffnung,"George Lucas, Tony Westermayr",B01M0PUVAE,Star Wars #4
27.2-A New Hope Radio Drama_213d730f,_Uncataloged\27.2-A New Hope Radio Drama_213d730f,489.09,PROMOTABLE_TO_CANONICAL,Tier 2: Leaf Folder Match,Radio Drama - Star Wars Episode IV,Brian Daley,,Star Wars
32-The Empire Strikes Back_10440a7f,_Uncataloged\32-The Empire Strikes Back_10440a7f,129.29,PROMOTABLE_TO_CANONICAL,Tier 2: Leaf Folder Match,Das Imperium schlägt zurück,Donald F. Glut,B01M0PTDDJ,Star Wars #5
3-Cloak of Deception_d4c8ab0d,_Uncataloged\3-Cloak of Deception_d4c8ab0d,126.9,PROMOTABLE_TO_CANONICAL,Tier 2: Leaf Folder Match,Star Wars: Cloak of Deception,James Luceno,B002V0RM3A,Star Wars
32.2-The Empire Strikes Back Radio Drama_e83f8acc,_Uncataloged\32.2-The Empire Strikes Back Radio Drama_e83f8acc,364.33,PROMOTABLE_TO_CANONICAL,Tier 2: Leaf Folder Match,Radio Drama - Star Wars Episode V,Brian Daley,,Star Wars
34.2-Return Of The Jedi Radio Drama_7407514f,_Uncataloged\34.2-Return Of The Jedi Radio Drama_7407514f,176.63,PROMOTABLE_TO_CANONICAL,Tier 2: Leaf Folder Match,Radio Drama - Star Wars Episode VI,Brian Daley,,Star Wars
34-Return Of The Jedi_52c1a7dd,_Uncataloged\34-Return Of The Jedi_52c1a7dd,127.61,PROMOTABLE_TO_CANONICAL,Tier 2: Leaf Folder Match,Die Rückkehr der Jedi-Ritter,James Kahn,B01M2D9J7Q,Star Wars #6
36-The Mandalorian Armor[Bounty Hunter Wars Book 1]_d9376a62,_Uncataloged\36-The Mandalorian Armor[Bounty Hunter Wars Book 1]_d9376a62,165.44,PROMOTABLE_TO_CANONICAL,Tier 2: Leaf Folder Match,Star Wars: The Bounty Hunter Wars: The Mandalorian Armor,K. W. Jeter,B002V5B4NE,Star Wars: The Bounty Hunter Wars - Legends (abridged) #1
33-Shadow Of The Empire_f9fa6376,_Uncataloged\33-Shadow Of The Empire_f9fa6376,119.76,PROMOTABLE_TO_CANONICAL,Tier 2: Leaf Folder Match,Star Wars: Shadows of the Empire,Steve Perry,B002VA9F2G,Star Wars
41-Wedge's Gamble[X-Wing Book 2]_d07fbec1,_Uncataloged\41-Wedge's Gamble[X-Wing Book 2]_d07fbec1,51.83,PROMOTABLE_TO_CANONICAL,Tier 2: Leaf Folder Match,Star Wars: X-Wing: Wedge's Gamble,Michael A. Stackpole,B002V0QNRG,Star Wars: X-Wing - Legends (abridged) #2
39-The Truce At Bakura_6d2b1a99,_Uncataloged\39-The Truce At Bakura_6d2b1a99,57.75,PROMOTABLE_TO_CANONICAL,Tier 2: Leaf Folder Match,The Truce at Bakura: Star Wars,Kathy Tyers,B002V19VV0,Star Wars
4-Shadow Hunter_1e310d65,_Uncataloged\4-Shadow Hunter_1e310d65,85.98,PROMOTABLE_TO_CANONICAL,Tier 2: Leaf Folder Match,Darth Maul - Shadow Hunter,Micheal Reeves,,Star Wars
40-Rogue Squadron[X-Wing Book 1]_6c271721,_Uncataloged\40-Rogue Squadron[X-Wing Book 1]_6c271721,51.23,PROMOTABLE_TO_CANONICAL,Tier 2: Leaf Folder Match,Star Wars: X-Wing: Rogue Squadron,Michael A. Stackpole,B002V0TFKI,Star Wars: X-Wing - Legends (abridged) #1
37-Slave Ship[Bounty Hunter Wars Book 2]_9002f533,_Uncataloged\37-Slave Ship[Bounty Hunter Wars Book 2]_9002f533,57.72,PROMOTABLE_TO_CANONICAL,Tier 2: Leaf Folder Match,Star Wars: The Bounty Hunter Wars: Slave Ship,K. W. Jeter,B002VA9B1Q,Star Wars: The Bounty Hunter Wars - Legends (abridged) #2
38-Hard Merchandise[Bounty Hunter Wars Book 3]_52a36cb4,_Uncataloged\38-Hard Merchandise[Bounty Hunter Wars Book 3]_52a36cb4,53.36,PROMOTABLE_TO_CANONICAL,Tier 2: Leaf Folder Match,Star Wars: The Bounty Hunter Wars: Hard Merchandise,K. W. Jeter,B002V013DU,Star Wars: The Bounty Hunter Wars - Legends (abridged) #3
42-The Krytos Trap[X-Wing Book 3]_adddbfd2,_Uncataloged\42-The Krytos Trap[X-Wing Book 3]_adddbfd2,51.73,PROMOTABLE_TO_CANONICAL,Tier 2: Leaf Folder Match,Star Wars: X-Wing: The Krytos Trap,Michael A. Stackpole,B002V02OTC,Star Wars: X-Wing - Legends (abridged) #3
43-The Bacta War[X-Wing Book 4]_6c226b17,_Uncataloged\43-The Bacta War[X-Wing Book 4]_6c226b17,52.65,PROMOTABLE_TO_CANONICAL,Tier 2: Leaf Folder Match,Star Wars: X-Wing: The Bacta War,Michael A. Stackpole,B002V02OS8,Star Wars: X-Wing - Legends (abridged) #4
46-Solo Command[X-Wing Book 7]_98c17f4d,_Uncataloged\46-Solo Command[X-Wing Book 7]_98c17f4d,51.93,PROMOTABLE_TO_CANONICAL,Tier 2: Leaf Folder Match,Star Wars: X-Wing: Solo Command,Aaron Allston,B002V0TFBW,Star Wars: X-Wing - Legends (abridged) #7
47-The Courtship Of Princess Leia'_de67372e,_Uncataloged\47-The Courtship Of Princess Leia'_de67372e,55.66,PROMOTABLE_TO_CANONICAL,Tier 2: Leaf Folder Match,Star Wars: The Courtship of Princess Leia,Dave Wolverton,B002V0QNO4,Star Wars
45-Iron Fist[X-Wing Book 6]_5eb0d2c7,_Uncataloged\45-Iron Fist[X-Wing Book 6]_5eb0d2c7,52.62,PROMOTABLE_TO_CANONICAL,Tier 2: Leaf Folder Match,Star Wars: X-Wing: Iron Fist,Aaron Allston,B002V015QK,Star Wars: X-Wing - Legends (abridged) #6
44-Wraith Squadron[X-Wing Book 5]_3b3335a0,_Uncataloged\44-Wraith Squadron[X-Wing Book 5]_3b3335a0,52.46,PROMOTABLE_TO_CANONICAL,Tier 2: Leaf Folder Match,Star Wars: X-Wing: Wraith Squadron,Aaron Allston,B002V1OHHI,Star Wars: X-Wing - Legends (abridged) #5
49-Tatooine Ghost_f7ed5a4f,_Uncataloged\49-Tatooine Ghost_f7ed5a4f,107.4,PROMOTABLE_TO_CANONICAL,Tier 2: Leaf Folder Match,Star Wars: Tatooine Ghost,Troy Denning,B002V1JFH0,Star Wars
51-Dark Force Rising[The Thrawn Trilogy Book 2]_e097d239,_Uncataloged\51-Dark Force Rising[The Thrawn Trilogy Book 2]_e097d239,357.61,PROMOTABLE_TO_CANONICAL,Tier 2: Leaf Folder Match,"Star Wars: Dark Force Rising: The Thrawn Trilogy, Book 2",Timothy Zahn,B00875DTH6,"Star Wars: Legends, Star Wars: The Thrawn Trilogy - Legends #2"
48-Jedi Knight[Dark Forces Trilogy Book 3]_7ce44dba,_Uncataloged\48-Jedi Knight[Dark Forces Trilogy Book 3]_7ce44dba,86.75,PROMOTABLE_TO_CANONICAL,Tier 2: Leaf Folder Match,Crickets 2,William C. Dietz,B0CJ3SDX39,Crickets #2
50-Heir to the Empire[The Thrawn Trilogy Book 1]_b60145a5,_Uncataloged\50-Heir to the Empire[The Thrawn Trilogy Book 1]_b60145a5,326.37,PROMOTABLE_TO_CANONICAL,Tier 2: Leaf Folder Match,Star Wars: Heir to the Empire,Timothy Zahn,B005IHAT1A,"Star Wars: Legends, Star Wars: The Thrawn Trilogy - Legends #1"
5-Phantom Menace_4d715ba8,_Uncataloged\5-Phantom Menace_4d715ba8,273.33,PROMOTABLE_TO_CANONICAL,Tier 2: Leaf Folder Match,The Phantom Menace: Star Wars: Episode I,Terry Brooks,B002V0GBFK,Star Wars #12
102-Exile[Legacy Of The Force Book 4],_Uncataloged\102-Exile[Legacy Of The Force Book 4],346.61,PROMOTABLE_TO_CANONICAL,Tier 2: Leaf Folder Match,Star Wars: Legacy of the Force: Exile,Aaron Allston,B002V8MEQC,Star Wars: Legacy of the Force - Legends (abridged) #4
103-Sacrifice[Legacy Of The Force Book 5]_973560e3,_Uncataloged\103-Sacrifice[Legacy Of The Force Book 5]_973560e3,342.29,PROMOTABLE_TO_CANONICAL,Tier 2: Leaf Folder Match,Star Wars: Legacy of the Force: Sacrifice,Karen Traviss,B002V1BRRG,Star Wars: Legacy of the Force - Legends (abridged) #5
104-Inferno[Legacy Of The Force Book 6]_4d792245,_Uncataloged\104-Inferno[Legacy Of The Force Book 6]_4d792245,343.83,PROMOTABLE_TO_CANONICAL,Tier 2: Leaf Folder Match,Star Wars: Legacy of the Force: Tempest,Troy Denning,B002V02JGA,Star Wars: Legacy of the Force - Legends (abridged) #3
105-Fury[Legacy Of The Force Book 7]_18c1dca2,_Uncataloged\105-Fury[Legacy Of The Force Book 7]_18c1dca2,344.52,PROMOTABLE_TO_CANONICAL,Tier 2: Leaf Folder Match,Star Wars: Legacy of the Force: Fury,Aaron Allston,B002V1JD4U,Star Wars: Legacy of the Force - Legends (abridged) #7
11-The Master of Disguise[Jedi Quest Book 4]_6bc5505b,_Uncataloged\11-The Master of Disguise[Jedi Quest Book 4]_6bc5505b,130.73,PROMOTABLE_TO_CANONICAL,Tier 2: Leaf Folder Match,Star Wars: Jedi Quest #4: The Master of Disguise,Jude Watson,B002V0GF9M,"Star Wars: Legends, Jedi Quest (abridged) #4"
106-Revelation[Legacy Of The Force Book 8]_e0904b92,_Uncataloged\106-Revelation[Legacy Of The Force Book 8]_e0904b92,410.21,PROMOTABLE_TO_CANONICAL,Tier 2: Leaf Folder Match,Star Wars: Legacy of the Force: Revelation,Karen Traviss,B002V0PZ0M,Star Wars: Legacy of the Force - Legends (abridged) #8
12-The Approaching Storm_b1b9879e,_Uncataloged\12-The Approaching Storm_b1b9879e,292.02,PROMOTABLE_TO_CANONICAL,Tier 2: Leaf Folder Match,Star Wars: The Approaching Storm,Alan Dean Foster,B002V8HD5E,star warz bukz
13-Attack Of The Clones_dacfe627,_Uncataloged\13-Attack Of The Clones_dacfe627,178.75,PROMOTABLE_TO_CANONICAL,Tier 2: Leaf Folder Match,Star Wars: Episode II: Attack of the Clones,R.A. Salvatore,B002V8KTBE,Star Wars #13
16-Battle Surgeons[Medstar Book 1]_d7c96934,_Uncataloged\16-Battle Surgeons[Medstar Book 1]_d7c96934,175.3,PROMOTABLE_TO_CANONICAL,Tier 2: Leaf Folder Match,Star Wars: Medstar I: Battle Surgeons,"Michael Reaves, Steve Perry",B002V1NLNO,Star Wars
17-Jedi Healer[Medstar Book 2]_ae7f1c01,_Uncataloged\17-Jedi Healer[Medstar Book 2]_ae7f1c01,155.33,PROMOTABLE_TO_CANONICAL,Tier 2: Leaf Folder Match,Star Wars: MedStar II: Jedi Healer,"Michael Reaves, Steve Perry",B002VACPIM,Star Wars
15-The Cestus Deception_6d124584,_Uncataloged\15-The Cestus Deception_6d124584,138.64,PROMOTABLE_TO_CANONICAL,Tier 2: Leaf Folder Match,Star Wars: Clone Wars: The Cestus Deception,Steven Barnes,B002V1LQOU,Star Wars: A Clone Wars Novel - Legends #3
14-Shatterpoint_aadbce7d,_Uncataloged\14-Shatterpoint_aadbce7d,132.62,PROMOTABLE_TO_CANONICAL,Tier 2: Leaf Folder Match,Star Wars: Shatterpoint,Matthew Stover,B002V1ADJY,star warz bukz
43-The Bacta War[X-Wing Book 4]_6c3e2fe6,_Uncataloged\43-The Bacta War[X-Wing Book 4]_6c3e2fe6,53.07,PROMOTABLE_TO_CANONICAL,Tier 2: Leaf Folder Match,Star Wars: X-Wing: The Bacta War,Michael A. Stackpole,B002V02OS8,Star Wars: X-Wing - Legends (abridged) #4
42-The Krytos Trap[X-Wing Book 3]_1cf1df5c,_Uncataloged\42-The Krytos Trap[X-Wing Book 3]_1cf1df5c,51.77,PROMOTABLE_TO_CANONICAL,Tier 2: Leaf Folder Match,Star Wars: X-Wing: The Krytos Trap,Michael A. Stackpole,B002V02OTC,Star Wars: X-Wing - Legends (abridged) #3
40-Rogue Squadron[X-Wing Book 1]_ff122bba,_Uncataloged\40-Rogue Squadron[X-Wing Book 1]_ff122bba,51.58,PROMOTABLE_TO_CANONICAL,Tier 2: Leaf Folder Match,Star Wars: X-Wing: Rogue Squadron,Michael A. Stackpole,B002V0TFKI,Star Wars: X-Wing - Legends (abridged) #1
41-Wedge's Gamble[X-Wing Book 2]_41160bf7,_Uncataloged\41-Wedge's Gamble[X-Wing Book 2]_41160bf7,52.25,PROMOTABLE_TO_CANONICAL,Tier 2: Leaf Folder Match,Star Wars: X-Wing: Wedge's Gamble,Michael A. Stackpole,B002V0QNRG,Star Wars: X-Wing - Legends (abridged) #2
45-Iron Fist[X-Wing Book 6]_d8ca2013,_Uncataloged\45-Iron Fist[X-Wing Book 6]_d8ca2013,53.05,PROMOTABLE_TO_CANONICAL,Tier 2: Leaf Folder Match,Star Wars: X-Wing: Iron Fist,Aaron Allston,B002V015QK,Star Wars: X-Wing - Legends (abridged) #6
44-Wraith Squadron[X-Wing Book 5]_e495c4c3,_Uncataloged\44-Wraith Squadron[X-Wing Book 5]_e495c4c3,52.92,PROMOTABLE_TO_CANONICAL,Tier 2: Leaf Folder Match,Star Wars: X-Wing: Wraith Squadron,Aaron Allston,B002V1OHHI,Star Wars: X-Wing - Legends (abridged) #5
5-Phantom Menace_d35a535b,_Uncataloged\5-Phantom Menace_d35a535b,273.6,PROMOTABLE_TO_CANONICAL,Tier 2: Leaf Folder Match,The Phantom Menace: Star Wars: Episode I,Terry Brooks,B002V0GBFK,Star Wars #12
48-Jedi Knight[Dark Forces Trilogy Book 3]_b8f3a2d8,_Uncataloged\48-Jedi Knight[Dark Forces Trilogy Book 3]_b8f3a2d8,87.23,PROMOTABLE_TO_CANONICAL,Tier 2: Leaf Folder Match,Crickets 2,William C. Dietz,B0CJ3SDX39,Crickets #2
50-Heir to the Empire[The Thrawn Trilogy Book 1]_bb7334f3,_Uncataloged\50-Heir to the Empire[The Thrawn Trilogy Book 1]_bb7334f3,327.05,PROMOTABLE_TO_CANONICAL,Tier 2: Leaf Folder Match,Star Wars: Heir to the Empire,Timothy Zahn,B005IHAT1A,"Star Wars: Legends, Star Wars: The Thrawn Trilogy - Legends #1"
47-The Courtship Of Princess Leia'_9290855b,_Uncataloged\47-The Courtship Of Princess Leia'_9290855b,56.02,PROMOTABLE_TO_CANONICAL,Tier 2: Leaf Folder Match,Star Wars: The Courtship of Princess Leia,Dave Wolverton,B002V0QNO4,Star Wars
46-Solo Command[X-Wing Book 7]_cabb4e63,_Uncataloged\46-Solo Command[X-Wing Book 7]_cabb4e63,52.41,PROMOTABLE_TO_CANONICAL,Tier 2: Leaf Folder Match,Star Wars: X-Wing: Solo Command,Aaron Allston,B002V0TFBW,Star Wars: X-Wing - Legends (abridged) #7
49-Tatooine Ghost_a870e65d,_Uncataloged\49-Tatooine Ghost_a870e65d,107.81,PROMOTABLE_TO_CANONICAL,Tier 2: Leaf Folder Match,Star Wars: Tatooine Ghost,Troy Denning,B002V1JFH0,Star Wars
52-The Last Command[The Thrawn Trilogy Book 3]_0003f9b6,_Uncataloged\52-The Last Command[The Thrawn Trilogy Book 3]_0003f9b6,382.98,PROMOTABLE_TO_CANONICAL,Tier 2: Leaf Folder Match,"Star Wars: The Thrawn Trilogy, Book 3: The Last Command",Timothy Zahn,B00893WAG2,"Star Wars: Legends, Star Wars: The Thrawn Trilogy - Legends #3"
51-Dark Force Rising[The Thrawn Trilogy Book 2]_522af69c,_Uncataloged\51-Dark Force Rising[The Thrawn Trilogy Book 2]_522af69c,358.09,PROMOTABLE_TO_CANONICAL,Tier 2: Leaf Folder Match,"Star Wars: Dark Force Rising: The Thrawn Trilogy, Book 2",Timothy Zahn,B00875DTH6,"Star Wars: Legends, Star Wars: The Thrawn Trilogy - Legends #2"
53-Isard's Revenge[X-Wing Book 8]_4630045f,_Uncataloged\53-Isard's Revenge[X-Wing Book 8]_4630045f,52.92,PROMOTABLE_TO_CANONICAL,Tier 2: Leaf Folder Match,Star Wars: X-Wing: Isard's Revenge,Michael A. Stackpole,B002VA9F80,Star Wars: X-Wing - Legends (abridged) #8
57-Crimson Empire_c52ed8a0,_Uncataloged\57-Crimson Empire_c52ed8a0,84.86,PROMOTABLE_TO_CANONICAL,Tier 2: Leaf Folder Match,Crimsom Empire,"Mike Richardson, Randy Stradley",,Star Wars
56-Empire's End[Dark Empire Book 3]_aead0bb2,_Uncataloged\56-Empire's End[Dark Empire Book 3]_aead0bb2,59.91,PROMOTABLE_TO_CANONICAL,Tier 2: Leaf Folder Match,United Reign,Kylie Kent,B0CGVQLJ3Z,Valentino Empire #3
6-Rogue Planet_627fcc12,_Uncataloged\6-Rogue Planet_627fcc12,294.47,PROMOTABLE_TO_CANONICAL,Tier 2: Leaf Folder Match,Rogue Planet: Star Wars Legends,Greg Bear,B002V0QNIA,Star Wars
59-Dark Apprentice[The Jedi Academy Trilogy Book 2]_758ece42,_Uncataloged\59-Dark Apprentice[The Jedi Academy Trilogy Book 2]_758ece42,52.02,PROMOTABLE_TO_CANONICAL,Tier 2: Leaf Folder Match,Star Wars: The Jedi Academy: Dark Apprentice,Kevin Anderson,B002V5J4YA,Star Wars: Jedi Academy Trilogy - Legends (abridged) #2
60-Champions Of The Force[The Jedi Academy Trilogy Book 3]_fae63e6a,_Uncataloged\60-Champions Of The Force[The Jedi Academy Trilogy Book 3]_fae63e6a,55.93,PROMOTABLE_TO_CANONICAL,Tier 2: Leaf Folder Match,Star Wars: The Jedi Academy: Champions of the Force,Kevin Anderson,B002V5H99W,Star Wars: Jedi Academy Trilogy - Legends (abridged) #3
"61-I, Jedi_fad97f51","_Uncataloged\61-I, Jedi_fad97f51",54.87,PROMOTABLE_TO_CANONICAL,Tier 2: Leaf Folder Match,"Star Wars: I, Jedi",Michael A. Stackpole,B002V02I34,Star Wars
64-Planet of Twilight[Callista Trilogy Book 3]_668a701b,_Uncataloged\64-Planet of Twilight[Callista Trilogy Book 3]_668a701b,57.68,PROMOTABLE_TO_CANONICAL,Tier 2: Leaf Folder Match,Murder in the Trembling Lands,Barbara Hambly,B0F1HKSX9D,Benjamin January Historical Mysteries #21
63-Darksaber[Callista Trilogy Book 2]_079ad949,_Uncataloged\63-Darksaber[Callista Trilogy Book 2]_079ad949,58.57,PROMOTABLE_TO_CANONICAL,Tier 2: Leaf Folder Match,Paul of Dune,"Brian Herbert, Kevin J. Anderson",B002V5CO1A,"The Dune Sequence #10, DUNE: Heroes of Dune #1"
66-The Crystal Star_3c5493d3,_Uncataloged\66-The Crystal Star_3c5493d3,43.42,PROMOTABLE_TO_CANONICAL,Tier 2: Leaf Folder Match,Star Wars: The Crystal Star,Vonda McIntyre,B002V1NXJ6,star warz bukz
67-Before The Storm[The Black Fleet Crisis Book 1]_72319b00,_Uncataloged\67-Before The Storm[The Black Fleet Crisis Book 1]_72319b00,54.28,PROMOTABLE_TO_CANONICAL,Tier 2: Leaf Folder Match,Star Wars: The Black Fleet Crisis: Before the Storm,Michael P. Kube-Mcdowell,B002V1NXKA,Star Wars: The Black Fleet Crisis Trilogy - Legends (abridged) #1
68-Shield Of Lies[The Black Fleet Crisis Book 2]_b08c3b87,_Uncataloged\68-Shield Of Lies[The Black Fleet Crisis Book 2]_b08c3b87,52.91,PROMOTABLE_TO_CANONICAL,Tier 2: Leaf Folder Match,Star Wars: The Black Fleet Crisis: Shield of Lies,Michael P. Kube-Mcdowell,B002V9YZUO,Star Wars: The Black Fleet Crisis Trilogy - Legends (abridged) #2
70-New Rebellion_e0689e9b,_Uncataloged\70-New Rebellion_e0689e9b,64.54,PROMOTABLE_TO_CANONICAL,Tier 2: Leaf Folder Match,Star Wars: The New Rebellion,Kristine Kathryn Rusch,B002VA3F72,star warz bukz
7-Outbound Flight_89c4dcd8,_Uncataloged\7-Outbound Flight_89c4dcd8,109.0,PROMOTABLE_TO_CANONICAL,Tier 2: Leaf Folder Match,Star Wars: Outbound Flight,Timothy Zahn,B002V9Z7KG,Star Wars (Zahn)
69-Tyrant's Test[The Black Fleet Crisis Book 3]_e5a4349a,_Uncataloged\69-Tyrant's Test[The Black Fleet Crisis Book 3]_e5a4349a,53.74,PROMOTABLE_TO_CANONICAL,Tier 2: Leaf Folder Match,Star Wars: The Black Fleet Crisis: Tyrant's Test,Michael P. Kube-Mcdowell,B002V59WCE,Star Wars: The Black Fleet Crisis Trilogy - Legends (abridged) #3
72-Assault At Selonia[The Corellian Trilogy Book 2]_af57c0ab,_Uncataloged\72-Assault At Selonia[The Corellian Trilogy Book 2]_af57c0ab,52.54,PROMOTABLE_TO_CANONICAL,Tier 2: Leaf Folder Match,Star Wars: The Corellian Trilogy: Ambush at Corellia,Roger MacBride Allen,B002V015SI,Star Wars: The Corellian Trilogy - Legends (abridged) #1
77-Vector Prime[The New Jedi Order Book 1]_89635cb2,_Uncataloged\77-Vector Prime[The New Jedi Order Book 1]_89635cb2,83.53,PROMOTABLE_TO_CANONICAL,Tier 2: Leaf Folder Match,Vector Prime: Star Wars (The New Jedi Order),R.A. Salvatore,B002V02ILQ,Star Wars: The New Jedi Order - Legends (abridged) #1
75-Vision Of The Future[The Thrawn Duologuy Book 2]_7f0c0900,_Uncataloged\75-Vision Of The Future[The Thrawn Duologuy Book 2]_7f0c0900,52.08,PROMOTABLE_TO_CANONICAL,Tier 2: Leaf Folder Match,Pawn,Timothy Zahn,B077JCF3L3,Chronicle of the Sibyl's War #1
8-The Way of the Apprentice[Jedi Queset Book 1]_aa0f1d33,_Uncataloged\8-The Way of the Apprentice[Jedi Queset Book 1]_aa0f1d33,190.63,PROMOTABLE_TO_CANONICAL,Tier 2: Leaf Folder Match,Star Wars: Jedi Quest #1: The Way of the Apprentice,Jude Watson,B002V8HL06,"Star Wars: Legends, Jedi Quest (abridged) #1"
79-Ruin[The New Jedi Order Book 3]_caef63e3,_Uncataloged\79-Ruin[The New Jedi Order Book 3]_caef63e3,98.32,PROMOTABLE_TO_CANONICAL,Tier 2: Leaf Folder Match,Star Wars: The New Jedi Order: Dark Tide 1: Onslaught,Michael A. Stackpole,B002V1JR6E,"Star Wars: The New Jedi Order - Legends (abridged) #2, Star Wars: The New Jedi Order: Dark Tide (abridged) #1"
83-Conquest[The New Jedi Order Book 7]_a7163b4c,_Uncataloged\83-Conquest[The New Jedi Order Book 7]_a7163b4c,77.22,PROMOTABLE_TO_CANONICAL,Tier 2: Leaf Folder Match,Star Wars: The New Jedi Order: Edge of Victory I: Conquest,Greg Keyes,B002VA90YE,"Star Wars: The New Jedi Order - Legends (abridged) #7, Star Wars: The New Jedi Order: Edge of Victory (abridged) #1"
81-Jedi Ecli[The New Jedi Order Book 5]_f49fdc95,_Uncataloged\81-Jedi Ecli[The New Jedi Order Book 5]_f49fdc95,132.81,PROMOTABLE_TO_CANONICAL,Tier 2: Leaf Folder Match,Star Wars: The New Jedi Order: Agents of Chaos I: Hero's Trial,James Luceno,B002V1CLS0,"Star Wars: The New Jedi Order - Legends (abridged) #4, Star Wars: The New Jedi Order: Agents of Chaos (abridged) #1"
85-Star by Star[The New Jedi Order Book 9]_c9dcc81f,_Uncataloged\85-Star by Star[The New Jedi Order Book 9]_c9dcc81f,107.9,PROMOTABLE_TO_CANONICAL,Tier 2: Leaf Folder Match,Star by Star: Star Wars (The New Jedi Order),Troy Denning,B002VA8FWM,Star Wars: The New Jedi Order - Legends (abridged) #9
86-Dark Journey[The New Jedi Order Book 10]_f2286992,_Uncataloged\86-Dark Journey[The New Jedi Order Book 10]_f2286992,107.43,PROMOTABLE_TO_CANONICAL,Tier 2: Leaf Folder Match,Star Wars: The New Jedi Order: Dark Journey,Elaine Cunningham,B002VA3L62,Star Wars: The New Jedi Order - Legends (abridged) #10
87-Rebel Dream[The New Jedi Order Book 11]_045f27c6,_Uncataloged\87-Rebel Dream[The New Jedi Order Book 11]_045f27c6,113.29,PROMOTABLE_TO_CANONICAL,Tier 2: Leaf Folder Match,Star Wars: The New Jedi Order: Rebel Dreams,Aaron Allston,B002V0JWIS,Star Wars: The New Jedi Order - Legends (abridged) #11
84-Rebirth[The New Jedi Order Book 8]_2a3642d9,_Uncataloged\84-Rebirth[The New Jedi Order Book 8]_2a3642d9,76.51,PROMOTABLE_TO_CANONICAL,Tier 2: Leaf Folder Match,Star Wars: The New Jedi Order: Edge of Victory II: Rebirth,Greg Keyes,B002V8OE9C,"Star Wars: The New Jedi Order - Legends (abridged) #8, Star Wars: The New Jedi Order: Edge of Victory (abridged) #2"
89-Traitor[The New Jedi Order Book 13]_6152aa42,_Uncataloged\89-Traitor[The New Jedi Order Book 13]_6152aa42,78.25,PROMOTABLE_TO_CANONICAL,Tier 2: Leaf Folder Match,Star Wars: The New Jedi Order: Traitor,Matthew Stover,B002VACPHS,Star Wars: The New Jedi Order - Legends (abridged) #13
9-The Trial of the Jedi[Jedi Quest Book 2]_9d09f6d3,_Uncataloged\9-The Trial of the Jedi[Jedi Quest Book 2]_9d09f6d3,109.38,PROMOTABLE_TO_CANONICAL,Tier 2: Leaf Folder Match,Star Wars: Jedi Quest #2: The Trail of the Jedi,Jude Watson,B002VA8NE2,"Star Wars: Legends, Jedi Quest (abridged) #2"
90-Destiny's Way[The New Jedi Order Book 14]_47e507e5,_Uncataloged\90-Destiny's Way[The New Jedi Order Book 14]_47e507e5,87.09,PROMOTABLE_TO_CANONICAL,Tier 2: Leaf Folder Match,Star Wars: The New Jedi Order: Destiny's Way,Walter Jon Williams,B002V0TNDC,Star Wars: The New Jedi Order - Legends (abridged) #14
94-The Final Prophecy[The New Jedi Order Book 18]_3991b087,_Uncataloged\94-The Final Prophecy[The New Jedi Order Book 18]_3991b087,317.0,PROMOTABLE_TO_CANONICAL,Tier 2: Leaf Folder Match,Star Wars: The New Jedi Order: Edge of Victory III: The Final Prophecy,Greg Keyes,B002V1JB0G,Star Wars: The New Jedi Order - Legends (abridged) #18
93-Reunion[The New Jedi Order Book 17]_448d3945,_Uncataloged\93-Reunion[The New Jedi Order Book 17]_448d3945,125.36,PROMOTABLE_TO_CANONICAL,Tier 2: Leaf Folder Match,Star Wars: The New Jedi Order: Force Heretic III: Reunion,Sean Williams,B002V5BJA2,"Star Wars: The New Jedi Order - Legends (abridged) #17, Star Wars: The New Jedi Order: Force Heretic (abridged) #3"
95-The Unifying Force[The New Jedi Order Book 19]_ad9ee2bb,_Uncataloged\95-The Unifying Force[The New Jedi Order Book 19]_ad9ee2bb,172.27,PROMOTABLE_TO_CANONICAL,Tier 2: Leaf Folder Match,Star Wars: The New Jedi Order: The Unifying Force,James Luceno,B002V0K1O2,Star Wars: The New Jedi Order - Legends (abridged) #19
96-The Joiner King[Dark Nest Book 1]_0e60332c,_Uncataloged\96-The Joiner King[Dark Nest Book 1]_0e60332c,87.19,PROMOTABLE_TO_CANONICAL,Tier 2: Leaf Folder Match,Star Wars: Dark Nest I: The Joiner King,Troy Denning,B002V0K1RO,Star Wars: The Dark Nest Trilogy - Legends (abridged) #1
97-The Unseen Queen[Dark Nest Book 2]_d9777596,_Uncataloged\97-The Unseen Queen[Dark Nest Book 2]_d9777596,107.86,PROMOTABLE_TO_CANONICAL,Tier 2: Leaf Folder Match,Star Wars: Dark Nest II: The Unseen Queen,Troy Denning,B002V8OBW2,Star Wars: The Dark Nest Trilogy - Legends (abridged) #2
98-The Swarm War[Dark Nest Book 3]_1d20c9a7,_Uncataloged\98-The Swarm War[Dark Nest Book 3]_1d20c9a7,107.61,PROMOTABLE_TO_CANONICAL,Tier 2: Leaf Folder Match,Star Wars: Dark Nest III: The Swarm War,Troy Denning,B002V00XWC,Star Wars: The Dark Nest Trilogy - Legends (abridged) #3
Star Wars Lost Stars_c962cf65,_Uncataloged\Star Wars Lost Stars_c962cf65,319.15,PROMOTABLE_TO_CANONICAL,Tier 2: Leaf Folder Match,Master &amp; Apprentice (Star Wars),Claudia Gray,B07FTDBKGZ,Star Wars #10
10-The Dangerous Games[Jedi Quest Book 3]_bc47895a,_Uncataloged\10-The Dangerous Games[Jedi Quest Book 3]_bc47895a,132.7,PROMOTABLE_TO_CANONICAL,Tier 2: Leaf Folder Match,Star Wars: Jedi Quest #3: The Dangerous Games,Jude Watson,B002V5GUEC,"Star Wars: Legends, Jedi Quest (abridged) #3"
22-The Rise Of Darth Vader_d532bead,_Uncataloged\22-The Rise Of Darth Vader_d532bead,367.13,PROMOTABLE_TO_CANONICAL,Tier 2: Leaf Folder Match,Star Wars: Dark Lord: The Rise of Darth Vader,James Luceno,B002V0KP4I,Star Wars
21-Revenge Of The Sith_3b0d91b3,_Uncataloged\21-Revenge Of The Sith_3b0d91b3,235.34,PROMOTABLE_TO_CANONICAL,Tier 2: Leaf Folder Match,Star Wars Episode III: Revenge of the Sith,Matthew Stover,B002V0K4AS,Star Wars #19
25-Rebel Dawn[Han Solo Trilogy Book 3]_183c9d61,_Uncataloged\25-Rebel Dawn[Han Solo Trilogy Book 3]_183c9d61,141.67,PROMOTABLE_TO_CANONICAL,Tier 2: Leaf Folder Match,Star Wars: The Han Solo Trilogy: Rebel Dawn,A. C. Crispin,B002V1BHV2,Star Wars: The Han Solo Trilogy - Legends (abridged) #3
24-The Hutt Gambit[Han Solo Trilogy Book 2]_c8f35a1a,_Uncataloged\24-The Hutt Gambit[Han Solo Trilogy Book 2]_c8f35a1a,41.31,PROMOTABLE_TO_CANONICAL,Tier 2: Leaf Folder Match,The Paradise Snare: Star Wars (The Han Solo Trilogy),A. C. Crispin,B002V1LWAS,Star Wars: The Han Solo Trilogy - Legends (abridged) #1
27-A New Hope_c134417c,_Uncataloged\27-A New Hope_c134417c,129.76,PROMOTABLE_TO_CANONICAL,Tier 2: Leaf Folder Match,Star Wars™ - Episode IV - Eine neue Hoffnung,"George Lucas, Tony Westermayr",B01M0PUVAE,Star Wars #4
3-Cloak of Deception_ef7bda77,_Uncataloged\3-Cloak of Deception_ef7bda77,127.4,PROMOTABLE_TO_CANONICAL,Tier 2: Leaf Folder Match,Star Wars: Cloak of Deception,James Luceno,B002V0RM3A,Star Wars
32-The Empire Strikes Back_cd7417ec,_Uncataloged\32-The Empire Strikes Back_cd7417ec,130.02,PROMOTABLE_TO_CANONICAL,Tier 2: Leaf Folder Match,Das Imperium schlägt zurück,Donald F. Glut,B01M0PTDDJ,Star Wars #5
27.2-A New Hope Radio Drama_934a16af,_Uncataloged\27.2-A New Hope Radio Drama_934a16af,489.09,PROMOTABLE_TO_CANONICAL,Tier 2: Leaf Folder Match,Radio Drama - Star Wars Episode IV,Brian Daley,,Star Wars
32.2-The Empire Strikes Back Radio Drama_3071276c,_Uncataloged\32.2-The Empire Strikes Back Radio Drama_3071276c,364.33,PROMOTABLE_TO_CANONICAL,Tier 2: Leaf Folder Match,Radio Drama - Star Wars Episode V,Brian Daley,,Star Wars
34-Return Of The Jedi_ec79fc99,_Uncataloged\34-Return Of The Jedi_ec79fc99,128.35,PROMOTABLE_TO_CANONICAL,Tier 2: Leaf Folder Match,Die Rückkehr der Jedi-Ritter,James Kahn,B01M2D9J7Q,Star Wars #6
33-Shadow Of The Empire_9a870598,_Uncataloged\33-Shadow Of The Empire_9a870598,120.16,PROMOTABLE_TO_CANONICAL,Tier 2: Leaf Folder Match,Star Wars: Shadows of the Empire,Steve Perry,B002VA9F2G,Star Wars
34.2-Return Of The Jedi Radio Drama_e407bac0,_Uncataloged\34.2-Return Of The Jedi Radio Drama_e407bac0,176.63,PROMOTABLE_TO_CANONICAL,Tier 2: Leaf Folder Match,Radio Drama - Star Wars Episode VI,Brian Daley,,Star Wars
37-Slave Ship[Bounty Hunter Wars Book 2]_1f1ed493,_Uncataloged\37-Slave Ship[Bounty Hunter Wars Book 2]_1f1ed493,58.08,PROMOTABLE_TO_CANONICAL,Tier 2: Leaf Folder Match,Star Wars: The Bounty Hunter Wars: Slave Ship,K. W. Jeter,B002VA9B1Q,Star Wars: The Bounty Hunter Wars - Legends (abridged) #2
4-Shadow Hunter_a1369adf,_Uncataloged\4-Shadow Hunter_a1369adf,85.98,PROMOTABLE_TO_CANONICAL,Tier 2: Leaf Folder Match,Darth Maul - Shadow Hunter,Micheal Reeves,,Star Wars
38-Hard Merchandise[Bounty Hunter Wars Book 3]_6ab7fe6f,_Uncataloged\38-Hard Merchandise[Bounty Hunter Wars Book 3]_6ab7fe6f,53.77,PROMOTABLE_TO_CANONICAL,Tier 2: Leaf Folder Match,Star Wars: The Bounty Hunter Wars: Hard Merchandise,K. W. Jeter,B002V013DU,Star Wars: The Bounty Hunter Wars - Legends (abridged) #3
39-The Truce At Bakura_27d0d307,_Uncataloged\39-The Truce At Bakura_27d0d307,58.16,PROMOTABLE_TO_CANONICAL,Tier 2: Leaf Folder Match,The Truce at Bakura: Star Wars,Kathy Tyers,B002V19VV0,Star Wars
36-The Mandalorian Armor[Bounty Hunter Wars Book 1]_05a83823,_Uncataloged\36-The Mandalorian Armor[Bounty Hunter Wars Book 1]_05a83823,165.86,PROMOTABLE_TO_CANONICAL,Tier 2: Leaf Folder Match,Star Wars: The Bounty Hunter Wars: The Mandalorian Armor,K. W. Jeter,B002V5B4NE,Star Wars: The Bounty Hunter Wars - Legends (abridged) #1
20-Labyrinth Of Evil_8e83d6b5,_Uncataloged\20-Labyrinth Of Evil_8e83d6b5,278.46,PROMOTABLE_TO_CANONICAL,Tier 2: Leaf Folder Match,Labyrinth of Evil: Star Wars,James Luceno,B002V1C4J6,Star Wars
19-Dark Rendezvous_aacc3401,_Uncataloged\19-Dark Rendezvous_aacc3401,210.79,PROMOTABLE_TO_CANONICAL,Tier 2: Leaf Folder Match,Yoda: Dark Rendezvous: Star Wars Legends,Sean Stewart,B0CKS1RXYF,Star Wars: Legends
18-Jedi Trial_565a9d96,_Uncataloged\18-Jedi Trial_565a9d96,276.44,PROMOTABLE_TO_CANONICAL,Tier 2: Leaf Folder Match,Star Wars: Jedi Trial,"David Sherman, Dan Cragg",B002V8HNYK,Star Wars: A Clone Wars Novel - Legends #6
16-Battle Surgeons[Medstar Book 1]_eecca65d,_Uncataloged\16-Battle Surgeons[Medstar Book 1]_eecca65d,175.81,PROMOTABLE_TO_CANONICAL,Tier 2: Leaf Folder Match,Star Wars: Medstar I: Battle Surgeons,"Michael Reaves, Steve Perry",B002V1NLNO,Star Wars
17-Jedi Healer[Medstar Book 2]_c47768a2,_Uncataloged\17-Jedi Healer[Medstar Book 2]_c47768a2,155.89,PROMOTABLE_TO_CANONICAL,Tier 2: Leaf Folder Match,Star Wars: MedStar II: Jedi Healer,"Michael Reaves, Steve Perry",B002VACPIM,Star Wars
15-The Cestus Deception_92c888da,_Uncataloged\15-The Cestus Deception_92c888da,138.64,PROMOTABLE_TO_CANONICAL,Tier 2: Leaf Folder Match,Star Wars: Clone Wars: The Cestus Deception,Steven Barnes,B002V1LQOU,Star Wars: A Clone Wars Novel - Legends #3
14-Shatterpoint_5bd0e765,_Uncataloged\14-Shatterpoint_5bd0e765,132.62,PROMOTABLE_TO_CANONICAL,Tier 2: Leaf Folder Match,Star Wars: Shatterpoint,Matthew Stover,B002V1ADJY,star warz bukz
13-Attack Of The Clones_48d08496,_Uncataloged\13-Attack Of The Clones_48d08496,178.75,PROMOTABLE_TO_CANONICAL,Tier 2: Leaf Folder Match,Star Wars: Episode II: Attack of the Clones,R.A. Salvatore,B002V8KTBE,Star Wars #13
12-The Approaching Storm_305aca4c,_Uncataloged\12-The Approaching Storm_305aca4c,292.03,PROMOTABLE_TO_CANONICAL,Tier 2: Leaf Folder Match,Star Wars: The Approaching Storm,Alan Dean Foster,B002V8HD5E,star warz bukz
11-The Master of Disguise[Jedi Quest Book 4]_70351d3d,_Uncataloged\11-The Master of Disguise[Jedi Quest Book 4]_70351d3d,130.74,PROMOTABLE_TO_CANONICAL,Tier 2: Leaf Folder Match,Star Wars: Jedi Quest #4: The Master of Disguise,Jude Watson,B002V0GF9M,"Star Wars: Legends, Jedi Quest (abridged) #4"
106-Revelation[Legacy Of The Force Book 8]_66dd15ba,_Uncataloged\106-Revelation[Legacy Of The Force Book 8]_66dd15ba,410.21,PROMOTABLE_TO_CANONICAL,Tier 2: Leaf Folder Match,Star Wars: Legacy of the Force: Revelation,Karen Traviss,B002V0PZ0M,Star Wars: Legacy of the Force - Legends (abridged) #8
103-Sacrifice[Legacy Of The Force Book 5]_d8a2934c,_Uncataloged\103-Sacrifice[Legacy Of The Force Book 5]_d8a2934c,342.3,PROMOTABLE_TO_CANONICAL,Tier 2: Leaf Folder Match,Star Wars: Legacy of the Force: Sacrifice,Karen Traviss,B002V1BRRG,Star Wars: Legacy of the Force - Legends (abridged) #5
105-Fury[Legacy Of The Force Book 7]_58bb04d3,_Uncataloged\105-Fury[Legacy Of The Force Book 7]_58bb04d3,344.53,PROMOTABLE_TO_CANONICAL,Tier 2: Leaf Folder Match,Star Wars: Legacy of the Force: Fury,Aaron Allston,B002V1JD4U,Star Wars: Legacy of the Force - Legends (abridged) #7
104-Inferno[Legacy Of The Force Book 6]_cd53522b,_Uncataloged\104-Inferno[Legacy Of The Force Book 6]_cd53522b,343.84,PROMOTABLE_TO_CANONICAL,Tier 2: Leaf Folder Match,Star Wars: Legacy of the Force: Tempest,Troy Denning,B002V02JGA,Star Wars: Legacy of the Force - Legends (abridged) #3
102-Exile[Legacy Of The Force Book 4]_e2996590,_Uncataloged\102-Exile[Legacy Of The Force Book 4]_e2996590,346.62,PROMOTABLE_TO_CANONICAL,Tier 2: Leaf Folder Match,Star Wars: Legacy of the Force: Exile,Aaron Allston,B002V8MEQC,Star Wars: Legacy of the Force - Legends (abridged) #4
10-The Dangerous Games[Jedi Quest Book 3]_0bd60e3a,_Uncataloged\10-The Dangerous Games[Jedi Quest Book 3]_0bd60e3a,132.71,PROMOTABLE_TO_CANONICAL,Tier 2: Leaf Folder Match,Star Wars: Jedi Quest #3: The Dangerous Games,Jude Watson,B002V5GUEC,"Star Wars: Legends, Jedi Quest (abridged) #3"
Robots & Empire_5f5c8a98,_Uncataloged\Robots & Empire_5f5c8a98,396.79,PROMOTABLE_TO_CANONICAL,Tier 2: Leaf Folder Match,Robots e Imperio [Robots and Empire],"Isaac Asimov, Rosa Sánchez de Naveira - translator",B0BXFNTYWZ,Serie de los robots [Robot Series] #5
The Greeks_4c764ebd,_Uncataloged\The Greeks_4c764ebd,285.18,PROMOTABLE_TO_CANONICAL,Tier 2: Leaf Folder Match,Odyssey,Stephen Fry,B0F38S8J8S,Mythos #4
Robots & Empire_a4db9f58,_Uncataloged\Robots & Empire_a4db9f58,396.79,PROMOTABLE_TO_CANONICAL,Tier 2: Leaf Folder Match,Robots e Imperio [Robots and Empire],"Isaac Asimov, Rosa Sánchez de Naveira - translator",B0BXFNTYWZ,Serie de los robots [Robot Series] #5
The Greeks_ee304660,_Uncataloged\The Greeks_ee304660,285.18,PROMOTABLE_TO_CANONICAL,Tier 2: Leaf Folder Match,Odyssey,Stephen Fry,B0F38S8J8S,Mythos #4
Asimov - R. Daneel Olivaw - Book 01 - Caves Of Steel_be9dd8c7,_Uncataloged\Asimov - R. Daneel Olivaw - Book 01 - Caves Of Steel_be9dd8c7,213.25,PROMOTABLE_TO_CANONICAL,Tier 2: Leaf Folder Match,The Caves of Steel Disc 1,Isaac Asimov,,Isaac Asimov_dup_4263 #1
Book 3 - Second Foundation_8605bb94,_Uncataloged\Book 3 - Second Foundation_8605bb94,205.1,PROMOTABLE_TO_CANONICAL,Tier 2: Leaf Folder Match,Fundación [Foundation],"Isaac Asimov, Pilar Giralt Gorina - translator",B0BTV3BQDY,Foundation [Spanish Edition] #3
Azazel_48ad8df1,_Uncataloged\Azazel_48ad8df1,164.86,PROMOTABLE_TO_CANONICAL,Tier 2: Leaf Folder Match,The Book of Azazel,E.A. Koetting,B0F5KR326Y,Isaac Asimov_dup_4263
F01 - Foundation_bf46e480,_Uncataloged\F01 - Foundation_bf46e480,169.31,PROMOTABLE_TO_CANONICAL,Tier 2: Leaf Folder Match,Segunda Fundación [Second Foundation],"Isaac Asimov, Pilar Giralt Gorina - translator",B0BV7MGYFH,Foundation [Spanish Edition] #5
Fantastic Voyage_23cff777,_Uncataloged\Fantastic Voyage_23cff777,180.07,PROMOTABLE_TO_CANONICAL,Tier 2: Leaf Folder Match,This Is Your Captain Speaking,"Gavin MacLeod, Mark Dagostino",B00G044FC4,Isaac Asimov_dup_4263
Asimov - R. Daneel Olivaw - Book 01 - Caves Of Steel_cec909d1,_Uncataloged\Asimov - R. Daneel Olivaw - Book 01 - Caves Of Steel_cec909d1,213.25,PROMOTABLE_TO_CANONICAL,Tier 2: Leaf Folder Match,The Caves of Steel Disc 1,Isaac Asimov,,Isaac Asimov_dup_4263 #1
Azazel_3b771a5e,_Uncataloged\Azazel_3b771a5e,164.86,PROMOTABLE_TO_CANONICAL,Tier 2: Leaf Folder Match,The Book of Azazel,E.A. Koetting,B0F5KR326Y,Isaac Asimov_dup_4263
Book 3 - Second Foundation_9979f4e3,_Uncataloged\Book 3 - Second Foundation_9979f4e3,205.1,PROMOTABLE_TO_CANONICAL,Tier 2: Leaf Folder Match,Fundación [Foundation],"Isaac Asimov, Pilar Giralt Gorina - translator",B0BTV3BQDY,Foundation [Spanish Edition] #3
F01 - Foundation_b42bedca,_Uncataloged\F01 - Foundation_b42bedca,170.37,PROMOTABLE_TO_CANONICAL,Tier 2: Leaf Folder Match,Segunda Fundación [Second Foundation],"Isaac Asimov, Pilar Giralt Gorina - translator",B0BV7MGYFH,Foundation [Spanish Edition] #5
Fantastic Voyage_981e5f01,_Uncataloged\Fantastic Voyage_981e5f01,180.07,PROMOTABLE_TO_CANONICAL,Tier 2: Leaf Folder Match,This Is Your Captain Speaking,"Gavin MacLeod, Mark Dagostino",B00G044FC4,Isaac Asimov_dup_4263
Isaac Asimov - Foundation 01 - Foundation (new version - Scott Brick)_27b5754f,_Uncataloged\Isaac Asimov - Foundation 01 - Foundation (new version - Scott Brick)_27b5754f,237.43,PROMOTABLE_TO_CANONICAL,Tier 2: Leaf Folder Match,Foundation,Isaac Asimov,B003D8W5VS,Foundation #3
Book 3 - Second Foundation_93b87103,_Uncataloged\Book 3 - Second Foundation_93b87103,205.1,PROMOTABLE_TO_CANONICAL,Tier 2: Leaf Folder Match,Fundación [Foundation],"Isaac Asimov, Pilar Giralt Gorina - translator",B0BTV3BQDY,Foundation [Spanish Edition] #3
F01 - Foundation_2713fd96,_Uncataloged\F01 - Foundation_2713fd96,170.37,PROMOTABLE_TO_CANONICAL,Tier 2: Leaf Folder Match,Segunda Fundación [Second Foundation],"Isaac Asimov, Pilar Giralt Gorina - translator",B0BV7MGYFH,Foundation [Spanish Edition] #5
Fantastic Voyage_f2af96b2,_Uncataloged\Fantastic Voyage_f2af96b2,180.07,PROMOTABLE_TO_CANONICAL,Tier 2: Leaf Folder Match,This Is Your Captain Speaking,"Gavin MacLeod, Mark Dagostino",B00G044FC4,Isaac Asimov_dup_4263
Robots & Empire_aacaf369,_Uncataloged\Robots & Empire_aacaf369,396.79,PROMOTABLE_TO_CANONICAL,Tier 2: Leaf Folder Match,Robots e Imperio [Robots and Empire],"Isaac Asimov, Rosa Sánchez de Naveira - translator",B0BXFNTYWZ,Serie de los robots [Robot Series] #5
The Greeks_b69e51c0,_Uncataloged\The Greeks_b69e51c0,285.18,PROMOTABLE_TO_CANONICAL,Tier 2: Leaf Folder Match,Odyssey,Stephen Fry,B0F38S8J8S,Mythos #4
Asimov - R. Daneel Olivaw - Book 01 - Caves Of Steel_d1c0544d,_Uncataloged\Asimov - R. Daneel Olivaw - Book 01 - Caves Of Steel_d1c0544d,213.25,PROMOTABLE_TO_CANONICAL,Tier 2: Leaf Folder Match,The Caves of Steel Disc 1,Isaac Asimov,,Isaac Asimov_dup_4263 #1
Azazel_be273d66,_Uncataloged\Azazel_be273d66,164.86,PROMOTABLE_TO_CANONICAL,Tier 2: Leaf Folder Match,The Book of Azazel,E.A. Koetting,B0F5KR326Y,Isaac Asimov_dup_4263
Robots & Empire_fad56c4a,_Uncataloged\Robots & Empire_fad56c4a,396.79,PROMOTABLE_TO_CANONICAL,Tier 2: Leaf Folder Match,Robots e Imperio [Robots and Empire],"Isaac Asimov, Rosa Sánchez de Naveira - translator",B0BXFNTYWZ,Serie de los robots [Robot Series] #5
The Greeks_831ff666,_Uncataloged\The Greeks_831ff666,285.18,PROMOTABLE_TO_CANONICAL,Tier 2: Leaf Folder Match,Odyssey,Stephen Fry,B0F38S8J8S,Mythos #4
Isaac Asimov - Foundation 01 - Foundation (new version - Scott Brick),_Uncataloged\Isaac Asimov - Foundation 01 - Foundation (new version - Scott Brick),237.43,PROMOTABLE_TO_CANONICAL,Tier 2: Leaf Folder Match,Foundation,Isaac Asimov,B003D8W5VS,Foundation #3
Fantastic Voyage_01b98f4e,_Uncataloged\Fantastic Voyage_01b98f4e,180.07,PROMOTABLE_TO_CANONICAL,Tier 2: Leaf Folder Match,This Is Your Captain Speaking,"Gavin MacLeod, Mark Dagostino",B00G044FC4,Isaac Asimov_dup_4263
F01 - Foundation_c62df80e,_Uncataloged\F01 - Foundation_c62df80e,169.31,PROMOTABLE_TO_CANONICAL,Tier 2: Leaf Folder Match,Segunda Fundación [Second Foundation],"Isaac Asimov, Pilar Giralt Gorina - translator",B0BV7MGYFH,Foundation [Spanish Edition] #5
Book 3 - Second Foundation_c56a46f9,_Uncataloged\Book 3 - Second Foundation_c56a46f9,205.1,PROMOTABLE_TO_CANONICAL,Tier 2: Leaf Folder Match,Fundación [Foundation],"Isaac Asimov, Pilar Giralt Gorina - translator",B0BTV3BQDY,Foundation [Spanish Edition] #3
Azazel_82c9f9b1,_Uncataloged\Azazel_82c9f9b1,164.86,PROMOTABLE_TO_CANONICAL,Tier 2: Leaf Folder Match,The Book of Azazel,E.A. Koetting,B0F5KR326Y,Isaac Asimov_dup_4263
Asimov - Foundation - Book 03 - Second Foundation (new version - Scott Brick)_16525434,_Uncataloged\Asimov - Foundation - Book 03 - Second Foundation (new version - Scott Brick)_16525434,247.83,PROMOTABLE_TO_CANONICAL,Tier 2: Leaf Folder Match,Isaac Asimov-(f05) The Second Foundation-cd8 Of 801,Track,,Isaac Asimov #3
Tertiary Phase_582ca8f0,_Uncataloged\Tertiary Phase_582ca8f0,88.75,PROMOTABLE_TO_CANONICAL,Tier 2: Leaf Folder Match,The Hitchhiker's Guide To The Galaxy: Tertiary Phase,Douglas Adams,B002V0TFUI,Hitchhiker's Guide (radio plays) #3
Asimov - R. Daneel Olivaw - Book 01 - Caves Of Steel_59b1fca1,_Uncataloged\Asimov - R. Daneel Olivaw - Book 01 - Caves Of Steel_59b1fca1,213.25,PROMOTABLE_TO_CANONICAL,Tier 2: Leaf Folder Match,The Caves of Steel Disc 1,Isaac Asimov,,Isaac Asimov_dup_4263 #1
Quintissential Phase_aded68ed,_Uncataloged\Quintissential Phase_aded68ed,50.93,PROMOTABLE_TO_CANONICAL,Tier 2: Leaf Folder Match,The Hitchhiker's Guide To The Galaxy: Quandary Phase,Douglas Adams,B002V5BIDA,Hitchhiker's Guide (radio plays) #4
Origins - Neil deGrasse Tyson - Audiobook - Unabridged mp3_75352995,_Uncataloged\Origins - Neil deGrasse Tyson - Audiobook - Unabridged mp3_75352995,241.3,PROMOTABLE_TO_CANONICAL,Tier 2: Leaf Folder Match,"Origins, Revised and Updated","Neil deGrasse Tyson, Donald Goldsmith",B0B2KRTN5Z,Neil Degrasse Tyson
"Death by Black Hole- And Other Cosmic Quandaries (Unabridged), Part 2","_Uncataloged\Death by Black Hole- And Other Cosmic Quandaries (Unabridged)\Death by Black Hole- And Other Cosmic Quandaries (Unabridged), Part 2",437.9,PROMOTABLE_TO_CANONICAL,Tier 4: Prefix Match,Death by Black Hole,Neil deGrasse Tyson,B002VA9L7A,Neil Degrasse Tyson
"Death by Black Hole- And Other Cosmic Quandaries (Unabridged), Part 1","_Uncataloged\Death by Black Hole- And Other Cosmic Quandaries (Unabridged)\Death by Black Hole- And Other Cosmic Quandaries (Unabridged), Part 1",392.56,PROMOTABLE_TO_CANONICAL,Tier 4: Prefix Match,Death by Black Hole,Neil deGrasse Tyson,B002VA9L7A,Neil Degrasse Tyson
Scary Stories To Tell In The Dark_460f5e8f,_Uncataloged\Scary Stories To Tell In The Dark_460f5e8f,95.33,PROMOTABLE_TO_CANONICAL,Tier 2: Leaf Folder Match,The 30 Best Scary Stories to Tell in the Dark,Tom Black,B0D6KPTMSX,Scary Stories To Tell In The Dark - Audio Books
Salem's Lot (Disc 15),_Uncataloged\Stephen King - Salems Lot\Salem's Lot (Disc 15),27.38,PROMOTABLE_TO_CANONICAL,Tier 2: Leaf Folder Match,El misterio de Salem's Lot [Salem's Lot],"Stephen King, Marta Isabel Gustavino Castro",B01N8RXNTM,Stephen King - Salems Lot
Black Panther [The Young Prince]_42d6b97c,_Uncataloged\Black Panther [The Young Prince]_42d6b97c,158.57,PROMOTABLE_TO_CANONICAL,Tier 2: Leaf Folder Match,Marvel’s Black Panther: Sins of the King,"Tananarive Due, Geoffrey Thorne, Mohale Mashigo, Ira Madison, Steven Barnes",B0DJMPNS1T,Marvel audio books
"Closers, The_0e521dfd","_Uncataloged\Closers, The_0e521dfd",55.27,PROMOTABLE_TO_CANONICAL,Tier 2: Leaf Folder Match,The Closers,Michael Connelly,B002V59WS8,A Harry Bosch Novel #11
Captain Marvel [Liberation Run]_3e4895e5,_Uncataloged\Captain Marvel [Liberation Run]_3e4895e5,750.27,PROMOTABLE_TO_CANONICAL,Tier 2: Leaf Folder Match,Captain America: Dark Designs,"Stefan Petrucha, Marvel",1974979512,Marvel Novels #10
Fantastic Four [War Zone]_be8b25bc,_Uncataloged\Fantastic Four [War Zone]_be8b25bc,654.18,PROMOTABLE_TO_CANONICAL,Tier 2: Leaf Folder Match,Fantastic Four: Doomgate,"Jeffrey Lang, Marvel",1662041802,Marvel audio books
Marvel - Avengers - Everybody Wants To Rule The World [GraphicAudio 256]_545ac23d,_Uncataloged\Marvel - Avengers - Everybody Wants To Rule The World [GraphicAudio 256]_545ac23d,683.53,PROMOTABLE_TO_CANONICAL,Tier 2: Leaf Folder Match,The Avengers: Everybody Wants to Rule the World,"Marvel, Dan Abnett",1974978869,Marvel audio books
Marvel - Death of Captain America - Larry Hama (GraphicAudio-256),_Uncataloged\Marvel - Death of Captain America - Larry Hama (GraphicAudio-256),617.26,PROMOTABLE_TO_CANONICAL,Tier 2: Leaf Folder Match,The Death of Captain America,"Larry Hama, Marvel",197497930X,Marvel audio books
Marvel - Deadpool 01 - Paws [GraphicAudio-256]_5323254f,_Uncataloged\Marvel - Deadpool 01 - Paws [GraphicAudio-256]_5323254f,694.98,PROMOTABLE_TO_CANONICAL,Tier 2: Leaf Folder Match,Deadpool: Paws,"Stefan Petrucha, Marvel",197498043X,Marvel Novels #4
Marvel -Spiderman - Lizard Sanction_6753fb24,_Uncataloged\Marvel -Spiderman - Lizard Sanction_6753fb24,187.18,PROMOTABLE_TO_CANONICAL,Tier 2: Leaf Folder Match,Spider-Man: The Lizard Sanction,Diane Duane,B0038F0EQO,Spider-Man
The Amazing Spiderman CD2,_Uncataloged\Marvel -The Amazing Spiderman (BBC-256k)\The Amazing Spiderman CD2,135.08,PROMOTABLE_TO_CANONICAL,Tier 2: Leaf Folder Match,Camel Spiders: Amazing Facts and Myths About Camel Spiders,Hathai Ross,B0F2DBSC17,Marvel -The Amazing Spiderman (BBC-256k)
Marvel Spider-Man Forever Young -_6b108e6d,_Uncataloged\Marvel Spider-Man Forever Young -_6b108e6d,399.39,PROMOTABLE_TO_CANONICAL,Tier 2: Leaf Folder Match,Marvel Comics for Dummies,Troy Brownfield,B0FSGQVSGS,Marvel audio books
"Marvel, Alex Irvine - Astonishing X-Men - Days of Future Past [GraphicAudio 256]_48b68a6c","_Uncataloged\Marvel, Alex Irvine - Astonishing X-Men - Days of Future Past [GraphicAudio 256]_48b68a6c",537.09,PROMOTABLE_TO_CANONICAL,Tier 2: Leaf Folder Match,Marvel Super Heroes: Secret Wars,"Alex Irvine, Marvel",1974980758,Marvel audio books
Marvel civil war_5a9837ff,_Uncataloged\Marvel civil war_5a9837ff,527.1,PROMOTABLE_TO_CANONICAL,Tier 2: Leaf Folder Match,Divided We Fall: A Post-Apocalyptic Novel of America's Coming Civil War,Mark Goodwin,B07C3DQCY2,Ava's Crucible #1
Marvel’ Doctor Strange_e5ea2106,_Uncataloged\Marvel’ Doctor Strange_e5ea2106,56.06,PROMOTABLE_TO_CANONICAL,Tier 2: Leaf Folder Match,Marvel's Phase Three,"Marvel Press, Alexander Irvine",B0FGKSRPC1,Marvel's Phase #3
The Amazing Spider-Man (BBC Radio Play)_8d3a3252,_Uncataloged\The Amazing Spider-Man (BBC Radio Play)_8d3a3252,270.46,PROMOTABLE_TO_CANONICAL,Tier 2: Leaf Folder Match,The Amazing Spider-Man 2 Junior Novel,"Marvel Press, Brittany Candau",B0FKCYCL8K,Marvel audio books
01 - Harry Potter and the Philosophers Stone_864c7553,_Uncataloged\01 - Harry Potter and the Philosophers Stone_864c7553,462.0,PROMOTABLE_TO_CANONICAL,Tier 2: Leaf Folder Match,Harry Potter and the Philosopher's Stone (Narrated by Stephen Fry),J.K. Rowling,B0D1CSXB3Z,Harry Potter (Narrated by Stephen Fry) #1
Venom [Lethal Protector]_9591236a,_Uncataloged\Venom [Lethal Protector]_9591236a,576.41,PROMOTABLE_TO_CANONICAL,Tier 2: Leaf Folder Match,Little Bird,Alisha Williams,B0C63HJBVQ,Black Venom Crew #1
02 - Harry Potter and the Chamber of Secrets_17382140,_Uncataloged\02 - Harry Potter and the Chamber of Secrets_17382140,535.1,PROMOTABLE_TO_CANONICAL,Tier 2: Leaf Folder Match,Harry Potter and the Chamber of Secrets (Narrated by Stephen Fry),J.K. Rowling,B0D1CTCS5D,Harry Potter (Narrated by Stephen Fry) #2
03 - Harry Potter and the Prisoner of Azkaban_f4edf196,_Uncataloged\03 - Harry Potter and the Prisoner of Azkaban_f4edf196,664.18,PROMOTABLE_TO_CANONICAL,Tier 2: Leaf Folder Match,Harry Potter and the Prisoner of Azkaban (Narrated by Stephen Fry),J.K. Rowling,B0D1CW8W56,Harry Potter (Narrated by Stephen Fry) #3
04 - Harry Potter and the Goblet of Fire_e0e8fc77,_Uncataloged\04 - Harry Potter and the Goblet of Fire_e0e8fc77,1152.08,PROMOTABLE_TO_CANONICAL,Tier 2: Leaf Folder Match,Harry Potter and the Goblet of Fire (Narrated by Stephen Fry),J.K. Rowling,B0D1C5R1XF,Harry Potter (Narrated by Stephen Fry) #4
More Scary Stories To Tell In The Dark_834c068c,_Uncataloged\More Scary Stories To Tell In The Dark_834c068c,89.64,PROMOTABLE_TO_CANONICAL,Tier 2: Leaf Folder Match,Scary Stories Disc 2,Alvin Schwartz,,Scary Stories To Tell In The Dark - Audio Books
Harry Potter and the Deathly Hallows - Audiobook_26545a93,_Uncataloged\Harry Potter and the Deathly Hallows - Audiobook_26545a93,891.71,PROMOTABLE_TO_CANONICAL,Tier 2: Leaf Folder Match,HPatDH Disk1,J.K. Rowling,,Harry Potter Audio Books - By Stephen Fry (UK Version)
06 - Harry Potter and the Half-Blood Prince_5cc7bb35,_Uncataloged\06 - Harry Potter and the Half-Blood Prince_5cc7bb35,1131.26,PROMOTABLE_TO_CANONICAL,Tier 2: Leaf Folder Match,Harry Potter and the Half-Blood Prince (Narrated by Stephen Fry),J.K. Rowling,B0D1CWLB8H,Harry Potter (Narrated by Stephen Fry) #6
05 - Harry Potter and the Order of the Phoenix_69d9a5e9,_Uncataloged\05 - Harry Potter and the Order of the Phoenix_69d9a5e9,1600.33,PROMOTABLE_TO_CANONICAL,Tier 2: Leaf Folder Match,Harry Potter and the Order of the Phoenix (Narrated by Stephen Fry),J.K. Rowling,B0D1CVZ22J,Harry Potter (Narrated by Stephen Fry) #5
Harry Potter and the Deathly Hallows Read By Stephen Fry_58e6e59a,_Uncataloged\Harry Potter and the Deathly Hallows Read By Stephen Fry_58e6e59a,1320.74,PROMOTABLE_TO_CANONICAL,Tier 2: Leaf Folder Match,Harry Potter and the Deathly Hallows (Narrated by Stephen Fry),J.K. Rowling,B0D1CWTPYD,Harry Potter (Narrated by Stephen Fry) #7
4 The Visitor_81a81f01,_Uncataloged\4 The Visitor_81a81f01,390.32,PROMOTABLE_TO_CANONICAL,Tier 2: Leaf Folder Match,Running Blind,Lee Child,B009WRO5LW,Jack Reacher #4
Michael Crichton - Congo,_Uncataloged\Michael Crichton - Congo,96.39,PROMOTABLE_TO_CANONICAL,Tier 2: Leaf Folder Match,Congo,Michael Crichton,B00ZJQ9AZQ,Congo - Michael Crichton [audiobooks-download.blogspot.com]
6 [Book Six] Faith of the Fallen_eda063d4,_Uncataloged\6 [Book Six] Faith of the Fallen_eda063d4,820.18,PROMOTABLE_TO_CANONICAL,Tier 2: Leaf Folder Match,Terry Goodkind - SoT6 - Faith,Fantasy,,Terry Goodkind - The Sword of Truth
5 [Book Five]  Soul of the Fire_1d2d128d,_Uncataloged\5 [Book Five]  Soul of the Fire_1d2d128d,648.54,PROMOTABLE_TO_CANONICAL,Tier 2: Leaf Folder Match,Terry Goodkind - Soul of the,01,,Terry Goodkind - The Sword of Truth
7 [Book Seven] The Pillars of Creation_b8260678,_Uncataloged\7 [Book Seven] The Pillars of Creation_b8260678,619.47,PROMOTABLE_TO_CANONICAL,Tier 2: Leaf Folder Match,Terry Goodkind - The Pillars,Fantasy,,Terry Goodkind - The Sword of Truth
The Twilight Saga I_  Twilight_04e63c3f,_Uncataloged\The Twilight Saga I_  Twilight_04e63c3f,333.05,PROMOTABLE_TO_CANONICAL,Tier 2: Leaf Folder Match,The Twilight Saga I:  Twilight,Stephenie Meyer,,Stephenie.Meyers.Twilight.Saga.(Books.1-4).[Audiobooks.4.iPod].VoV
33 Hero_bffca5a3,_Uncataloged\33 Hero_bffca5a3,267.49,PROMOTABLE_TO_CANONICAL,Tier 2: Leaf Folder Match,Hero,R. A. Salvatore,B01KIQRTKO,"Legend of Drizzt #33, Legend of Drizzt: Homecoming #3"
02 Exile_3ff1669b,_Uncataloged\02 Exile_3ff1669b,154.57,PROMOTABLE_TO_CANONICAL,Tier 2: Leaf Folder Match,Exile,R. A. Salvatore,B00BWSI8A8,Legend of Drizzt #2
28 Night Of The Hunter_8eb0cb12,_Uncataloged\28 Night Of The Hunter_8eb0cb12,322.31,PROMOTABLE_TO_CANONICAL,Tier 2: Leaf Folder Match,Soul Hunter,Aaron Dembski-Bowden,1789994241,Night Lords #1
13 Sea Of Swords_74f0731b,_Uncataloged\13 Sea Of Swords_74f0731b,250.23,PROMOTABLE_TO_CANONICAL,Tier 2: Leaf Folder Match,"Sea of Swords: Legend of Drizzt: Paths of Darkness, Book 3",R. A. Salvatore,B00HNF85YI,Legend of Drizzt #13
12 The Spine Of The World_f6f3e129,_Uncataloged\12 The Spine Of The World_f6f3e129,259.51,PROMOTABLE_TO_CANONICAL,Tier 2: Leaf Folder Match,"The Spine of the World: Legend of Drizzt: Paths of Darkness, Book 2",R. A. Salvatore,B00HFW9SUE,Legend of Drizzt #12
02 Exile_f67782fa,_Uncataloged\02 Exile_f67782fa,210.58,PROMOTABLE_TO_CANONICAL,Tier 2: Leaf Folder Match,Exile,R. A. Salvatore,B00BWSI8A8,Legend of Drizzt #2
Dragonsong_e4913ffb,_Uncataloged\Dragonsong_e4913ffb,198.04,PROMOTABLE_TO_CANONICAL,Tier 2: Leaf Folder Match,"Dragonsong: Harper Hall Trilogy, Volume 1",Anne McCaffrey,B002V57VYA,"Harper Hall of Pern #1, Pern Novels [publication order] #3"
Book 26 - Thief of Time_d0ae1cb4,_Uncataloged\Book 26 - Thief of Time_d0ae1cb4,297.04,PROMOTABLE_TO_CANONICAL,Tier 2: Leaf Folder Match,Time of the Thief,Ivy Hollins,B0D2C1KZ4R,Collection #26
Book 27 - The Last Hero,_Uncataloged\Book 27 - The Last Hero,122.53,PROMOTABLE_TO_CANONICAL,Tier 2: Leaf Folder Match,The Last Kids on Earth: Quint and Dirk's Hero Quest,Max Brallier,B09G3HQK4L,The Last Kids on Earth #7.5
Bromeliad Trilogy 03 Wings,_Uncataloged\Bromeliad Trilogy 03 Wings,130.18,PROMOTABLE_TO_CANONICAL,Tier 2: Leaf Folder Match,Wings,Terry Pratchett,B0032N2TLU,The Bromeliad Trilogy (abridged) #3
Book 15 - Men at Arms_4766b328,_Uncataloged\Book 15 - Men at Arms_4766b328,399.37,PROMOTABLE_TO_CANONICAL,Tier 2: Leaf Folder Match,Men At Arms CD01,Terry Pratchett,,Disc World 15
Book 16 - Soul Music_09b48a73,_Uncataloged\Book 16 - Soul Music_09b48a73,299.09,PROMOTABLE_TO_CANONICAL,Tier 2: Leaf Folder Match,Highways and Heartaches,Michael Streissguth,B0BTQ3F6M1,Collection #16
Book 14 - Lords and Ladies_9af82ab3,_Uncataloged\Book 14 - Lords and Ladies_9af82ab3,371.79,PROMOTABLE_TO_CANONICAL,Tier 2: Leaf Folder Match,Lords and Ladies CD 01,Terry Pratchett,,Collection #14
Book 06 - Wyrd Sisters_8e1010cc,_Uncataloged\Book 06 - Wyrd Sisters_8e1010cc,540.77,PROMOTABLE_TO_CANONICAL,Tier 2: Leaf Folder Match,Brujerías [Wyrd Sisters],Terry Pratchett,B0B194R5SV,Mundodisco #6
Book 08 - Guards Guards_b9d78d12,_Uncataloged\Book 08 - Guards Guards_b9d78d12,280.45,PROMOTABLE_TO_CANONICAL,Tier 2: Leaf Folder Match,CD01 Guards! Guards,Terry Pratchett,,Collection #8
Hunger Games 2_13144a85,_Uncataloged\Hunger Games 2_13144a85,159.84,PROMOTABLE_TO_CANONICAL,Tier 2: Leaf Folder Match,En llamas [Catching Fire],"Suzanne Collins, Pilar Ramírez Tello - translator",B0DNTVTRZY,Los juegos del hambre [The Hunger Games] #2
Hunger Games 3_216715a0,_Uncataloged\Hunger Games 3_216715a0,160.79,PROMOTABLE_TO_CANONICAL,Tier 2: Leaf Folder Match,Mockingjay,Suzanne Collins,1338589040,The Hunger Games #3
Book 02 - Light Fantastic_96caf3ac,_Uncataloged\Book 02 - Light Fantastic_96caf3ac,183.47,PROMOTABLE_TO_CANONICAL,Tier 2: Leaf Folder Match,The Light Fantastic,Terry Pratchett,B09LZ5HZGC,"Discworld #2, Discworld: Rincewind #2"
Stephanie Meyer - Twilight Saga (Book 1 of 3) - Twilight_40e0f286,_Uncataloged\Stephanie Meyer - Twilight Saga (Book 1 of 3) - Twilight_40e0f286,187.51,PROMOTABLE_TO_CANONICAL,Tier 2: Leaf Folder Match,Bis(s) zum Morgengrauen,Stephenie Meyer,B00TLTAWS6,Complete
The Greeks_d5aaef46,_Uncataloged\The Greeks_d5aaef46,285.18,PROMOTABLE_TO_CANONICAL,Tier 2: Leaf Folder Match,Odyssey,Stephen Fry,B0F38S8J8S,Mythos #4
Robots & Empire_836c40d6,_Uncataloged\Robots & Empire_836c40d6,396.79,PROMOTABLE_TO_CANONICAL,Tier 2: Leaf Folder Match,Robots e Imperio [Robots and Empire],"Isaac Asimov, Rosa Sánchez de Naveira - translator",B0BXFNTYWZ,Serie de los robots [Robot Series] #5
Isaac Asimov - Foundation 01 - Foundation (new version - Scott Brick)_97462a4a,_Uncataloged\Isaac Asimov - Foundation 01 - Foundation (new version - Scott Brick)_97462a4a,237.43,PROMOTABLE_TO_CANONICAL,Tier 2: Leaf Folder Match,Foundation,Isaac Asimov,B003D8W5VS,Foundation #3
Fantastic Voyage_378c2fc9,_Uncataloged\Fantastic Voyage_378c2fc9,180.07,PROMOTABLE_TO_CANONICAL,Tier 2: Leaf Folder Match,This Is Your Captain Speaking,"Gavin MacLeod, Mark Dagostino",B00G044FC4,Isaac Asimov_dup_4263
F01 - Foundation_cd517a40,_Uncataloged\F01 - Foundation_cd517a40,169.31,PROMOTABLE_TO_CANONICAL,Tier 2: Leaf Folder Match,Segunda Fundación [Second Foundation],"Isaac Asimov, Pilar Giralt Gorina - translator",B0BV7MGYFH,Foundation [Spanish Edition] #5
Book 3 - Second Foundation_dfe6bf41,_Uncataloged\Book 3 - Second Foundation_dfe6bf41,205.1,PROMOTABLE_TO_CANONICAL,Tier 2: Leaf Folder Match,Fundación [Foundation],"Isaac Asimov, Pilar Giralt Gorina - translator",B0BTV3BQDY,Foundation [Spanish Edition] #3
Azazel_ddb604b8,_Uncataloged\Azazel_ddb604b8,164.86,PROMOTABLE_TO_CANONICAL,Tier 2: Leaf Folder Match,The Book of Azazel,E.A. Koetting,B0F5KR326Y,Isaac Asimov_dup_4263
Asimov - R. Daneel Olivaw - Book 01 - Caves Of Steel_ed9fd4ff,_Uncataloged\Asimov - R. Daneel Olivaw - Book 01 - Caves Of Steel_ed9fd4ff,213.25,PROMOTABLE_TO_CANONICAL,Tier 2: Leaf Folder Match,The Caves of Steel Disc 1,Isaac Asimov,,Isaac Asimov_dup_4263 #1
[01] The Demon Awakens_c1f5c217,_Uncataloged\[01] The Demon Awakens_c1f5c217,1050.56,PROMOTABLE_TO_CANONICAL,Tier 2: Leaf Folder Match,The Demon Awakens (Dramatized Adaptation),R.A. Salvatore,B0B7XNY87P,The DemonWars Saga #1
Prey_22304d3b,_Uncataloged\Prey_22304d3b,97.45,PROMOTABLE_TO_CANONICAL,Tier 2: Leaf Folder Match,Prey,Michael Crichton,B002UUQVFG,Prey - Michael Crichton [audiobooks-download.blogspot.com]
The Subtle Knife_ff83cfab,_Uncataloged\The Subtle Knife_ff83cfab,254.04,PROMOTABLE_TO_CANONICAL,Tier 2: Leaf Folder Match,His Dark Materials: The Subtle Knife (Book 2),Philip Pullman,B002UZHP1U,His Dark Materials #2
Orson Scott Card - Maps in a Mirror_617c9129,_Uncataloged\Orson Scott Card - Maps in a Mirror_617c9129,73.59,PROMOTABLE_TO_CANONICAL,Tier 2: Leaf Folder Match,Cruel Miracles,Orson Scott Card,B0036GRFAI,Maps in a Mirror #4
J.R.R. Tolkien - The Lord of the Rings (all Books Fellowship - Two Towers - Return Of The King) Unabridged Audiobook_d46d50f5,_Uncataloged\J.R.R. Tolkien - The Lord of the Rings (all Books Fellowship - Two Towers - Return Of The King) Unabridged Audiobook_d46d50f5,750.43,PROMOTABLE_TO_CANONICAL,Tier 2: Leaf Folder Match,LotR Part I: The Fellowship of the Ring,J.R.R. Tolkien,,From_Drive_I
The Celestine Prophecy @ fenopy.com_e78594e5,_Uncataloged\The Celestine Prophecy @ fenopy.com_e78594e5,128.41,PROMOTABLE_TO_CANONICAL,Tier 2: Leaf Folder Match,"Celestine Prophecy, The",James Redfield,1549148427,The Celestine Prophecy
The Tales of Beedle the Bard Audio-Book(CanusRG-pill)_e1e6607c,_Uncataloged\The Tales of Beedle the Bard Audio-Book(CanusRG-pill)_e1e6607c,46.92,PROMOTABLE_TO_CANONICAL,Tier 2: Leaf Folder Match,Die Märchen von Beedle dem Barden [The Tales of Beedle the Bard],J.K. Rowling,1781105421,Tales of Beedle the Bard
14 - Ian Fleming - Octopussy_unabridged_55fa1742,_Uncataloged\14 - Ian Fleming - Octopussy_unabridged_55fa1742,45.62,PROMOTABLE_TO_CANONICAL,Tier 2: Leaf Folder Match,Octopussy and the Living Daylights,Ian Fleming,B0C28RLR3D,15 James bond 007 Audio Books - Ian Fleming #14
10 - Ian Fleming - The Spy Who Loved Me_f9ba0dc7,_Uncataloged\10 - Ian Fleming - The Spy Who Loved Me_f9ba0dc7,118.93,PROMOTABLE_TO_CANONICAL,Tier 2: Leaf Folder Match,The Spy Who Loved Me,Ian Fleming,B0BFQXVNF2,15 James bond 007 Audio Books - Ian Fleming #10
11 - Ian Fleming - On Her Majestys Secret Service_unabridged_9e710552,_Uncataloged\11 - Ian Fleming - On Her Majestys Secret Service_unabridged_9e710552,131.88,PROMOTABLE_TO_CANONICAL,Tier 2: Leaf Folder Match,01(7) Her Majestys Secret Serv,Ian Fleming,,15 James bond 007 Audio Books - Ian Fleming #11
08 - Ian Fleming - For Your Eyes Only_unabridged_420caf05,_Uncataloged\08 - Ian Fleming - For Your Eyes Only_unabridged_420caf05,98.01,PROMOTABLE_TO_CANONICAL,Tier 2: Leaf Folder Match,Sólo para tus ojos [For Your Eyes Only],Ian Fleming,B0B7XW13YW,James Bond [Spanish Edition] #8
06 - Ian Fleming - Dr No_unabridged_ba6152b1,_Uncataloged\06 - Ian Fleming - Dr No_unabridged_ba6152b1,125.93,PROMOTABLE_TO_CANONICAL,Tier 2: Leaf Folder Match,James Bond 007 contre Dr No [Dr No],Ian Fleming,B09RWYF2D9,James Bond [French Edition] #6
07 - Ian Fleming - Goldfinger_unabridged_adcd6247,_Uncataloged\07 - Ian Fleming - Goldfinger_unabridged_adcd6247,146.61,PROMOTABLE_TO_CANONICAL,Tier 2: Leaf Folder Match,Goldfinger (Spanish Edition),Ian Fleming,B0B4WYRFN4,James Bond [Spanish Edition] #7
05 - Ian Fleming - From Russia with Love_unabridged_791ff8f8,_Uncataloged\05 - Ian Fleming - From Russia with Love_unabridged_791ff8f8,136.99,PROMOTABLE_TO_CANONICAL,Tier 2: Leaf Folder Match,Desde Rusia con amor [From Russia with Love],Ian Fleming,B0B2F3941B,James Bond [Spanish Edition] #5
03 - Ian Fleming - Moonraker_unabridged_128a804e,_Uncataloged\03 - Ian Fleming - Moonraker_unabridged_128a804e,118.89,PROMOTABLE_TO_CANONICAL,Tier 2: Leaf Folder Match,01(6) Moonraker,Ian Fleming,B09RWYH2J8,15 James bond 007 Audio Books - Ian Fleming #3
02 - Ian Fleming - Live and Let Die_c29ed946,_Uncataloged\02 - Ian Fleming - Live and Let Die_c29ed946,183.68,PROMOTABLE_TO_CANONICAL,Tier 2: Leaf Folder Match,Live and Let Die (Hindi),Ian Fleming,B0BTTCP72K,James Bond (Original Series) [Hindi] #2
04 - Ian Fleming - Diamonds are Forever_84558d76,_Uncataloged\04 - Ian Fleming - Diamonds are Forever_84558d76,168.93,PROMOTABLE_TO_CANONICAL,Tier 2: Leaf Folder Match,Diamonds are Forever,Ian Fleming,B09RWXMH3H,15 James bond 007 Audio Books - Ian Fleming #4
Kingdom Come_fb304430,_Uncataloged\Kingdom Come_fb304430,317.59,PROMOTABLE_TO_CANONICAL,Tier 2: Leaf Folder Match,Kingdom Come Audio Drama,DC Comics,,DC & MARVEL - GraphicAudio Collection
Dan Brown - The Da Vinci Code,_Uncataloged\Dan Brown - The Da Vinci Code,357.95,PROMOTABLE_TO_CANONICAL,Tier 2: Leaf Folder Match,Der Da Vinci Code,Dan Brown,B075V31N2L,Robert Langdon (gekürzt) #2
"Fluke Or, I Know Why the Winged Whale Sings","_Uncataloged\Fluke Or, I Know Why the Winged Whale Sings",536.44,PROMOTABLE_TO_CANONICAL,Tier 2: Leaf Folder Match,Fluke,Christopher Moore,B002V1K2PE,Christopher Moore
Noir A Novel,_Uncataloged\Noir A Novel,125.78,PROMOTABLE_TO_CANONICAL,Tier 2: Leaf Folder Match,Noir,Christopher Moore,B078XM8PBN,Christopher Moore
"Lamb The Gospel According to Biff, Christ's Childhood Pal","_Uncataloged\Lamb The Gospel According to Biff, Christ's Childhood Pal",210.89,PROMOTABLE_TO_CANONICAL,Tier 2: Leaf Folder Match,Lamb,Christopher Moore,B002V8OCDK,Christopher Moore
Fool A Novel,_Uncataloged\Fool A Novel,119.45,PROMOTABLE_TO_CANONICAL,Tier 2: Leaf Folder Match,Fool,Christopher Moore,B002V1O3S6,Fool #1
Dirty Job,_Uncataloged\Dirty Job,162.57,PROMOTABLE_TO_CANONICAL,Tier 2: Leaf Folder Match,A Dirty Job,Christopher Moore,B002V0QR4K,Grim Reaper #1
[09] Dead and Gone_ae9c951e,_Uncataloged\[09] Dead and Gone_ae9c951e,261.75,PROMOTABLE_TO_CANONICAL,Tier 4: Prefix Match,Dead and Gone: Sookie Stackhouse Southern Vampire Mystery #9,Charlaine Harris,B002VA3R5C,Sookie Stackhouse #9
5 The Voyage of the Dawn Treader_0c6d2cb9,_Uncataloged\5 The Voyage of the Dawn Treader_0c6d2cb9,32.02,PROMOTABLE_TO_CANONICAL,Tier 2: Leaf Folder Match,Sweet Addiction,Bella Matthews,B0GKQNLFLT,BBC Audio
[01-] The Extinction New Zealand Series Box Set_93ab7aee,_Uncataloged\[01-] The Extinction New Zealand Series Box Set_93ab7aee,1270.53,PROMOTABLE_TO_CANONICAL,Tier 4: Prefix Match,"The Extinction New Zealand Series Box Set: The Rule of Three, The Fourth Phase, The Five Pillars",Adrian J. Smith,1094189286,The Extinction New Zealand Series #1
[14] Dwarf City_95bd00f8,_Uncataloged\[14] Dwarf City_95bd00f8,633.84,PROMOTABLE_TO_CANONICAL,Tier 2: Leaf Folder Match,Dragon Heart,Kirill Klevanski,B0B3NGZV82,Dragon Heart Series #14
[13] Demon City_6bd684aa,_Uncataloged\[13] Demon City_6bd684aa,783.51,PROMOTABLE_TO_CANONICAL,Tier 2: Leaf Folder Match,Dragon Heart,"Kirill Klevanski, Valeria Kornosenko - introduction",B09VK2FT9X,Dragon Heart Series #13
[12] Path to the Glory_fd78ff2d,_Uncataloged\[12] Path to the Glory_fd78ff2d,788.21,PROMOTABLE_TO_CANONICAL,Tier 2: Leaf Folder Match,Dragon Heart,Kirill Klevanski,B09NF7HPG7,Dragon Heart Series #12
[10] Land of War_3f6bb985,_Uncataloged\[10] Land of War_3f6bb985,890.39,PROMOTABLE_TO_CANONICAL,Tier 2: Leaf Folder Match,Dragon Heart,"Kirill Klevanski, Valeria Kornosenko - introduction",B09DZ2V12S,Dragon Heart Series #10
[11] Path to the Unknown_52fe0831,_Uncataloged\[11] Path to the Unknown_52fe0831,854.47,PROMOTABLE_TO_CANONICAL,Tier 2: Leaf Folder Match,Dragon Heart,"Kirill Klevanski, Valeria Kornosenko - introduction",B09GPXQQFR,Dragon Heart Series #11
[09] Land of Pain_a99fe52d,_Uncataloged\[09] Land of Pain_a99fe52d,814.83,PROMOTABLE_TO_CANONICAL,Tier 2: Leaf Folder Match,Dragon Heart,"Kirill Klevanski, Valeria Kornosenko - introduction",170529538X,Dragon Heart Series #9
[04] Sea of Sand_cc91dbae,_Uncataloged\[04] Sea of Sand_cc91dbae,734.55,PROMOTABLE_TO_CANONICAL,Tier 2: Leaf Folder Match,Dragon Heart,Kirill Klevanski,1705204740,Dragon Heart Series #4
[07] Land of Demons_a387ae48,_Uncataloged\[07] Land of Demons_a387ae48,790.73,PROMOTABLE_TO_CANONICAL,Tier 2: Leaf Folder Match,Dragon Heart,Kirill Klevanski,170526610X,Dragon Heart Series #7
[05] Sea of Sorrow_f29013dd,_Uncataloged\[05] Sea of Sorrow_f29013dd,940.84,PROMOTABLE_TO_CANONICAL,Tier 2: Leaf Folder Match,Dragon Heart,Kirill Klevanski,170524906X,Dragon Heart Series #5
[02] Iron Will_c9f580d8,_Uncataloged\[02] Iron Will_c9f580d8,1159.18,PROMOTABLE_TO_CANONICAL,Tier 2: Leaf Folder Match,Dragon Heart,"Kirill Klevanski, Valeria Kornosenko - introduction",1541437659,Dragon Heart Series #2
[01] Stone Will_04f5a9a8,_Uncataloged\[01] Stone Will_04f5a9a8,941.38,PROMOTABLE_TO_CANONICAL,Tier 2: Leaf Folder Match,Dragon Heart,"Kirill Klevanski, Valeria Kornosenko - introduction, J. Kharkova - translator, R. Mansurova - translator, E. Kornilova - translator",1630153710,Dragon Heart Series #1
"[06] Home, Siege Home_57872a86","_Uncataloged\[06] Home, Siege Home_57872a86",472.67,PROMOTABLE_TO_CANONICAL,Tier 2: Leaf Folder Match,"Home, Siege Home: A LitRPG/GameLit Novel",Eric Ugland,1515942465,The Good Guys #6
[05] Dukes and Ladders_ae4243a7,_Uncataloged\[05] Dukes and Ladders_ae4243a7,466.79,PROMOTABLE_TO_CANONICAL,Tier 2: Leaf Folder Match,Dukes and Ladders,Eric Ugland,1515942457,The Good Guys #5
[04] Four_37fdb5f4,_Uncataloged\[04] Four_37fdb5f4,454.08,PROMOTABLE_TO_CANONICAL,Tier 2: Leaf Folder Match,Four: The Loot,Eric Ugland,1541404556,The Good Guys #4
[04] Super Powereds_ab1b67cd,_Uncataloged\[04] Super Powereds_ab1b67cd,1683.13,PROMOTABLE_TO_CANONICAL,Tier 2: Leaf Folder Match,Super Powereds: Year One (1 of 3) (Dramatized Adaptation),Drew Hayes,1648816606,Super Powereds #1
[03] Super Powereds_d38aa1b2,_Uncataloged\[03] Super Powereds_d38aa1b2,1143.95,PROMOTABLE_TO_CANONICAL,Tier 2: Leaf Folder Match,Super Powereds: Year One (1 of 3) (Dramatized Adaptation),Drew Hayes,1648816606,Super Powereds #1
[02] Super Powereds_c38101bf,_Uncataloged\[02] Super Powereds_c38101bf,897.5,PROMOTABLE_TO_CANONICAL,Tier 2: Leaf Folder Match,Super Powereds: Year One (1 of 3) (Dramatized Adaptation),Drew Hayes,1648816606,Super Powereds #1
[01] Super Powereds (3)_55259ed5,_Uncataloged\[01] Super Powereds (3)_55259ed5,905.53,PROMOTABLE_TO_CANONICAL,Tier 2: Leaf Folder Match,Corpies,Drew Hayes,B01G11ZFYC,Super Powereds #5
[02] Super Powereds_b15f4655,_Uncataloged\[02] Super Powereds_b15f4655,305.84,PROMOTABLE_TO_CANONICAL,Tier 2: Leaf Folder Match,Super Powereds: Year One (1 of 3) (Dramatized Adaptation),Drew Hayes,1648816606,Super Powereds #1
[01] Super Powereds_677cc665,_Uncataloged\[01] Super Powereds_677cc665,720.22,PROMOTABLE_TO_CANONICAL,Tier 2: Leaf Folder Match,Super Powereds: Year One (1 of 3) (Dramatized Adaptation),Drew Hayes,1648816606,Super Powereds #1
[02] Super Powereds (3)_432a5c04,_Uncataloged\[02] Super Powereds (3)_432a5c04,415.97,PROMOTABLE_TO_CANONICAL,Tier 2: Leaf Folder Match,Corpies,Drew Hayes,B01G11ZFYC,Super Powereds #5
[01] Super Powereds_acbc9913,_Uncataloged\[01] Super Powereds_acbc9913,328.87,PROMOTABLE_TO_CANONICAL,Tier 2: Leaf Folder Match,Super Powereds: Year One (1 of 3) (Dramatized Adaptation),Drew Hayes,1648816606,Super Powereds #1
A Court of Thorns and Roses (Part 1 of 2) (Dramatized Adaptation) [B09V5PW83R],_Uncataloged\Books\A Court of Thorns and Roses (Part 1 of 2) (Dramatized Adaptation) [B09V5PW83R],276.17,PROMOTABLE_TO_CANONICAL,Tier 1: ASIN Match,A Court of Thorns and Roses (Part 1 of 2) (Dramatized Adaptation),Sarah J. Maas,B09V5PW83R,A Court of Thorns and Roses #1
A Court of Thorns and Roses (Part 2 of 2) (Dramatized Adaptation) [B09X685PP8],_Uncataloged\Books\A Court of Thorns and Roses (Part 2 of 2) (Dramatized Adaptation) [B09X685PP8],262.09,PROMOTABLE_TO_CANONICAL,Tier 1: ASIN Match,A Court of Thorns and Roses (Part 2 of 2) (Dramatized Adaptation),Sarah J. Maas,B09X685PP8,A Court of Thorns and Roses #1
[01] We Are Legion_00c92f8c,_Uncataloged\[01] We Are Legion_00c92f8c,549.93,PROMOTABLE_TO_CANONICAL,Tier 2: Leaf Folder Match,We Are Legion (We Are Bob),Dennis E. Taylor,B01L082HJ2,Bobiverse #1
Stephen Fry - Paperweight Vol 1_fcc11e06,_Uncataloged\Stephen Fry - Paperweight Vol 1_fcc11e06,157.33,PROMOTABLE_TO_CANONICAL,Tier 2: Leaf Folder Match,Paperweight Volume 1,Stephen Fry,,Stephen Fry - Paperweight
Fantastic Mr. Fox_17ea160f,_Uncataloged\Fantastic Mr. Fox_17ea160f,55.03,PROMOTABLE_TO_CANONICAL,Tier 2: Leaf Folder Match,El Superzorro [Fantastic Mr. Fox],"Roald Dahl, Ramón Buckley Planas",8420458651,Roald Dahl - Daily Telegraph Audio Books
Stephen Fry - Paperweight Vol 2_f6585f6b,_Uncataloged\Stephen Fry - Paperweight Vol 2_f6585f6b,162.79,PROMOTABLE_TO_CANONICAL,Tier 2: Leaf Folder Match,Paperweight Volume 2,Stephen Fry,,Stephen Fry - Paperweight
Asylum_92934c3c,_Uncataloged\Asylum_92934c3c,52.23,PROMOTABLE_TO_CANONICAL,Tier 2: Leaf Folder Match,12 Nights Before Christmas: The Asylum Advent Collection,Jack Steen,B0GF43647K,The Asylum Confession Files #11
Golden Age_42583fde,_Uncataloged\Golden Age_42583fde,60.15,PROMOTABLE_TO_CANONICAL,Tier 2: Leaf Folder Match,Pax,Tom Holland,B0BWG6KRCW,Torchwood
90-Destiny's Way[The New Jedi Order Book 14]_b1703894,_Uncataloged\90-Destiny's Way[The New Jedi Order Book 14]_b1703894,87.09,PROMOTABLE_TO_CANONICAL,Tier 2: Leaf Folder Match,Star Wars: The New Jedi Order: Destiny's Way,Walter Jon Williams,B002V0TNDC,Star Wars: The New Jedi Order - Legends (abridged) #14
9-The Trial of the Jedi[Jedi Quest Book 2]_54374891,_Uncataloged\9-The Trial of the Jedi[Jedi Quest Book 2]_54374891,109.38,PROMOTABLE_TO_CANONICAL,Tier 2: Leaf Folder Match,Star Wars: Jedi Quest #2: The Trail of the Jedi,Jude Watson,B002VA8NE2,"Star Wars: Legends, Jedi Quest (abridged) #2"
85-Star by Star[The New Jedi Order Book 9]_bcf5d046,_Uncataloged\85-Star by Star[The New Jedi Order Book 9]_bcf5d046,107.9,PROMOTABLE_TO_CANONICAL,Tier 2: Leaf Folder Match,Star by Star: Star Wars (The New Jedi Order),Troy Denning,B002VA8FWM,Star Wars: The New Jedi Order - Legends (abridged) #9
86-Dark Journey[The New Jedi Order Book 10]_0b2bec05,_Uncataloged\86-Dark Journey[The New Jedi Order Book 10]_0b2bec05,107.43,PROMOTABLE_TO_CANONICAL,Tier 2: Leaf Folder Match,Star Wars: The New Jedi Order: Dark Journey,Elaine Cunningham,B002VA3L62,Star Wars: The New Jedi Order - Legends (abridged) #10
87-Rebel Dream[The New Jedi Order Book 11]_70823d40,_Uncataloged\87-Rebel Dream[The New Jedi Order Book 11]_70823d40,113.29,PROMOTABLE_TO_CANONICAL,Tier 2: Leaf Folder Match,Star Wars: The New Jedi Order: Rebel Dreams,Aaron Allston,B002V0JWIS,Star Wars: The New Jedi Order - Legends (abridged) #11
77-Vector Prime[The New Jedi Order Book 1]_1157cb35,_Uncataloged\77-Vector Prime[The New Jedi Order Book 1]_1157cb35,83.53,PROMOTABLE_TO_CANONICAL,Tier 2: Leaf Folder Match,Vector Prime: Star Wars (The New Jedi Order),R.A. Salvatore,B002V02ILQ,Star Wars: The New Jedi Order - Legends (abridged) #1
"61-I, Jedi_e0f0d312","_Uncataloged\61-I, Jedi_e0f0d312",54.43,PROMOTABLE_TO_CANONICAL,Tier 2: Leaf Folder Match,"Star Wars: I, Jedi",Michael A. Stackpole,B002V02I34,Star Wars
81-Jedi Ecli[The New Jedi Order Book 5]_3b6751f3,_Uncataloged\81-Jedi Ecli[The New Jedi Order Book 5]_3b6751f3,132.81,PROMOTABLE_TO_CANONICAL,Tier 2: Leaf Folder Match,Star Wars: The New Jedi Order: Agents of Chaos I: Hero's Trial,James Luceno,B002V1CLS0,"Star Wars: The New Jedi Order - Legends (abridged) #4, Star Wars: The New Jedi Order: Agents of Chaos (abridged) #1"
32.2-The Empire Strikes Back Radio Drama_2d470810,_Uncataloged\32.2-The Empire Strikes Back Radio Drama_2d470810,364.33,PROMOTABLE_TO_CANONICAL,Tier 2: Leaf Folder Match,Radio Drama - Star Wars Episode V,Brian Daley,,Star Wars
37-Slave Ship[Bounty Hunter Wars Book 2]_cbb24c44,_Uncataloged\37-Slave Ship[Bounty Hunter Wars Book 2]_cbb24c44,57.72,PROMOTABLE_TO_CANONICAL,Tier 2: Leaf Folder Match,Star Wars: The Bounty Hunter Wars: Slave Ship,K. W. Jeter,B002VA9B1Q,Star Wars: The Bounty Hunter Wars - Legends (abridged) #2
48-Jedi Knight[Dark Forces Trilogy Book 3]_fe711cb2,_Uncataloged\48-Jedi Knight[Dark Forces Trilogy Book 3]_fe711cb2,86.75,PROMOTABLE_TO_CANONICAL,Tier 2: Leaf Folder Match,Crickets 2,William C. Dietz,B0CJ3SDX39,Crickets #2
27-A New Hope_03ba510f,_Uncataloged\27-A New Hope_03ba510f,129.03,PROMOTABLE_TO_CANONICAL,Tier 2: Leaf Folder Match,Star Wars™ - Episode IV - Eine neue Hoffnung,"George Lucas, Tony Westermayr",B01M0PUVAE,Star Wars #4
24-The Hutt Gambit[Han Solo Trilogy Book 2]_30b3b459,_Uncataloged\24-The Hutt Gambit[Han Solo Trilogy Book 2]_30b3b459,40.99,PROMOTABLE_TO_CANONICAL,Tier 2: Leaf Folder Match,The Paradise Snare: Star Wars (The Han Solo Trilogy),A. C. Crispin,B002V1LWAS,Star Wars: The Han Solo Trilogy - Legends (abridged) #1
106-Revelation[Legacy Of The Force Book 8]_6953e62d,_Uncataloged\106-Revelation[Legacy Of The Force Book 8]_6953e62d,410.21,PROMOTABLE_TO_CANONICAL,Tier 2: Leaf Folder Match,Star Wars: Legacy of the Force: Revelation,Karen Traviss,B002V0PZ0M,Star Wars: Legacy of the Force - Legends (abridged) #8
11-The Master of Disguise[Jedi Quest Book 4]_ac1b518c,_Uncataloged\11-The Master of Disguise[Jedi Quest Book 4]_ac1b518c,130.73,PROMOTABLE_TO_CANONICAL,Tier 2: Leaf Folder Match,Star Wars: Jedi Quest #4: The Master of Disguise,Jude Watson,B002V0GF9M,"Star Wars: Legends, Jedi Quest (abridged) #4"
104-Inferno[Legacy Of The Force Book 6]_005660d8,_Uncataloged\104-Inferno[Legacy Of The Force Book 6]_005660d8,343.83,PROMOTABLE_TO_CANONICAL,Tier 2: Leaf Folder Match,Star Wars: Legacy of the Force: Tempest,Troy Denning,B002V02JGA,Star Wars: Legacy of the Force - Legends (abridged) #3
Marvel Spider-Man Forever Young -_c5ac23de,_Uncataloged\Marvel Spider-Man Forever Young -_c5ac23de,399.39,PROMOTABLE_TO_CANONICAL,Tier 2: Leaf Folder Match,Marvel Comics for Dummies,Troy Brownfield,B0FSGQVSGS,Marvel audio books
10-The Dangerous Games[Jedi Quest Book 3]_2a478f4d,_Uncataloged\10-The Dangerous Games[Jedi Quest Book 3]_2a478f4d,132.7,PROMOTABLE_TO_CANONICAL,Tier 2: Leaf Folder Match,Star Wars: Jedi Quest #3: The Dangerous Games,Jude Watson,B002V5GUEC,"Star Wars: Legends, Jedi Quest (abridged) #3"
Marvel -Spiderman - Lizard Sanction_302b3a6f,_Uncataloged\Marvel -Spiderman - Lizard Sanction_302b3a6f,187.18,PROMOTABLE_TO_CANONICAL,Tier 2: Leaf Folder Match,Spider-Man: The Lizard Sanction,Diane Duane,B0038F0EQO,Spider-Man
Black Panther [The Young Prince]_bbe41b92,_Uncataloged\Black Panther [The Young Prince]_bbe41b92,158.57,PROMOTABLE_TO_CANONICAL,Tier 2: Leaf Folder Match,Marvel’s Black Panther: Sins of the King,"Tananarive Due, Geoffrey Thorne, Mohale Mashigo, Ira Madison, Steven Barnes",B0DJMPNS1T,Marvel audio books
Captain Marvel [Liberation Run]_c8182f42,_Uncataloged\Captain Marvel [Liberation Run]_c8182f42,750.27,PROMOTABLE_TO_CANONICAL,Tier 2: Leaf Folder Match,Captain America: Dark Designs,"Stefan Petrucha, Marvel",1974979512,Marvel Novels #10
12 The Spine Of The World_d615b068,_Uncataloged\12 The Spine Of The World_d615b068,259.51,PROMOTABLE_TO_CANONICAL,Tier 2: Leaf Folder Match,"The Spine of the World: Legend of Drizzt: Paths of Darkness, Book 2",R. A. Salvatore,B00HFW9SUE,Legend of Drizzt #12
28 Night Of The Hunter_2adbd3e4,_Uncataloged\28 Night Of The Hunter_2adbd3e4,322.31,PROMOTABLE_TO_CANONICAL,Tier 2: Leaf Folder Match,Soul Hunter,Aaron Dembski-Bowden,1789994241,Night Lords #1
3. Life The Universe And Everything_dfa2acae,_Uncataloged\3. Life The Universe And Everything_dfa2acae,277.22,PROMOTABLE_TO_CANONICAL,Tier 2: Leaf Folder Match,Hitchhikers Guide To The Galaxy .Macmillan. READNFO,Douglas Adams,,Douglas Adams - Hitchhiker's Guide To The Galaxy (Stephen Fry and Martin Freeman) #3
Hitchhiker's Guide To The Galaxy - 3 - Tertiary Phase_a07d2fde,_Uncataloged\Hitchhiker's Guide To The Galaxy - 3 - Tertiary Phase_a07d2fde,154.47,PROMOTABLE_TO_CANONICAL,Tier 2: Leaf Folder Match,The Hitchhiker's Guide To The Galaxy: Quintessential Phase,Douglas Adams,B002V8MJWQ,Hitchhiker's Guide (radio plays) #5
3. Life The Universe And Everything_a5ab9d5f,_Uncataloged\3. Life The Universe And Everything_a5ab9d5f,4.41,PROMOTABLE_TO_CANONICAL,Tier 2: Leaf Folder Match,Hitchhikers Guide To The Galaxy .Macmillan. READNFO,Douglas Adams,,Douglas Adams - Hitchhiker's Guide To The Galaxy (Stephen Fry and Martin Freeman) #3
TVC03 - Queen of the Damned_3c7eb536,_Uncataloged\TVC03 - Queen of the Damned_3c7eb536,795.53,PROMOTABLE_TO_CANONICAL,Tier 2: Leaf Folder Match,The Queen of the Damned,Anne Rice,B0052FRV1Y,The Vampire Chronicles #3
Robots & Empire_fafc3f85,_Uncataloged\Robots & Empire_fafc3f85,396.79,PROMOTABLE_TO_CANONICAL,Tier 2: Leaf Folder Match,Robots e Imperio [Robots and Empire],"Isaac Asimov, Rosa Sánchez de Naveira - translator",B0BXFNTYWZ,Serie de los robots [Robot Series] #5
Fantastic Voyage_40befd3f,_Uncataloged\Fantastic Voyage_40befd3f,180.07,PROMOTABLE_TO_CANONICAL,Tier 2: Leaf Folder Match,This Is Your Captain Speaking,"Gavin MacLeod, Mark Dagostino",B00G044FC4,Isaac Asimov_dup_4263
F01 - Foundation_31dd1d90,_Uncataloged\F01 - Foundation_31dd1d90,169.31,PROMOTABLE_TO_CANONICAL,Tier 2: Leaf Folder Match,Segunda Fundación [Second Foundation],"Isaac Asimov, Pilar Giralt Gorina - translator",B0BV7MGYFH,Foundation [Spanish Edition] #5
Book 3 - Second Foundation_8aeee9ec,_Uncataloged\Book 3 - Second Foundation_8aeee9ec,205.1,PROMOTABLE_TO_CANONICAL,Tier 2: Leaf Folder Match,Fundación [Foundation],"Isaac Asimov, Pilar Giralt Gorina - translator",B0BTV3BQDY,Foundation [Spanish Edition] #3
Asimov - R. Daneel Olivaw - Book 01 - Caves Of Steel_2fe3229d,_Uncataloged\Asimov - R. Daneel Olivaw - Book 01 - Caves Of Steel_2fe3229d,213.25,PROMOTABLE_TO_CANONICAL,Tier 2: Leaf Folder Match,The Caves of Steel Disc 1,Isaac Asimov,,Isaac Asimov_dup_4263 #1
Azazel_2e3f5330,_Uncataloged\Azazel_2e3f5330,164.86,PROMOTABLE_TO_CANONICAL,Tier 2: Leaf Folder Match,The Book of Azazel,E.A. Koetting,B0F5KR326Y,Isaac Asimov_dup_4263
Book 3 - Second Foundation_3e108c16,_Uncataloged\Book 3 - Second Foundation_3e108c16,102.99,PROMOTABLE_TO_CANONICAL,Tier 2: Leaf Folder Match,Fundación [Foundation],"Isaac Asimov, Pilar Giralt Gorina - translator",B0BTV3BQDY,Foundation [Spanish Edition] #3
The Greeks_def79643,_Uncataloged\The Greeks_def79643,285.18,PROMOTABLE_TO_CANONICAL,Tier 2: Leaf Folder Match,Odyssey,Stephen Fry,B0F38S8J8S,Mythos #4
Robots & Empire_be91aac1,_Uncataloged\Robots & Empire_be91aac1,396.79,PROMOTABLE_TO_CANONICAL,Tier 2: Leaf Folder Match,Robots e Imperio [Robots and Empire],"Isaac Asimov, Rosa Sánchez de Naveira - translator",B0BXFNTYWZ,Serie de los robots [Robot Series] #5
Fantastic Voyage_3ebd89fc,_Uncataloged\Fantastic Voyage_3ebd89fc,180.07,PROMOTABLE_TO_CANONICAL,Tier 2: Leaf Folder Match,This Is Your Captain Speaking,"Gavin MacLeod, Mark Dagostino",B00G044FC4,Isaac Asimov_dup_4263
F01 - Foundation_209b3f96,_Uncataloged\F01 - Foundation_209b3f96,169.31,PROMOTABLE_TO_CANONICAL,Tier 2: Leaf Folder Match,Segunda Fundación [Second Foundation],"Isaac Asimov, Pilar Giralt Gorina - translator",B0BV7MGYFH,Foundation [Spanish Edition] #5
Azazel_d1ae8164,_Uncataloged\Azazel_d1ae8164,164.86,PROMOTABLE_TO_CANONICAL,Tier 2: Leaf Folder Match,The Book of Azazel,E.A. Koetting,B0F5KR326Y,Isaac Asimov_dup_4263
Book 3 - Second Foundation_55fab0d2,_Uncataloged\Book 3 - Second Foundation_55fab0d2,205.1,PROMOTABLE_TO_CANONICAL,Tier 2: Leaf Folder Match,Fundación [Foundation],"Isaac Asimov, Pilar Giralt Gorina - translator",B0BTV3BQDY,Foundation [Spanish Edition] #3
Asimov - R. Daneel Olivaw - Book 01 - Caves Of Steel_9dfc2989,_Uncataloged\Asimov - R. Daneel Olivaw - Book 01 - Caves Of Steel_9dfc2989,213.25,PROMOTABLE_TO_CANONICAL,Tier 2: Leaf Folder Match,The Caves of Steel Disc 1,Isaac Asimov,,Isaac Asimov_dup_4263 #1
Book 3 - Second Foundation_4b7aa93a,_Uncataloged\Book 3 - Second Foundation_4b7aa93a,102.99,PROMOTABLE_TO_CANONICAL,Tier 2: Leaf Folder Match,Fundación [Foundation],"Isaac Asimov, Pilar Giralt Gorina - translator",B0BTV3BQDY,Foundation [Spanish Edition] #3
Dreams_852cab25,_Uncataloged\Dreams_852cab25,771.67,PROMOTABLE_TO_CANONICAL,Tier 2: Leaf Folder Match,Dr. Strange - The Fate of Dreams,GraphicAudio,,GA - Doctor Strange - The Fate of Dreams
Stephen Fry - Paperweight Vol 1_b20038ff,_Uncataloged\Stephen Fry - Paperweight Vol 1_b20038ff,157.33,PROMOTABLE_TO_CANONICAL,Tier 2: Leaf Folder Match,Paperweight Volume 1,Stephen Fry,,Stephen Fry - Paperweight
Stephen Fry - Paperweight Vol 2_23eca3f8,_Uncataloged\Stephen Fry - Paperweight Vol 2_23eca3f8,162.79,PROMOTABLE_TO_CANONICAL,Tier 2: Leaf Folder Match,Paperweight Volume 2,Stephen Fry,,Stephen Fry - Paperweight
33 Hero_2d551911,_Uncataloged\33 Hero_2d551911,267.49,PROMOTABLE_TO_CANONICAL,Tier 2: Leaf Folder Match,Hero,R. A. Salvatore,B01KIQRTKO,"Legend of Drizzt #33, Legend of Drizzt: Homecoming #3"
28 Night Of The Hunter_c8aca45a,_Uncataloged\28 Night Of The Hunter_c8aca45a,322.31,PROMOTABLE_TO_CANONICAL,Tier 2: Leaf Folder Match,Soul Hunter,Aaron Dembski-Bowden,1789994241,Night Lords #1
13 Sea Of Swords_0ec1a805,_Uncataloged\13 Sea Of Swords_0ec1a805,250.23,PROMOTABLE_TO_CANONICAL,Tier 2: Leaf Folder Match,"Sea of Swords: Legend of Drizzt: Paths of Darkness, Book 3",R. A. Salvatore,B00HNF85YI,Legend of Drizzt #13
12 The Spine Of The World_aa5e6c4d,_Uncataloged\12 The Spine Of The World_aa5e6c4d,259.51,PROMOTABLE_TO_CANONICAL,Tier 2: Leaf Folder Match,"The Spine of the World: Legend of Drizzt: Paths of Darkness, Book 2",R. A. Salvatore,B00HFW9SUE,Legend of Drizzt #12
02 Exile_8d0bae99,_Uncataloged\02 Exile_8d0bae99,210.58,PROMOTABLE_TO_CANONICAL,Tier 2: Leaf Folder Match,Exile,R. A. Salvatore,B00BWSI8A8,Legend of Drizzt #2
Good Omens_fd2fec31,_Uncataloged\Good Omens_fd2fec31,193.67,PROMOTABLE_TO_CANONICAL,Tier 2: Leaf Folder Match,De bons présages,"Neil Gaiman, Terry Pratchett",B08FRLNR8H,Terry Pratchett
Book 34 - Thud_d06d38c3,_Uncataloged\Book 34 - Thud_d06d38c3,578.06,PROMOTABLE_TO_CANONICAL,Tier 2: Leaf Folder Match,thud-1,Thud,,Terry Pratchett #34
Book 21 - Jingo,_Uncataloged\Book 21 - Jingo,506.79,PROMOTABLE_TO_CANONICAL,Tier 2: Leaf Folder Match,Jingo,Terry Pratchett,B09M8YBLKH,"Discworld #21, Discworld: Ankh-Morpork City Watch #4"
Book 22 - The Last Continent_23917eae,_Uncataloged\Book 22 - The Last Continent_23917eae,200.26,PROMOTABLE_TO_CANONICAL,Tier 2: Leaf Folder Match,The Last Great Ape,"Ofir Drori, David McDannald",B00COA8P6U,Terry Pratchett #22
Book 18 - Maskerade_b50c0ace,_Uncataloged\Book 18 - Maskerade_b50c0ace,243.64,PROMOTABLE_TO_CANONICAL,Tier 2: Leaf Folder Match,01-16 Maskerade,Terry Pratchett,,Terry Pratchett #18
Book 01 - The Colour of Magic_9a6df799,_Uncataloged\Book 01 - The Colour of Magic_9a6df799,284.57,PROMOTABLE_TO_CANONICAL,Tier 2: Leaf Folder Match,The Colour of Magic Disc 01,Terry Pratchett,,Terry Pratchett #1
Book 09 - Eric,_Uncataloged\Book 09 - Eric,151.87,PROMOTABLE_TO_CANONICAL,Tier 2: Leaf Folder Match,Eric,Terry Pratchett,B09LZ43BCX,"Discworld #9, Discworld: Rincewind #4"
Book 17 - Interesting Times_952cfdd3,_Uncataloged\Book 17 - Interesting Times_952cfdd3,407.93,PROMOTABLE_TO_CANONICAL,Tier 2: Leaf Folder Match,Interesting Times CD01,Terry Pratchett,,Disc World 17
Book 04 - Mort_93622cbd,_Uncataloged\Book 04 - Mort_93622cbd,297.41,PROMOTABLE_TO_CANONICAL,Tier 2: Leaf Folder Match,Mort CD01,Terry Pratchett,,Terry Pratchett #4
art_of_war_librivox_64kb_mp3_2e49fc96,_Uncataloged\art_of_war_librivox_64kb_mp3_2e49fc96,29.88,PROMOTABLE_TO_CANONICAL,Tier 2: Leaf Folder Match,The Art of War,Sun Tzu,B00URXOQ1E,art_of_war_librivox_64kb_mp3
02 Exile_53d4f885,_Uncataloged\02 Exile_53d4f885,154.57,PROMOTABLE_TO_CANONICAL,Tier 2: Leaf Folder Match,Exile,R. A. Salvatore,B00BWSI8A8,Legend of Drizzt #2
dorian_gray_librivox_64kb_mp3_c3aebd28,_Uncataloged\dorian_gray_librivox_64kb_mp3_c3aebd28,170.74,PROMOTABLE_TO_CANONICAL,Tier 2: Leaf Folder Match,The Uncensored Picture of Dorian Gray,"Oscar Wilde, Nicholas Frankel - editor",1666126063,dorian_gray_librivox_64kb_mp3
Orson Scott Card - Wyrms,_Uncataloged\Orson Scott Card - Wyrms,263.78,PROMOTABLE_TO_CANONICAL,Tier 2: Leaf Folder Match,Wyrms,Orson Scott Card,B002V8MNZE,Orson Scott Card Audiobook Collection @ Fenopy.com
Orson Scott Card - Stone Tables_2091d0fb,_Uncataloged\Orson Scott Card - Stone Tables_2091d0fb,352.61,PROMOTABLE_TO_CANONICAL,Tier 2: Leaf Folder Match,Stone Tables,Orson Scott Card,B07G2MJML4,Orson Scott Card Audiobook Collection @ Fenopy.com
Orson Scott Card - WOG - Rebekah_d49e3dd7,_Uncataloged\Orson Scott Card - WOG - Rebekah_d49e3dd7,153.16,PROMOTABLE_TO_CANONICAL,Tier 2: Leaf Folder Match,Women oif Genesis Vol 2 - Rebekah,Orson Scott Card,,Orson Scott Card Audiobook Collection @ Fenopy.com
Orson Scott Card - WOG - Sarah,_Uncataloged\Orson Scott Card - WOG - Sarah,266.41,PROMOTABLE_TO_CANONICAL,Tier 2: Leaf Folder Match,Sarah,Orson Scott Card,B07CQ87772,Orson Scott Card Audiobook Collection @ Fenopy.com
Orson Scott Card - Eye for Eye_3a2e283b,_Uncataloged\Orson Scott Card - Eye for Eye_3a2e283b,67.72,PROMOTABLE_TO_CANONICAL,Tier 2: Leaf Folder Match,Eye For Eye <Unabr Short Story,Orson Scott Card,,Orson Scott Card Audiobook Collection @ Fenopy.com
Origins - Neil deGrasse Tyson - Audiobook - Unabridged mp3,_Uncataloged\Neil Degrasse Tyson_808136c7\Origins - Neil deGrasse Tyson - Audiobook - Unabridged mp3,240.77,PROMOTABLE_TO_CANONICAL,Tier 2: Leaf Folder Match,"Origins, Revised and Updated","Neil deGrasse Tyson, Donald Goldsmith",B0B2KRTN5Z,Neil Degrasse Tyson
Jurassic Park Audiobooks_229e9eee,_Uncataloged\Jurassic Park Audiobooks_229e9eee,395.83,PROMOTABLE_TO_CANONICAL,Tier 2: Leaf Folder Match,The Lost World: A Novel,Michael Crichton,B002V0KOHG,Jurassic Park #2
huck_finn_librivox_64kb_mp3_bf302b52,_Uncataloged\huck_finn_librivox_64kb_mp3_bf302b52,294.57,PROMOTABLE_TO_CANONICAL,Tier 2: Leaf Folder Match,The Adventures of Huckleberry Finn (AmazonClassics Edition),Mark Twain,B071ZQRNG4,Twain's Tom and Huck #2
mark-twain-connecticut-yankee-librivox_bef16511,_Uncataloged\mark-twain-connecticut-yankee-librivox_bef16511,376.79,PROMOTABLE_TO_CANONICAL,Tier 2: Leaf Folder Match,a_connecticut_yankee_in_king_arthurs_court,Twain_m,,mark-twain-connecticut-yankee-librivox
Marion Zimmer Bradley - The Mists of Avalon Unabridged Audiobook_1fc8f2fc,_Uncataloged\Marion Zimmer Bradley - The Mists of Avalon Unabridged Audiobook_1fc8f2fc,1309.99,PROMOTABLE_TO_CANONICAL,Tier 2: Leaf Folder Match,101 Marion Zimmer Bradley - Mi,Marion Zimmer Bradley,,Marion Zimmer Bradley Audiobook collection 1 - 4
Marion Zimmer Bradley - Priestess Of Avalon Unabridged Audiobook_76339b72,_Uncataloged\Marion Zimmer Bradley - Priestess Of Avalon Unabridged Audiobook_76339b72,401.92,PROMOTABLE_TO_CANONICAL,Tier 2: Leaf Folder Match,01 Marion Zimmer Bradley - Pri,Marion Zimmer Bradley,,Marion Zimmer Bradley Audiobook collection 1 - 4
Marion Zimmer Bradley - Lady Of Avalon Unabridged Audiobook_627a1553,_Uncataloged\Marion Zimmer Bradley - Lady Of Avalon Unabridged Audiobook_627a1553,514.97,PROMOTABLE_TO_CANONICAL,Tier 2: Leaf Folder Match,01 Marion Zimmer Bradley - Lad,Marion Zimmer Bradley,,Marion Zimmer Bradley Audiobook collection 1 - 4
The Godfather_00e3cf39,_Uncataloged\The Godfather_00e3cf39,406.78,PROMOTABLE_TO_CANONICAL,Tier 2: Leaf Folder Match,Mafia – The Godfather (Danish Edition),"Mario Puzo, Mogens Boisen - translator",B0FNRRW6N2,The Godfather
Audiobook - Lewis Caroll - Alices Adventures in Wonderland [Librivox]_7a544d2f,_Uncataloged\Audiobook - Lewis Caroll - Alices Adventures in Wonderland [Librivox]_7a544d2f,82.12,PROMOTABLE_TO_CANONICAL,Tier 2: Leaf Folder Match,Alice in Wonderland,Lewis Carroll,B0GF4H88SB,Alice in Wonderland #1
Peter shadow thieves_c8e41d9b,_Uncataloged\Peter shadow thieves_c8e41d9b,370.23,PROMOTABLE_TO_CANONICAL,Tier 2: Leaf Folder Match,Peter & The Shadow Thieves,"Dave Barry, Ridley Pearson",,Peter Pan
Peter Pan_138f3c6f,_Uncataloged\Peter Pan_138f3c6f,167.3,PROMOTABLE_TO_CANONICAL,Tier 2: Leaf Folder Match,Peter and Wendy (AmazonClassics Edition),J. M. Barrie,B078X1NX28,Peter Pan #3
Peter starcatchers_bf57fb1b,_Uncataloged\Peter starcatchers_bf57fb1b,429.1,PROMOTABLE_TO_CANONICAL,Tier 2: Leaf Folder Match,Peter and the Starcatchers,"Dave Barry, Ridley Pearson",B002V1NGN4,Peter and the Starcatchers #1
03 - The Far Shore of Time_dbb59931,_Uncataloged\03 - The Far Shore of Time_dbb59931,117.45,PROMOTABLE_TO_CANONICAL,Tier 2: Leaf Folder Match,Eschaton 03 - The Far Shore of Time,Frederik Pohl,,Frederik Pohl - Eschaton 1 - 3 #3
02 - The Siege of Eternity_7ff2fdb8,_Uncataloged\02 - The Siege of Eternity_7ff2fdb8,130.29,PROMOTABLE_TO_CANONICAL,Tier 2: Leaf Folder Match,Eschaton 02 - The Siege of Eternity,Frederik Pohl,,Frederik Pohl - Eschaton 1 - 3 #2
01 - The Other End of Time_d8a26f9b,_Uncataloged\01 - The Other End of Time_d8a26f9b,324.5,PROMOTABLE_TO_CANONICAL,Tier 2: Leaf Folder Match,Apocalypse Rising,Timothy Dailey Ph.D.,B01JJT10B0,Frederik Pohl - Eschaton 1 - 3 #1
Brian Herbert & Kevin J. Anderson - Dune Prequels 3 House Corrino_22e5705c,_Uncataloged\Brian Herbert & Kevin J. Anderson - Dune Prequels 3 House Corrino_22e5705c,466.46,PROMOTABLE_TO_CANONICAL,Tier 2: Leaf Folder Match,Dune Prequel 3 House Corrino,Brian Herbert,,Complete Dune
Brian Herbert & Kevin J. Anderson - Dune Prequels 1 House Atreides_1aa5d9f2,_Uncataloged\Brian Herbert & Kevin J. Anderson - Dune Prequels 1 House Atreides_1aa5d9f2,511.33,PROMOTABLE_TO_CANONICAL,Tier 2: Leaf Folder Match,Dune Prequel 1 House Atreides,Bran Herbert,,Complete Dune
Wonder Woman - MYTHOS_c74f418e,_Uncataloged\Wonder Woman - MYTHOS_c74f418e,455.61,PROMOTABLE_TO_CANONICAL,Tier 2: Leaf Folder Match,DC Comics - Wonder Woman: Mythos,Carol Lay,,DC Comics - GraphicAudio Collection
Wayne of Gotham_edeedaca,_Uncataloged\Wayne of Gotham_edeedaca,505.97,PROMOTABLE_TO_CANONICAL,Tier 2: Leaf Folder Match,DC Comics - Wayne of Gotham,Tracy Hickman,,DC Comics - GraphicAudio Collection
Brian Herbert & Kevin J. Anderson - Dune Prequels 2 House Harkonnen_66a56f3b,_Uncataloged\Brian Herbert & Kevin J. Anderson - Dune Prequels 2 House Harkonnen_66a56f3b,529.78,PROMOTABLE_TO_CANONICAL,Tier 2: Leaf Folder Match,Dune Prequel 2 House Harkonnaen,Brian Herbert,,Complete Dune
The Sandman - Neil Gaiman_ad0eafb2,_Uncataloged\The Sandman - Neil Gaiman_ad0eafb2,595.78,PROMOTABLE_TO_CANONICAL,Tier 2: Leaf Folder Match,The Sandman (French Edition),"Neil Gaiman, Dirk Maggs",B08M4D78NL,The Sandman (French Edition) #1
Green Lantern - Hero's Quest (2005),_Uncataloged\Green Lantern - Hero's Quest (2005),577.15,PROMOTABLE_TO_CANONICAL,Tier 2: Leaf Folder Match,DC Comics - Green Lantern: Hero's Quest,Dennis O'Nell,,DC Comics - GraphicAudio Collection
DC Universe - Last Sons_6afe3ccf,_Uncataloged\DC Universe - Last Sons_6afe3ccf,596.9,PROMOTABLE_TO_CANONICAL,Tier 2: Leaf Folder Match,DC Comics - DC Universe: Last Sons,Alan Grant,,DC Comics - GraphicAudio Collection
DC Universe - Trail of Time_737deb93,_Uncataloged\DC Universe - Trail of Time_737deb93,452.87,PROMOTABLE_TO_CANONICAL,Tier 2: Leaf Folder Match,DC Comics - DC Universe: Trail of Time,Jeff Mariotte,,DC Comics - GraphicAudio Collection
CRISIS 4 Final Crisis_d9466de8,_Uncataloged\CRISIS 4 Final Crisis_d9466de8,635.6,PROMOTABLE_TO_CANONICAL,Tier 2: Leaf Folder Match,Closing Prayers,Randy Maxwell,B0CJH1LRKX,DC Comics - GraphicAudio Collection
Batman - The Stone King_c6f09e41,_Uncataloged\Batman - The Stone King_c6f09e41,855.45,PROMOTABLE_TO_CANONICAL,Tier 2: Leaf Folder Match,Batman: Resurrection,John Jackson Miller,B0CZBSZRP5,Batman #1
Countdown (2009)_24e7257b,_Uncataloged\Countdown (2009)_24e7257b,631.28,PROMOTABLE_TO_CANONICAL,Tier 2: Leaf Folder Match,DC Comics - Countdown,Greg Cox,,DC Comics - GraphicAudio Collection
CRISIS 1 Crisis on Infinite Earths (2005)_99bf1caf,_Uncataloged\CRISIS 1 Crisis on Infinite Earths (2005)_99bf1caf,560.59,PROMOTABLE_TO_CANONICAL,Tier 2: Leaf Folder Match,DC Comics - Crisis on Infinite Earths,Marv Wolfman,,DC Comics - GraphicAudio Collection
CRISIS 2 Infinite Crisis (2006)_41779344,_Uncataloged\CRISIS 2 Infinite Crisis (2006)_41779344,1062.38,PROMOTABLE_TO_CANONICAL,Tier 2: Leaf Folder Match,DC Comics - Infinite Crisis,Greg Cox,,DC Comics - GraphicAudio Collection
CRISIS 3 52 - Crisis (2007)_d8e6a02c,_Uncataloged\CRISIS 3 52 - Crisis (2007)_d8e6a02c,672.99,PROMOTABLE_TO_CANONICAL,Tier 2: Leaf Folder Match,DC Comics - 52,Greg Cox,,DC Comics - GraphicAudio Collection
Batman - No Man's Land_c685b653,_Uncataloged\Batman - No Man's Land_c685b653,903.93,PROMOTABLE_TO_CANONICAL,Tier 2: Leaf Folder Match,DC Comics - Batman: No Man's Land,Greg Rucka,,DC Comics - GraphicAudio Collection
Batman - Inferno_e51cf924,_Uncataloged\Batman - Inferno_e51cf924,597.76,PROMOTABLE_TO_CANONICAL,Tier 2: Leaf Folder Match,DC Comics - Batman: Inferno,Alex Irvine,,DC Comics - GraphicAudio Collection
Batman - Dead White 2006_acba87ac,_Uncataloged\Batman - Dead White 2006_acba87ac,559.06,PROMOTABLE_TO_CANONICAL,Tier 2: Leaf Folder Match,DC Comics - Batman: Dead White,John Shirley,,DC Comics - GraphicAudio Collection
Dan Brown Angels & Demons Disk6_b5d1574e,_Uncataloged\Dan Brown Angels & Demons Disk6_b5d1574e,58.4,PROMOTABLE_TO_CANONICAL,Tier 2: Leaf Folder Match,Angels & Demons Disc 6,Dan Brown Disk6,,Dan Brown - Angels & Demons (128 Kbps)
Dan Brown Angels & Demons Disk4_e010e395,_Uncataloged\Dan Brown Angels & Demons Disk4_e010e395,65.32,PROMOTABLE_TO_CANONICAL,Tier 2: Leaf Folder Match,Angels & Demons Disc 4,Dan Brown,,Dan Brown - Angels & Demons (128 Kbps)
Dan Brown Angels & Demons Disk5_fd504bda,_Uncataloged\Dan Brown Angels & Demons Disk5_fd504bda,65.51,PROMOTABLE_TO_CANONICAL,Tier 2: Leaf Folder Match,Angels & Demons Disc 5,Dan Brown,,Dan Brown - Angels & Demons (128 Kbps)
Dan Brown Angels & Demons Disk3_29f31fdc,_Uncataloged\Dan Brown Angels & Demons Disk3_29f31fdc,61.68,PROMOTABLE_TO_CANONICAL,Tier 2: Leaf Folder Match,Angels & Demons Disc 3,Dan Brown,,Dan Brown - Angels & Demons (128 Kbps)
Dan Brown Angels & Demons Disk2_23ec87a3,_Uncataloged\Dan Brown Angels & Demons Disk2_23ec87a3,66.45,PROMOTABLE_TO_CANONICAL,Tier 2: Leaf Folder Match,Angels & Demons Disc 2,Dan Brown,,Dan Brown - Angels & Demons (128 Kbps)
Craig Johnson- Junkyard Dogs- George G. (U) MP3_9ea381bf,_Uncataloged\Craig Johnson- Junkyard Dogs- George G. (U) MP3_9ea381bf,207.62,PROMOTABLE_TO_CANONICAL,Tier 2: Leaf Folder Match,JunkyardDogsUnabridged Part 01 of 10,Longmire,,Longmire
AudioBook - Dickens - Tale of Two Cities_5c599dbb,_Uncataloged\AudioBook - Dickens - Tale of Two Cities_5c599dbb,41.22,PROMOTABLE_TO_CANONICAL,Tier 2: Leaf Folder Match,Hunted Down,Charles Dickens,B0GL3GFBDP,AudioBook - Dickens - Tale of Two Cities
(Audio Book) Bernard Cornwell - Grail Quest 1 - Harlequin (Unabridged)_6e9fb4b2,_Uncataloged\(Audio Book) Bernard Cornwell - Grail Quest 1 - Harlequin (Unabridged)_6e9fb4b2,532.62,PROMOTABLE_TO_CANONICAL,Tier 2: Leaf Folder Match,King's Enemy,Ian Ross,B0D4BGBL1P,de Norton trilogy #3
clockwork orange audiobook_39dedca9,_Uncataloged\clockwork orange audiobook_39dedca9,79.31,PROMOTABLE_TO_CANONICAL,Tier 2: Leaf Folder Match,(Anthony Burgess),A Clockwork Orange,,clockwork orange audiobook
Dragonsong_bf879cb6,_Uncataloged\Dragonsong_bf879cb6,198.04,PROMOTABLE_TO_CANONICAL,Tier 2: Leaf Folder Match,"Dragonsong: Harper Hall Trilogy, Volume 1",Anne McCaffrey,B002V57VYA,"Harper Hall of Pern #1, Pern Novels [publication order] #3"
Stephen King - Dark Tower 7 - The Dark Tower_f0510a9f,_Uncataloged\Stephen King - Dark Tower 7 - The Dark Tower_f0510a9f,796.73,PROMOTABLE_TO_CANONICAL,Tier 2: Leaf Folder Match,La Torre Oscura [The Dark Tower VII],"Stephen King, Verónica Canales Medina - translator",B0BXBL51K5,La Torre Oscura [The Dark Tower] #7
Stephen King - Dark Tower 2 - Drawing of the three_07ab7001,_Uncataloged\Stephen King - Dark Tower 2 - Drawing of the three_07ab7001,349.01,PROMOTABLE_TO_CANONICAL,Tier 2: Leaf Folder Match,Dark Tower II,Stephen King,B019NNTLBS,The Dark Tower #2
Stephen King - Dark Tower 3 - The waist Lands_57116fac,_Uncataloged\Stephen King - Dark Tower 3 - The waist Lands_57116fac,500.55,PROMOTABLE_TO_CANONICAL,Tier 2: Leaf Folder Match,Dark Tower III,Stephen King,B019NNT1G8,The Dark Tower #3
Stephen King - Dark Tower 4 - Wizard and Glass_1f45d997,_Uncataloged\Stephen King - Dark Tower 4 - Wizard and Glass_1f45d997,759.93,PROMOTABLE_TO_CANONICAL,Tier 2: Leaf Folder Match,Dark Tower IV,Stephen King,B019NNX0G0,The Dark Tower #4
Stephen King - Dark Tower 3 - The waist Lands_8b81cf9b,_Uncataloged\Stephen King - Dark Tower 3 - The waist Lands_8b81cf9b,478.62,PROMOTABLE_TO_CANONICAL,Tier 2: Leaf Folder Match,Dark Tower III,Stephen King,B019NNT1G8,The Dark Tower #3
Stephen King - Dark Tower 1 - The Gunslinger - Revised Edition_8f31fc7e,_Uncataloged\Stephen King - Dark Tower 1 - The Gunslinger - Revised Edition_8f31fc7e,202.19,PROMOTABLE_TO_CANONICAL,Tier 2: Leaf Folder Match,Dark Tower I,Stephen King,B019NNU7XE,The Dark Tower #1
Stephen King - Dark Tower 2 - Drawing of the three_f5d1efae,_Uncataloged\Stephen King - Dark Tower 2 - Drawing of the three_f5d1efae,349.28,PROMOTABLE_TO_CANONICAL,Tier 2: Leaf Folder Match,Dark Tower II,Stephen King,B019NNTLBS,The Dark Tower #2
Stephen King - Dark Tower 4 - Wizard and Glass_8a92f5b0,_Uncataloged\Stephen King - Dark Tower 4 - Wizard and Glass_8a92f5b0,759.77,PROMOTABLE_TO_CANONICAL,Tier 2: Leaf Folder Match,Dark Tower IV,Stephen King,B019NNX0G0,The Dark Tower #4
Stephen Fry_1b6d0f84,_Uncataloged\Stephen Fry_1b6d0f84,4181.06,PROMOTABLE_TO_CANONICAL,Tier 2: Leaf Folder Match,Heroes,Stephen Fry,1797204211,Mythos #2
Superman_Batman_Spiderman Audio productions,_Uncataloged\Superman_Batman_Spiderman Audio productions,209.32,PROMOTABLE_TO_CANONICAL,Tier 2: Leaf Folder Match,Lazarus/Blues Project,The Blues Project,,Superman_Batman_Spiderman Audio productions
TVC04 - Tale of the Body Thief_183e93d9,_Uncataloged\TVC04 - Tale of the Body Thief_183e93d9,804.39,PROMOTABLE_TO_CANONICAL,Tier 2: Leaf Folder Match,The Tale of the Body Thief,Anne Rice,B011DDW4S8,The Vampire Chronicles #4
The Vampire Lestat Disc 20,_Uncataloged\TVC02 - The Vampire Lestat\The Vampire Lestat Disc 20,44.16,PROMOTABLE_TO_CANONICAL,Tier 2: Leaf Folder Match,Blood Communion,Anne Rice,B07DHSYSWP,The Vampire Chronicles #13
[01] The Farseer_3dde295a,_Uncataloged\[01] The Farseer_3dde295a,469.36,PROMOTABLE_TO_CANONICAL,Tier 4: Prefix Match,The Farseer: Assassin's Apprentice,Robin Hobb,B003AO3P5A,"Realms of the Elderlings #1, Farseer Trilogy #1"
[01] The Farseer_deab21ff,_Uncataloged\[01] The Farseer_deab21ff,27.12,PROMOTABLE_TO_CANONICAL,Tier 4: Prefix Match,The Farseer: Assassin's Apprentice,Robin Hobb,B003AO3P5A,"Realms of the Elderlings #1, Farseer Trilogy #1"
[01-] Steamborn_31cd583a,_Uncataloged\[01-] Steamborn_31cd583a,0.66,PROMOTABLE_TO_CANONICAL,Tier 2: Leaf Folder Match,Steamborn: The Complete Trilogy Box Set,Eric Asher,B0764H1QWG,Steamborn Series #1
Star Wars_883dbc84,_Uncataloged\Star Wars_883dbc84,15.38,PROMOTABLE_TO_CANONICAL,Tier 2: Leaf Folder Match,Star Wars Storybook Collection,Disney Lucasfilm Press,B0FK1CKLQR,Star Wars
[01-] Disgardium Series_13afd389,_Uncataloged\[01-] Disgardium Series_13afd389,42.41,PROMOTABLE_TO_CANONICAL,Tier 2: Leaf Folder Match,"Disgardium Series # , Disgardium Series Boxed Set","Dan Sugralinov, Andrew Schmitt - translated by, Alix Merlin Williamson - translated by",B09GHBG5XP,Disgardium #1
[09] Dead and Gone_09e4bdbf,_Uncataloged\[09] Dead and Gone_09e4bdbf,28.18,PROMOTABLE_TO_CANONICAL,Tier 4: Prefix Match,Dead and Gone: Sookie Stackhouse Southern Vampire Mystery #9,Charlaine Harris,B002VA3R5C,Sookie Stackhouse #9
[03] Beware of Chicken 3_191bfce9,_Uncataloged\[03] Beware of Chicken 3_191bfce9,112.99,PROMOTABLE_TO_CANONICAL,Tier 2: Leaf Folder Match,Beware of Chicken 3: A Xianxia Cultivation Novel,Casualfarmer,B0C8ZN7RYP,Beware of Chicken #3
[01] Beware of Chicken_713f0345,_Uncataloged\[01] Beware of Chicken_713f0345,42.59,PROMOTABLE_TO_CANONICAL,Tier 2: Leaf Folder Match,Beware of Chicken: A Xianxia Cultivation Novel,Casualfarmer,B09Y2D2D5T,Beware of Chicken #1
"[01] Oh, Great_e103e02f","_Uncataloged\[01] Oh, Great_e103e02f",27.96,PROMOTABLE_TO_CANONICAL,Tier 2: Leaf Folder Match,"Oh, Great! I Was Reincarnated as a Farmer",Benjamin Kerei,B09CRFXXW6,Unorthodox Farming #1
Book 1 - Eye of the World_bc964084,_Uncataloged\Book 1 - Eye of the World_bc964084,660.57,PROMOTABLE_TO_CANONICAL,Tier 2: Leaf Folder Match,The Eye of the World,Robert Jordan,B0036NHZ10,The Wheel of Time #1
11 Red Rabbit,_Uncataloged\11 Red Rabbit,119.51,PROMOTABLE_TO_CANONICAL,Tier 2: Leaf Folder Match,Red Rabbit [German Edition],Tom Clancy,B00TKML9EK,"Erweitertes Jack-Ryan-Universum (in Veröffentlichungsreihenfolge) #11, Jack Ryan (in chronologischer Reihenfolge) #3"
04 Clear & Present Danger_72162d72,_Uncataloged\04 Clear & Present Danger_72162d72,20.93,PROMOTABLE_TO_CANONICAL,Tier 2: Leaf Folder Match,Clear and Present Danger,Tom Clancy,B004EBZ2GI,"A Jack Ryan Novel (chronological order) #6, A Jack Ryan Novel (publication order) #4"
01 Hunt For Red October_f3ab72a3,_Uncataloged\01 Hunt For Red October_f3ab72a3,27.49,PROMOTABLE_TO_CANONICAL,Tier 2: Leaf Folder Match,The Hunt for Red October,Tom Clancy,B07D2HN6PP,"A Jack Ryan Novel (chronological order) #3, A Jack Ryan Novel (publication order) #1"
Orson Scott Card - Grinning Man (short story)_c001fcac,_Uncataloged\Orson Scott Card - Grinning Man (short story)_c001fcac,33.25,PROMOTABLE_TO_CANONICAL,Tier 2: Leaf Folder Match,The Grinning Man: Lucid Dreams,JM Steiner,B0FBNNVN27,Orson Scott Card - Alvin Maker AudioBooks
Streets of Lardeo_f41d30ab,_Uncataloged\Streets of Lardeo_f41d30ab,299.59,PROMOTABLE_TO_CANONICAL,Tier 2: Leaf Folder Match,Streets Of Laredo,Larry McMurtry,B0041HVOLC,Lonesome Dove Saga #4
Comanche Moon_fa7bec7e,_Uncataloged\Comanche Moon_fa7bec7e,244.94,PROMOTABLE_TO_CANONICAL,Tier 2: Leaf Folder Match,Commanche Moon,Larry McMurty,,Larry McMurtry
Crazy Horse_c6cd9ee2,_Uncataloged\Crazy Horse_c6cd9ee2,45.21,PROMOTABLE_TO_CANONICAL,Tier 2: Leaf Folder Match,Inspiring Stories for Horse-Crazy Kids,Cara Adria,B0G3BGB2VN,Larry McMurtry
"Herbert, Frank - [Dune4] - God Emperor of Dune_f882d876","_Uncataloged\Herbert, Frank - [Dune4] - God Emperor of Dune_f882d876",391.31,PROMOTABLE_TO_CANONICAL,Tier 2: Leaf Folder Match,L'Empereur-Dieu de Dune,"Frank Herbert, Michel Demuth",B07WZVFYS6,Dune #4
"Herbert, Frank - [Dune6] - Chapterhouse Dune_49024e52","_Uncataloged\Herbert, Frank - [Dune6] - Chapterhouse Dune_49024e52",196.29,PROMOTABLE_TO_CANONICAL,Tier 2: Leaf Folder Match,La Maison des mères,Frank Herbert,B0813XBV25,Dune #6
"Herbert, Frank - [Dune3] - Children Of Dune_8c9a3a80","_Uncataloged\Herbert, Frank - [Dune3] - Children Of Dune_8c9a3a80",193.52,PROMOTABLE_TO_CANONICAL,Tier 2: Leaf Folder Match,Les enfants de Dune,Frank Herbert,B07TCN3R72,Dune #3
"Herbert, Frank - [Dune1] - Dune_4538156c","_Uncataloged\Herbert, Frank - [Dune1] - Dune_4538156c",257.1,PROMOTABLE_TO_CANONICAL,Tier 2: Leaf Folder Match,Dune - Livre premier et livre second,"Frank Herbert, Michel Demuth - traducteur",B07Q376J4K,Dune #1.1
Torchwood - Hidden - iPod Audiobook,_Uncataloged\Torchwood - Hidden - iPod Audiobook,65.8,PROMOTABLE_TO_CANONICAL,Tier 2: Leaf Folder Match,Fables of the Silent Stars,Tristan Hammer,B0FNDZM1J7,Torchwood
The Dead Line_2f6de2fb,_Uncataloged\The Dead Line_2f6de2fb,55.62,PROMOTABLE_TO_CANONICAL,Tier 2: Leaf Folder Match,Torchwood: The Dead Line,Phil Ford,B002V014BQ,Torchwood
98-The Swarm War[Dark Nest Book 3]_fbe4c91c,_Uncataloged\98-The Swarm War[Dark Nest Book 3]_fbe4c91c,107.61,PROMOTABLE_TO_CANONICAL,Tier 2: Leaf Folder Match,Star Wars: Dark Nest III: The Swarm War,Troy Denning,B002V00XWC,Star Wars: The Dark Nest Trilogy - Legends (abridged) #3
97-The Unseen Queen[Dark Nest Book 2]_443c47b0,_Uncataloged\97-The Unseen Queen[Dark Nest Book 2]_443c47b0,107.86,PROMOTABLE_TO_CANONICAL,Tier 2: Leaf Folder Match,Star Wars: Dark Nest II: The Unseen Queen,Troy Denning,B002V8OBW2,Star Wars: The Dark Nest Trilogy - Legends (abridged) #2
96-The Joiner King[Dark Nest Book 1]_eb6a599c,_Uncataloged\96-The Joiner King[Dark Nest Book 1]_eb6a599c,87.19,PROMOTABLE_TO_CANONICAL,Tier 2: Leaf Folder Match,Star Wars: Dark Nest I: The Joiner King,Troy Denning,B002V0K1RO,Star Wars: The Dark Nest Trilogy - Legends (abridged) #1
94-The Final Prophecy[The New Jedi Order Book 18]_70591133,_Uncataloged\94-The Final Prophecy[The New Jedi Order Book 18]_70591133,317.03,PROMOTABLE_TO_CANONICAL,Tier 2: Leaf Folder Match,Star Wars: The New Jedi Order: Edge of Victory III: The Final Prophecy,Greg Keyes,B002V1JB0G,Star Wars: The New Jedi Order - Legends (abridged) #18
95-The Unifying Force[The New Jedi Order Book 19]_4e1346d8,_Uncataloged\95-The Unifying Force[The New Jedi Order Book 19]_4e1346d8,172.27,PROMOTABLE_TO_CANONICAL,Tier 2: Leaf Folder Match,Star Wars: The New Jedi Order: The Unifying Force,James Luceno,B002V0K1O2,Star Wars: The New Jedi Order - Legends (abridged) #19
93-Reunion[The New Jedi Order Book 17]_25dce77a,_Uncataloged\93-Reunion[The New Jedi Order Book 17]_25dce77a,125.36,PROMOTABLE_TO_CANONICAL,Tier 2: Leaf Folder Match,Star Wars: The New Jedi Order: Force Heretic III: Reunion,Sean Williams,B002V5BJA2,"Star Wars: The New Jedi Order - Legends (abridged) #17, Star Wars: The New Jedi Order: Force Heretic (abridged) #3"
89-Traitor[The New Jedi Order Book 13]_428ad031,_Uncataloged\89-Traitor[The New Jedi Order Book 13]_428ad031,78.25,PROMOTABLE_TO_CANONICAL,Tier 2: Leaf Folder Match,Star Wars: The New Jedi Order: Traitor,Matthew Stover,B002VACPHS,Star Wars: The New Jedi Order - Legends (abridged) #13
8-The Way of the Apprentice[Jedi Queset Book 1]_0cb2845d,_Uncataloged\8-The Way of the Apprentice[Jedi Queset Book 1]_0cb2845d,190.63,PROMOTABLE_TO_CANONICAL,Tier 2: Leaf Folder Match,Star Wars: Jedi Quest #1: The Way of the Apprentice,Jude Watson,B002V8HL06,"Star Wars: Legends, Jedi Quest (abridged) #1"
75-Vision Of The Future[The Thrawn Duologuy Book 2]_2b257cb8,_Uncataloged\75-Vision Of The Future[The Thrawn Duologuy Book 2]_2b257cb8,52.08,PROMOTABLE_TO_CANONICAL,Tier 2: Leaf Folder Match,Pawn,Timothy Zahn,B077JCF3L3,Chronicle of the Sibyl's War #1
79-Ruin[The New Jedi Order Book 3]_8083c025,_Uncataloged\79-Ruin[The New Jedi Order Book 3]_8083c025,98.32,PROMOTABLE_TO_CANONICAL,Tier 2: Leaf Folder Match,Star Wars: The New Jedi Order: Dark Tide 1: Onslaught,Michael A. Stackpole,B002V1JR6E,"Star Wars: The New Jedi Order - Legends (abridged) #2, Star Wars: The New Jedi Order: Dark Tide (abridged) #1"
83-Conquest[The New Jedi Order Book 7]_22fc697c,_Uncataloged\83-Conquest[The New Jedi Order Book 7]_22fc697c,77.22,PROMOTABLE_TO_CANONICAL,Tier 2: Leaf Folder Match,Star Wars: The New Jedi Order: Edge of Victory I: Conquest,Greg Keyes,B002VA90YE,"Star Wars: The New Jedi Order - Legends (abridged) #7, Star Wars: The New Jedi Order: Edge of Victory (abridged) #1"
84-Rebirth[The New Jedi Order Book 8]_0a53da52,_Uncataloged\84-Rebirth[The New Jedi Order Book 8]_0a53da52,76.51,PROMOTABLE_TO_CANONICAL,Tier 2: Leaf Folder Match,Star Wars: The New Jedi Order: Edge of Victory II: Rebirth,Greg Keyes,B002V8OE9C,"Star Wars: The New Jedi Order - Legends (abridged) #8, Star Wars: The New Jedi Order: Edge of Victory (abridged) #2"
7-Outbound Flight_2f26153d,_Uncataloged\7-Outbound Flight_2f26153d,109.0,PROMOTABLE_TO_CANONICAL,Tier 2: Leaf Folder Match,Star Wars: Outbound Flight,Timothy Zahn,B002V9Z7KG,Star Wars (Zahn)
69-Tyrant's Test[The Black Fleet Crisis Book 3]_98d1d283,_Uncataloged\69-Tyrant's Test[The Black Fleet Crisis Book 3]_98d1d283,53.74,PROMOTABLE_TO_CANONICAL,Tier 2: Leaf Folder Match,Star Wars: The Black Fleet Crisis: Tyrant's Test,Michael P. Kube-Mcdowell,B002V59WCE,Star Wars: The Black Fleet Crisis Trilogy - Legends (abridged) #3
72-Assault At Selonia[The Corellian Trilogy Book 2]_701fd3c2,_Uncataloged\72-Assault At Selonia[The Corellian Trilogy Book 2]_701fd3c2,52.54,PROMOTABLE_TO_CANONICAL,Tier 2: Leaf Folder Match,Star Wars: The Corellian Trilogy: Ambush at Corellia,Roger MacBride Allen,B002V015SI,Star Wars: The Corellian Trilogy - Legends (abridged) #1
70-New Rebellion_fc12565c,_Uncataloged\70-New Rebellion_fc12565c,64.54,PROMOTABLE_TO_CANONICAL,Tier 2: Leaf Folder Match,Star Wars: The New Rebellion,Kristine Kathryn Rusch,B002VA3F72,star warz bukz
66-The Crystal Star_8c66872e,_Uncataloged\66-The Crystal Star_8c66872e,43.42,PROMOTABLE_TO_CANONICAL,Tier 2: Leaf Folder Match,Star Wars: The Crystal Star,Vonda McIntyre,B002V1NXJ6,star warz bukz
67-Before The Storm[The Black Fleet Crisis Book 1]_50e7126c,_Uncataloged\67-Before The Storm[The Black Fleet Crisis Book 1]_50e7126c,54.28,PROMOTABLE_TO_CANONICAL,Tier 2: Leaf Folder Match,Star Wars: The Black Fleet Crisis: Before the Storm,Michael P. Kube-Mcdowell,B002V1NXKA,Star Wars: The Black Fleet Crisis Trilogy - Legends (abridged) #1
68-Shield Of Lies[The Black Fleet Crisis Book 2]_bf2aabb6,_Uncataloged\68-Shield Of Lies[The Black Fleet Crisis Book 2]_bf2aabb6,52.91,PROMOTABLE_TO_CANONICAL,Tier 2: Leaf Folder Match,Star Wars: The Black Fleet Crisis: Shield of Lies,Michael P. Kube-Mcdowell,B002V9YZUO,Star Wars: The Black Fleet Crisis Trilogy - Legends (abridged) #2
64-Planet of Twilight[Callista Trilogy Book 3]_75acb39e,_Uncataloged\64-Planet of Twilight[Callista Trilogy Book 3]_75acb39e,57.15,PROMOTABLE_TO_CANONICAL,Tier 2: Leaf Folder Match,Murder in the Trembling Lands,Barbara Hambly,B0F1HKSX9D,Benjamin January Historical Mysteries #21
63-Darksaber[Callista Trilogy Book 2]_a389b606,_Uncataloged\63-Darksaber[Callista Trilogy Book 2]_a389b606,58.57,PROMOTABLE_TO_CANONICAL,Tier 2: Leaf Folder Match,Paul of Dune,"Brian Herbert, Kevin J. Anderson",B002V5CO1A,"The Dune Sequence #10, DUNE: Heroes of Dune #1"
60-Champions Of The Force[The Jedi Academy Trilogy Book 3]_63a34646,_Uncataloged\60-Champions Of The Force[The Jedi Academy Trilogy Book 3]_63a34646,55.55,PROMOTABLE_TO_CANONICAL,Tier 2: Leaf Folder Match,Star Wars: The Jedi Academy: Champions of the Force,Kevin Anderson,B002V5H99W,Star Wars: Jedi Academy Trilogy - Legends (abridged) #3
59-Dark Apprentice[The Jedi Academy Trilogy Book 2]_8be0fcbe,_Uncataloged\59-Dark Apprentice[The Jedi Academy Trilogy Book 2]_8be0fcbe,51.67,PROMOTABLE_TO_CANONICAL,Tier 2: Leaf Folder Match,Star Wars: The Jedi Academy: Dark Apprentice,Kevin Anderson,B002V5J4YA,Star Wars: Jedi Academy Trilogy - Legends (abridged) #2
57-Crimson Empire_b7d8ac78,_Uncataloged\57-Crimson Empire_b7d8ac78,84.86,PROMOTABLE_TO_CANONICAL,Tier 2: Leaf Folder Match,Crimsom Empire,"Mike Richardson, Randy Stradley",,Star Wars
56-Empire's End[Dark Empire Book 3]_02c60cb9,_Uncataloged\56-Empire's End[Dark Empire Book 3]_02c60cb9,59.53,PROMOTABLE_TO_CANONICAL,Tier 2: Leaf Folder Match,United Reign,Kylie Kent,B0CGVQLJ3Z,Valentino Empire #3
50-Heir to the Empire[The Thrawn Trilogy Book 1]_0ddb3dba,_Uncataloged\50-Heir to the Empire[The Thrawn Trilogy Book 1]_0ddb3dba,326.37,PROMOTABLE_TO_CANONICAL,Tier 2: Leaf Folder Match,Star Wars: Heir to the Empire,Timothy Zahn,B005IHAT1A,"Star Wars: Legends, Star Wars: The Thrawn Trilogy - Legends #1"
5-Phantom Menace_22f9a67e,_Uncataloged\5-Phantom Menace_22f9a67e,273.33,PROMOTABLE_TO_CANONICAL,Tier 2: Leaf Folder Match,The Phantom Menace: Star Wars: Episode I,Terry Brooks,B002V0GBFK,Star Wars #12
53-Isard's Revenge[X-Wing Book 8]_5f23f3ce,_Uncataloged\53-Isard's Revenge[X-Wing Book 8]_5f23f3ce,52.51,PROMOTABLE_TO_CANONICAL,Tier 2: Leaf Folder Match,Star Wars: X-Wing: Isard's Revenge,Michael A. Stackpole,B002VA9F80,Star Wars: X-Wing - Legends (abridged) #8
52-The Last Command[The Thrawn Trilogy Book 3]_e6065c00,_Uncataloged\52-The Last Command[The Thrawn Trilogy Book 3]_e6065c00,382.39,PROMOTABLE_TO_CANONICAL,Tier 2: Leaf Folder Match,"Star Wars: The Thrawn Trilogy, Book 3: The Last Command",Timothy Zahn,B00893WAG2,"Star Wars: Legends, Star Wars: The Thrawn Trilogy - Legends #3"
51-Dark Force Rising[The Thrawn Trilogy Book 2]_951944bb,_Uncataloged\51-Dark Force Rising[The Thrawn Trilogy Book 2]_951944bb,357.61,PROMOTABLE_TO_CANONICAL,Tier 2: Leaf Folder Match,"Star Wars: Dark Force Rising: The Thrawn Trilogy, Book 2",Timothy Zahn,B00875DTH6,"Star Wars: Legends, Star Wars: The Thrawn Trilogy - Legends #2"
45-Iron Fist[X-Wing Book 6]_40bc2397,_Uncataloged\45-Iron Fist[X-Wing Book 6]_40bc2397,52.62,PROMOTABLE_TO_CANONICAL,Tier 2: Leaf Folder Match,Star Wars: X-Wing: Iron Fist,Aaron Allston,B002V015QK,Star Wars: X-Wing - Legends (abridged) #6
44-Wraith Squadron[X-Wing Book 5]_b7ad3a4a,_Uncataloged\44-Wraith Squadron[X-Wing Book 5]_b7ad3a4a,52.46,PROMOTABLE_TO_CANONICAL,Tier 2: Leaf Folder Match,Star Wars: X-Wing: Wraith Squadron,Aaron Allston,B002V1OHHI,Star Wars: X-Wing - Legends (abridged) #5
47-The Courtship Of Princess Leia'_ef93d18d,_Uncataloged\47-The Courtship Of Princess Leia'_ef93d18d,55.66,PROMOTABLE_TO_CANONICAL,Tier 2: Leaf Folder Match,Star Wars: The Courtship of Princess Leia,Dave Wolverton,B002V0QNO4,Star Wars
49-Tatooine Ghost_fd6fae71,_Uncataloged\49-Tatooine Ghost_fd6fae71,107.4,PROMOTABLE_TO_CANONICAL,Tier 2: Leaf Folder Match,Star Wars: Tatooine Ghost,Troy Denning,B002V1JFH0,Star Wars
46-Solo Command[X-Wing Book 7]_5c41eba5,_Uncataloged\46-Solo Command[X-Wing Book 7]_5c41eba5,51.93,PROMOTABLE_TO_CANONICAL,Tier 2: Leaf Folder Match,Star Wars: X-Wing: Solo Command,Aaron Allston,B002V0TFBW,Star Wars: X-Wing - Legends (abridged) #7
43-The Bacta War[X-Wing Book 4]_367ee9dd,_Uncataloged\43-The Bacta War[X-Wing Book 4]_367ee9dd,52.65,PROMOTABLE_TO_CANONICAL,Tier 2: Leaf Folder Match,Star Wars: X-Wing: The Bacta War,Michael A. Stackpole,B002V02OS8,Star Wars: X-Wing - Legends (abridged) #4
41-Wedge's Gamble[X-Wing Book 2]_0c52e192,_Uncataloged\41-Wedge's Gamble[X-Wing Book 2]_0c52e192,51.83,PROMOTABLE_TO_CANONICAL,Tier 2: Leaf Folder Match,Star Wars: X-Wing: Wedge's Gamble,Michael A. Stackpole,B002V0QNRG,Star Wars: X-Wing - Legends (abridged) #2
40-Rogue Squadron[X-Wing Book 1]_66d0ed52,_Uncataloged\40-Rogue Squadron[X-Wing Book 1]_66d0ed52,51.23,PROMOTABLE_TO_CANONICAL,Tier 2: Leaf Folder Match,Star Wars: X-Wing: Rogue Squadron,Michael A. Stackpole,B002V0TFKI,Star Wars: X-Wing - Legends (abridged) #1
38-Hard Merchandise[Bounty Hunter Wars Book 3]_e053bfcb,_Uncataloged\38-Hard Merchandise[Bounty Hunter Wars Book 3]_e053bfcb,53.36,PROMOTABLE_TO_CANONICAL,Tier 2: Leaf Folder Match,Star Wars: The Bounty Hunter Wars: Hard Merchandise,K. W. Jeter,B002V013DU,Star Wars: The Bounty Hunter Wars - Legends (abridged) #3
4-Shadow Hunter_6769d815,_Uncataloged\4-Shadow Hunter_6769d815,85.98,PROMOTABLE_TO_CANONICAL,Tier 2: Leaf Folder Match,Darth Maul - Shadow Hunter,Micheal Reeves,,Star Wars
39-The Truce At Bakura_74734baf,_Uncataloged\39-The Truce At Bakura_74734baf,57.75,PROMOTABLE_TO_CANONICAL,Tier 2: Leaf Folder Match,The Truce at Bakura: Star Wars,Kathy Tyers,B002V19VV0,Star Wars
42-The Krytos Trap[X-Wing Book 3]_5409ba24,_Uncataloged\42-The Krytos Trap[X-Wing Book 3]_5409ba24,51.73,PROMOTABLE_TO_CANONICAL,Tier 2: Leaf Folder Match,Star Wars: X-Wing: The Krytos Trap,Michael A. Stackpole,B002V02OTC,Star Wars: X-Wing - Legends (abridged) #3
33-Shadow Of The Empire_7f220ea2,_Uncataloged\33-Shadow Of The Empire_7f220ea2,119.76,PROMOTABLE_TO_CANONICAL,Tier 2: Leaf Folder Match,Star Wars: Shadows of the Empire,Steve Perry,B002VA9F2G,Star Wars
34.2-Return Of The Jedi Radio Drama_8a5175ec,_Uncataloged\34.2-Return Of The Jedi Radio Drama_8a5175ec,176.63,PROMOTABLE_TO_CANONICAL,Tier 2: Leaf Folder Match,Radio Drama - Star Wars Episode VI,Brian Daley,,Star Wars
36-The Mandalorian Armor[Bounty Hunter Wars Book 1]_d34f1842,_Uncataloged\36-The Mandalorian Armor[Bounty Hunter Wars Book 1]_d34f1842,165.44,PROMOTABLE_TO_CANONICAL,Tier 2: Leaf Folder Match,Star Wars: The Bounty Hunter Wars: The Mandalorian Armor,K. W. Jeter,B002V5B4NE,Star Wars: The Bounty Hunter Wars - Legends (abridged) #1
34-Return Of The Jedi_1c7beb5d,_Uncataloged\34-Return Of The Jedi_1c7beb5d,127.61,PROMOTABLE_TO_CANONICAL,Tier 2: Leaf Folder Match,Die Rückkehr der Jedi-Ritter,James Kahn,B01M2D9J7Q,Star Wars #6
32-The Empire Strikes Back_36791384,_Uncataloged\32-The Empire Strikes Back_36791384,129.29,PROMOTABLE_TO_CANONICAL,Tier 2: Leaf Folder Match,Das Imperium schlägt zurück,Donald F. Glut,B01M0PTDDJ,Star Wars #5
21-Revenge Of The Sith_99e9c271,_Uncataloged\21-Revenge Of The Sith_99e9c271,235.12,PROMOTABLE_TO_CANONICAL,Tier 2: Leaf Folder Match,Star Wars Episode III: Revenge of the Sith,Matthew Stover,B002V0K4AS,Star Wars #19
25-Rebel Dawn[Han Solo Trilogy Book 3]_1468c4b2,_Uncataloged\25-Rebel Dawn[Han Solo Trilogy Book 3]_1468c4b2,141.32,PROMOTABLE_TO_CANONICAL,Tier 2: Leaf Folder Match,Star Wars: The Han Solo Trilogy: Rebel Dawn,A. C. Crispin,B002V1BHV2,Star Wars: The Han Solo Trilogy - Legends (abridged) #3
3-Cloak of Deception_44b7eeee,_Uncataloged\3-Cloak of Deception_44b7eeee,126.9,PROMOTABLE_TO_CANONICAL,Tier 2: Leaf Folder Match,Star Wars: Cloak of Deception,James Luceno,B002V0RM3A,Star Wars
27.2-A New Hope Radio Drama_3252a626,_Uncataloged\27.2-A New Hope Radio Drama_3252a626,489.09,PROMOTABLE_TO_CANONICAL,Tier 2: Leaf Folder Match,Radio Drama - Star Wars Episode IV,Brian Daley,,Star Wars
22-The Rise Of Darth Vader_6a705edf,_Uncataloged\22-The Rise Of Darth Vader_6a705edf,366.78,PROMOTABLE_TO_CANONICAL,Tier 2: Leaf Folder Match,Star Wars: Dark Lord: The Rise of Darth Vader,James Luceno,B002V0KP4I,Star Wars
19-Dark Rendezvous_0f731d14,_Uncataloged\19-Dark Rendezvous_0f731d14,209.92,PROMOTABLE_TO_CANONICAL,Tier 2: Leaf Folder Match,Yoda: Dark Rendezvous: Star Wars Legends,Sean Stewart,B0CKS1RXYF,Star Wars: Legends
17-Jedi Healer[Medstar Book 2]_4df4d5df,_Uncataloged\17-Jedi Healer[Medstar Book 2]_4df4d5df,155.33,PROMOTABLE_TO_CANONICAL,Tier 2: Leaf Folder Match,Star Wars: MedStar II: Jedi Healer,"Michael Reaves, Steve Perry",B002VACPIM,Star Wars
20-Labyrinth Of Evil_1fa74ad9,_Uncataloged\20-Labyrinth Of Evil_1fa74ad9,277.99,PROMOTABLE_TO_CANONICAL,Tier 2: Leaf Folder Match,Labyrinth of Evil: Star Wars,James Luceno,B002V1C4J6,Star Wars
15-The Cestus Deception_6604e310,_Uncataloged\15-The Cestus Deception_6604e310,138.64,PROMOTABLE_TO_CANONICAL,Tier 2: Leaf Folder Match,Star Wars: Clone Wars: The Cestus Deception,Steven Barnes,B002V1LQOU,Star Wars: A Clone Wars Novel - Legends #3
16-Battle Surgeons[Medstar Book 1]_06c405d0,_Uncataloged\16-Battle Surgeons[Medstar Book 1]_06c405d0,175.3,PROMOTABLE_TO_CANONICAL,Tier 2: Leaf Folder Match,Star Wars: Medstar I: Battle Surgeons,"Michael Reaves, Steve Perry",B002V1NLNO,Star Wars
102-Exile[Legacy Of The Force Book 4]_a1c63ebb,_Uncataloged\102-Exile[Legacy Of The Force Book 4]_a1c63ebb,346.61,PROMOTABLE_TO_CANONICAL,Tier 2: Leaf Folder Match,Star Wars: Legacy of the Force: Exile,Aaron Allston,B002V8MEQC,Star Wars: Legacy of the Force - Legends (abridged) #4
12-The Approaching Storm_2782421a,_Uncataloged\12-The Approaching Storm_2782421a,292.02,PROMOTABLE_TO_CANONICAL,Tier 2: Leaf Folder Match,Star Wars: The Approaching Storm,Alan Dean Foster,B002V8HD5E,star warz bukz
14-Shatterpoint_e22b117d,_Uncataloged\14-Shatterpoint_e22b117d,132.62,PROMOTABLE_TO_CANONICAL,Tier 2: Leaf Folder Match,Star Wars: Shatterpoint,Matthew Stover,B002V1ADJY,star warz bukz
13-Attack Of The Clones_d99a5a47,_Uncataloged\13-Attack Of The Clones_d99a5a47,178.75,PROMOTABLE_TO_CANONICAL,Tier 2: Leaf Folder Match,Star Wars: Episode II: Attack of the Clones,R.A. Salvatore,B002V8KTBE,Star Wars #13
Spider-man_kraven's_last_hunt_lo_7fcce242,_Uncataloged\Spider-man_kraven's_last_hunt_lo_7fcce242,325.72,PROMOTABLE_TO_CANONICAL,Tier 2: Leaf Folder Match,"So I'm a Spider, So What?, Vol. 15","Okina Baba, Tsukasa Kiryu, Jenny McKeon McKeon - translator",B0G1VD18QT,"So I'm a Spider, So What? (light novel) #15"
Marvel 2015 10-13 - Black Widow - Forever Red_24a31c72,_Uncataloged\Marvel 2015 10-13 - Black Widow - Forever Red_24a31c72,280.56,PROMOTABLE_TO_CANONICAL,Tier 2: Leaf Folder Match,Black Widow Full Retelling,Marvel Press,B0FJ2YRZFB,Marvel Novels
Black Panther [Who Is The Black Panther]_ba7577f5,_Uncataloged\Black Panther [Who Is The Black Panther]_ba7577f5,2797.94,PROMOTABLE_TO_CANONICAL,Tier 2: Leaf Folder Match,Marvel: Black Panther: The Intergalactic Empire of Wakanda,Suyi Davies Okungbowa,B0DCCH3J72,Marvel Black Panther
Marvel’ Doctor Strange_11f0f4ca,_Uncataloged\Marvel’ Doctor Strange_11f0f4ca,56.06,PROMOTABLE_TO_CANONICAL,Tier 2: Leaf Folder Match,Marvel's Phase Three,"Marvel Press, Alexander Irvine",B0FGKSRPC1,Marvel's Phase #3
Venom [Lethal Protector]_c5e1a248,_Uncataloged\Venom [Lethal Protector]_c5e1a248,576.41,PROMOTABLE_TO_CANONICAL,Tier 2: Leaf Folder Match,Little Bird,Alisha Williams,B0C63HJBVQ,Black Venom Crew #1
The Amazing Spider-Man (BBC Radio Play)_2a139244,_Uncataloged\The Amazing Spider-Man (BBC Radio Play)_2a139244,270.46,PROMOTABLE_TO_CANONICAL,Tier 2: Leaf Folder Match,The Amazing Spider-Man 2 Junior Novel,"Marvel Press, Brittany Candau",B0FKCYCL8K,Marvel audio books
"Marvel, Alex Irvine - Astonishing X-Men - Days of Future Past [GraphicAudio 256]_cd14e7e8","_Uncataloged\Marvel, Alex Irvine - Astonishing X-Men - Days of Future Past [GraphicAudio 256]_cd14e7e8",537.09,PROMOTABLE_TO_CANONICAL,Tier 2: Leaf Folder Match,Marvel Super Heroes: Secret Wars,"Alex Irvine, Marvel",1974980758,Marvel audio books
Marvel civil war_4a018c64,_Uncataloged\Marvel civil war_4a018c64,527.1,PROMOTABLE_TO_CANONICAL,Tier 2: Leaf Folder Match,Divided We Fall: A Post-Apocalyptic Novel of America's Coming Civil War,Mark Goodwin,B07C3DQCY2,Ava's Crucible #1
The Amazing Spiderman CD2,_Uncataloged\Marvel -The Amazing Spiderman (BBC-256k)_147bc527\The Amazing Spiderman CD2,135.08,PROMOTABLE_TO_CANONICAL,Tier 2: Leaf Folder Match,Camel Spiders: Amazing Facts and Myths About Camel Spiders,Hathai Ross,B0F2DBSC17,Marvel -The Amazing Spiderman (BBC-256k)
Marvel - Death of Captain America - Larry Hama (GraphicAudio-256)_81a41244,_Uncataloged\Marvel - Death of Captain America - Larry Hama (GraphicAudio-256)_81a41244,617.26,PROMOTABLE_TO_CANONICAL,Tier 2: Leaf Folder Match,The Death of Captain America,"Larry Hama, Marvel",197497930X,Marvel audio books
Marvel - Deadpool 01 - Paws [GraphicAudio-256]_731a7d88,_Uncataloged\Marvel - Deadpool 01 - Paws [GraphicAudio-256]_731a7d88,694.98,PROMOTABLE_TO_CANONICAL,Tier 2: Leaf Folder Match,Deadpool: Paws,"Stefan Petrucha, Marvel",197498043X,Marvel Novels #4
Marvel - Avengers - Everybody Wants To Rule The World [GraphicAudio 256]_e9cc89d3,_Uncataloged\Marvel - Avengers - Everybody Wants To Rule The World [GraphicAudio 256]_e9cc89d3,683.53,PROMOTABLE_TO_CANONICAL,Tier 2: Leaf Folder Match,The Avengers: Everybody Wants to Rule the World,"Marvel, Dan Abnett",1974978869,Marvel audio books
Fantastic Four [War Zone]_762c8ea1,_Uncataloged\Fantastic Four [War Zone]_762c8ea1,653.73,PROMOTABLE_TO_CANONICAL,Tier 2: Leaf Folder Match,Fantastic Four: Doomgate,"Jeffrey Lang, Marvel",1662041802,Marvel audio books
33 Hero_5a8e04d9,_Uncataloged\33 Hero_5a8e04d9,267.49,PROMOTABLE_TO_CANONICAL,Tier 2: Leaf Folder Match,Hero,R. A. Salvatore,B01KIQRTKO,"Legend of Drizzt #33, Legend of Drizzt: Homecoming #3"
13 Sea Of Swords_9fed67eb,_Uncataloged\13 Sea Of Swords_9fed67eb,250.23,PROMOTABLE_TO_CANONICAL,Tier 2: Leaf Folder Match,"Sea of Swords: Legend of Drizzt: Paths of Darkness, Book 3",R. A. Salvatore,B00HNF85YI,Legend of Drizzt #13
02 Exile_901d58c0,_Uncataloged\02 Exile_901d58c0,210.58,PROMOTABLE_TO_CANONICAL,Tier 2: Leaf Folder Match,Exile,R. A. Salvatore,B00BWSI8A8,Legend of Drizzt #2
Darksword Volume 1 - Forging the Darksword_ff5d6c8a,_Uncataloged\Darksword Volume 1 - Forging the Darksword_ff5d6c8a,185.91,PROMOTABLE_TO_CANONICAL,Tier 2: Leaf Folder Match,Darksword Cycle 01 Forging The Darksword,"Margaret Weis, Tracy Hickman",,Darksword
[11] He Who Fights with Monsters 11_d47169dd,_Uncataloged\[11] He Who Fights with Monsters 11_d47169dd,0.25,PROMOTABLE_TO_CANONICAL,Tier 2: Leaf Folder Match,He Who Fights with Monsters 11: A LitRPG Adventure,"Shirtaloon, Travis Deverell",B0D1DPR1X3,He Who Fights with Monsters #11
[01] We Are Legion_3c99b45b,_Uncataloged\[01] We Are Legion_3c99b45b,27.36,PROMOTABLE_TO_CANONICAL,Tier 2: Leaf Folder Match,We Are Legion (We Are Bob),Dennis E. Taylor,B01L082HJ2,Bobiverse #1
[01] Awaken Online_265e67c4,_Uncataloged\[01] Awaken Online_265e67c4,139.3,PROMOTABLE_TO_CANONICAL,Tier 2: Leaf Folder Match,Awaken Online: Catharsis,Travis Bagwell,B01L7UC1SU,Awaken Online #1
[03] Awaken Online_afd87ac6,_Uncataloged\[03] Awaken Online_afd87ac6,196.72,PROMOTABLE_TO_CANONICAL,Tier 2: Leaf Folder Match,Awaken Online: Catharsis,Travis Bagwell,B01L7UC1SU,Awaken Online #1
[02] Awaken Online_ebff9b8f,_Uncataloged\[02] Awaken Online_ebff9b8f,85.67,PROMOTABLE_TO_CANONICAL,Tier 2: Leaf Folder Match,Awaken Online: Catharsis,Travis Bagwell,B01L7UC1SU,Awaken Online #1
[01] Ahren_966122bc,_Uncataloged\[01] Ahren_966122bc,27.99,PROMOTABLE_TO_CANONICAL,Tier 2: Leaf Folder Match,Ahren,Torsten Weitze,1705200281,The 13th Paladin #1
[02] A Thousand Li_ec4b9bf9,_Uncataloged\[02] A Thousand Li_ec4b9bf9,27.89,PROMOTABLE_TO_CANONICAL,Tier 2: Leaf Folder Match,A Thousand Li: The First Step,Tao Wong,B0D7N19JGL,A Thousand Li #1
[03] A Thousand Li_d4164d2a,_Uncataloged\[03] A Thousand Li_d4164d2a,29.53,PROMOTABLE_TO_CANONICAL,Tier 2: Leaf Folder Match,A Thousand Li: The First Step,Tao Wong,B0D7N19JGL,A Thousand Li #1
[01] A Thousand Li_475a6a29,_Uncataloged\[01] A Thousand Li_475a6a29,86.53,PROMOTABLE_TO_CANONICAL,Tier 2: Leaf Folder Match,A Thousand Li: The First Step,Tao Wong,B0D7N19JGL,A Thousand Li #1
[03] The Grand Tournament_bc5500fc,_Uncataloged\[03] The Grand Tournament_bc5500fc,29.49,PROMOTABLE_TO_CANONICAL,Tier 2: Leaf Folder Match,The Grand Tournament: A LitRPG Adventure,Ivan Kal,1977319009,Tower of Power #3
[04] Super Powereds_29c0f302,_Uncataloged\[04] Super Powereds_29c0f302,29.37,PROMOTABLE_TO_CANONICAL,Tier 2: Leaf Folder Match,Super Powereds: Year One (1 of 3) (Dramatized Adaptation),Drew Hayes,1648816606,Super Powereds #1
[02] Viridian Gate Online_d602eeec,_Uncataloged\[02] Viridian Gate Online_d602eeec,56.97,PROMOTABLE_TO_CANONICAL,Tier 2: Leaf Folder Match,Viridian Gate Online,"James Hunter, D.J. Bodden",1630155942,Illusionist #1
[01] Viridian Gate Online_df7c0113,_Uncataloged\[01] Viridian Gate Online_df7c0113,27.67,PROMOTABLE_TO_CANONICAL,Tier 2: Leaf Folder Match,Viridian Gate Online,"James Hunter, D.J. Bodden",1630155942,Illusionist #1
[03] Viridian Gate Online_395bf8fe,_Uncataloged\[03] Viridian Gate Online_395bf8fe,57.37,PROMOTABLE_TO_CANONICAL,Tier 2: Leaf Folder Match,Viridian Gate Online,"James Hunter, D.J. Bodden",1630155942,Illusionist #1
[02] Moriarty_8e634628,_Uncataloged\[02] Moriarty_8e634628,85.34,PROMOTABLE_TO_CANONICAL,Tier 2: Leaf Folder Match,Moriarty: The Silent Order,Charles Kindinger,B0CGKH3F5R,Moriarty #2
Dreams_66250336,_Uncataloged\Dreams_66250336,771.67,PROMOTABLE_TO_CANONICAL,Tier 2: Leaf Folder Match,Dr. Strange - The Fate of Dreams,GraphicAudio,,GA - Doctor Strange - The Fate of Dreams
Margaret Weis - DragonLance - Raistlin Chronicles 1 - The Soulforge_f0a3292c,_Uncataloged\Margaret Weis - DragonLance - Raistlin Chronicles 1 - The Soulforge_f0a3292c,42.68,PROMOTABLE_TO_CANONICAL,Tier 2: Leaf Folder Match,Raistlin Chronicles: Book 1 The Soul forge,Margaret Weis,,Other
Margaret Weis - Dragonlance Tales 3 - Love and War_1a0bd523,_Uncataloged\Margaret Weis - Dragonlance Tales 3 - Love and War_1a0bd523,240.0,PROMOTABLE_TO_CANONICAL,Tier 2: Leaf Folder Match,Dragonlance Tales II Volume 3 - The War of the Lance,"Edited by Margaret Weis, Tracy Hickman",,5 - Tales
Margaret Weis - Dragonlance Tales 1 - The Magic Of Krynn_91d161fb,_Uncataloged\Margaret Weis - Dragonlance Tales 1 - The Magic Of Krynn_91d161fb,139.5,PROMOTABLE_TO_CANONICAL,Tier 2: Leaf Folder Match,Dragonlance Tales 1 01 The Magic Of Krynn,Various Artists,,5 - Tales
"Margaret Weis - Dragonlance Tales 2 - Kender, Gully Dwarves, and Gnomes_5332ec55","_Uncataloged\Margaret Weis - Dragonlance Tales 2 - Kender, Gully Dwarves, and Gnomes_5332ec55",205.59,PROMOTABLE_TO_CANONICAL,Tier 2: Leaf Folder Match,"Dragonlance Tales Volume 2 - Kender, Gully Dwarfs & Gnomes","Edited by Margaret Weis, Tracy Hickman",,5 - Tales
Margaret Weis - Dragonlance Tales 4 - The Reign of Istar_bee737f8,_Uncataloged\Margaret Weis - Dragonlance Tales 4 - The Reign of Istar_bee737f8,208.72,PROMOTABLE_TO_CANONICAL,Tier 2: Leaf Folder Match,Dragonlance Tales II Volume 1 - The Reign of Istar,"Edited by Margaret Weis, Tracy Hickman",,5 - Tales
Deathgate Cycle 4 - Serpent Mage_4f8cf3ba,_Uncataloged\Deathgate Cycle 4 - Serpent Mage_4f8cf3ba,178.71,PROMOTABLE_TO_CANONICAL,Tier 2: Leaf Folder Match,Deathgate Cycle 04 - Serpent Mage,"Weis, Hickman",,4 - Deathgate Cycle Volumes 1 - 7
Deathgate Cycle 2 - Elven Star_5e0c7c65,_Uncataloged\Deathgate Cycle 2 - Elven Star_5e0c7c65,156.15,PROMOTABLE_TO_CANONICAL,Tier 2: Leaf Folder Match,Dearhgate Cycle 02 - Elven Star,"Margaret Weis, Tracy Hickman",,4 - Deathgate Cycle Volumes 1 - 7
Deathgate Cycle 5 - Hand of Chaos_b9b758c5,_Uncataloged\Deathgate Cycle 5 - Hand of Chaos_b9b758c5,207.52,PROMOTABLE_TO_CANONICAL,Tier 2: Leaf Folder Match,Death Gate Cycle- Book 5- Hand of Chaos,Margaret Weis,,4 - Deathgate Cycle Volumes 1 - 7
Deathgate Cycle 3 - Fire Sea_ee3f2532,_Uncataloged\Deathgate Cycle 3 - Fire Sea_ee3f2532,167.13,PROMOTABLE_TO_CANONICAL,Tier 2: Leaf Folder Match,Deathgate Cycle - Fire Sea,"Weis, Hickman",,4 - Deathgate Cycle Volumes 1 - 7
Deathgate Cycle 6 - Into the Labyrinth_ac96e2a4,_Uncataloged\Deathgate Cycle 6 - Into the Labyrinth_ac96e2a4,190.79,PROMOTABLE_TO_CANONICAL,Tier 2: Leaf Folder Match,Deah Gate Cycle-Book 6-Into the Labyrinth,Margaret Weis,,4 - Deathgate Cycle Volumes 1 - 7
Deathgate Cycle 7 - Seventh Gate_40c8209d,_Uncataloged\Deathgate Cycle 7 - Seventh Gate_40c8209d,97.22,PROMOTABLE_TO_CANONICAL,Tier 2: Leaf Folder Match,Death Gate 07 - Seventh Gate,"Margaret Weis, Tracy Hickman",,4 - Deathgate Cycle Volumes 1 - 7
Chronicles Vol 2 - Dragons Of Winter Night - Unabridged_12778fb3,_Uncataloged\Chronicles Vol 2 - Dragons Of Winter Night - Unabridged_12778fb3,211.76,PROMOTABLE_TO_CANONICAL,Tier 2: Leaf Folder Match,Dragonlance Chronicles Volume 2 - Dragons of Winter Night,"Margaret Weis, Tracy Hickman",,2 - Chronicles Volumes 1 - 4
"Preludes 6 - Tanis, The Shadow Years_7a22db23","_Uncataloged\Preludes 6 - Tanis, The Shadow Years_7a22db23",185.66,PROMOTABLE_TO_CANONICAL,Tier 2: Leaf Folder Match,"Dragonlance Preludes II Volume 3 - Tanis, the Shadow Years","Barbara, Scott Siegel",,1 - Preludes Volumes 1 - 6
Chronicles Vol 3 - Dragons of Spring Dawning - Unabridged_946349b6,_Uncataloged\Chronicles Vol 3 - Dragons of Spring Dawning - Unabridged_946349b6,193.53,PROMOTABLE_TO_CANONICAL,Tier 2: Leaf Folder Match,Dragonlance Chronicles Volume 3 - Dragons of Spring Dawning,"Margaret Weis, Tracy Hickman",,2 - Chronicles Volumes 1 - 4
Chronicles Vol 1 - Dragons Of Autumn Twilight - Unabridged_fe70e22f,_Uncataloged\Chronicles Vol 1 - Dragons Of Autumn Twilight - Unabridged_fe70e22f,205.74,PROMOTABLE_TO_CANONICAL,Tier 2: Leaf Folder Match,Dragonlance Chronicles Volume 1 - Dragons of Autumn Twilight,"Margaret Weis, Tracy Hickman",,2 - Chronicles Volumes 1 - 4
Deathgate Cycle 1 - Dragon Wing_06e9e6bd,_Uncataloged\Deathgate Cycle 1 - Dragon Wing_06e9e6bd,177.58,PROMOTABLE_TO_CANONICAL,Tier 2: Leaf Folder Match,Deathgate Cycle 01 - Dragon Wing,"Weis, Hickman",,4 - Deathgate Cycle Volumes 1 - 7
"Preludes 5 - Flint, The King_69629a07","_Uncataloged\Preludes 5 - Flint, The King_69629a07",217.89,PROMOTABLE_TO_CANONICAL,Tier 2: Leaf Folder Match,"Dragonlance Preludes II Volume 2 - Flint, the King","Mary Kirchoff, Douglas Niles",,1 - Preludes Volumes 1 - 6
Preludes 3 - Brothers Majere_9b63bbe5,_Uncataloged\Preludes 3 - Brothers Majere_9b63bbe5,204.74,PROMOTABLE_TO_CANONICAL,Tier 2: Leaf Folder Match,Dragonlance Preludes Volume 3 - Brothers Majere,Kevin Stein,,1 - Preludes Volumes 1 - 6
"Preludes 4 - Riverwind, The Plainsman_3bc6657a","_Uncataloged\Preludes 4 - Riverwind, The Plainsman_3bc6657a",247.09,PROMOTABLE_TO_CANONICAL,Tier 2: Leaf Folder Match,"Dragonlance Preludes II Volume 1 - Riverwind, the Plainsman","Paul B. Thompson, Tonya R. Carter",,1 - Preludes Volumes 1 - 6
Preludes 2 - Kendermore_a6f8bf3b,_Uncataloged\Preludes 2 - Kendermore_a6f8bf3b,203.04,PROMOTABLE_TO_CANONICAL,Tier 2: Leaf Folder Match,Dragonlance Preludes Volume 2 - Kendermore,Mary Kirchoff,,1 - Preludes Volumes 1 - 6
Preludes 1 - Darkness and Light_2ea1419d,_Uncataloged\Preludes 1 - Darkness and Light_2ea1419d,282.33,PROMOTABLE_TO_CANONICAL,Tier 2: Leaf Folder Match,Dragonlance Preludes Volume 1 - Darkness and Light,"Paul B. Thompson, Tonya R. Carter",,1 - Preludes Volumes 1 - 6
"[01] Oh, Great_46f79413","_Uncataloged\[01] Oh, Great_46f79413",27.96,PROMOTABLE_TO_CANONICAL,Tier 2: Leaf Folder Match,"Oh, Great! I Was Reincarnated as a Farmer",Benjamin Kerei,B09CRFXXW6,Unorthodox Farming #1
Torchwood - Everyone Says Hello (Loose Tracks),_Uncataloged\Torchwood - Everyone Says Hello (Loose Tracks),5.29,PROMOTABLE_TO_CANONICAL,Tier 4: Prefix Match,Torchwood - Everyone Says Hello,Burn Gorman,,Torchwood Everyone Says Hello Audiobook
Robots & Empire_7,_Uncataloged\Robots & Empire_7,2.7,PROMOTABLE_TO_CANONICAL,Tier 2: Leaf Folder Match,Robots e Imperio [Robots and Empire],"Isaac Asimov, Rosa Sánchez de Naveira - translator",B0BXFNTYWZ,Serie de los robots [Robot Series] #5
Asimov - R. Daneel Olivaw - Book 01 - Caves Of Steel_7,_Uncataloged\Asimov - R. Daneel Olivaw - Book 01 - Caves Of Steel_7,2.7,PROMOTABLE_TO_CANONICAL,Tier 2: Leaf Folder Match,The Caves of Steel Disc 1,Isaac Asimov,,Isaac Asimov_dup_4263 #1
Tertiary Phase_1,_Uncataloged\Tertiary Phase_1,5.39,PROMOTABLE_TO_CANONICAL,Tier 2: Leaf Folder Match,The Hitchhiker's Guide To The Galaxy: Tertiary Phase,Douglas Adams,B002V0TFUI,Hitchhiker's Guide (radio plays) #3
01 - The Other End of Time_1,_Uncataloged\01 - The Other End of Time_1,2.7,PROMOTABLE_TO_CANONICAL,Tier 2: Leaf Folder Match,Apocalypse Rising,Timothy Dailey Ph.D.,B01JJT10B0,Frederik Pohl - Eschaton 1 - 3 #1
Royal Assassin [B003NTPCVM],_Uncataloged\Royal Assassin [B003NTPCVM],713.93,PROMOTABLE_TO_CANONICAL,Tier 1: ASIN Match,Royal Assassin,Robin Hobb,B003NTPCVM,"Realms of the Elderlings #2, Farseer Trilogy #2"
The Stand by Stephen King_2,_Uncataloged\The Stand by Stephen King_2,8.09,PROMOTABLE_TO_CANONICAL,Tier 2: Leaf Folder Match,The End of the World As We Know It,"Stephen King - introduction, Christopher Golden - editor, Brian Keene - editor",B0DPJJM5NJ,The Stand - Stephen King (Audio Book)
Stephen_King_-_Signal-2006-DAISY-AUDIOBOOK-SE-2007-LzY_2,_Uncataloged\Stephen_King_-_Signal-2006-DAISY-AUDIOBOOK-SE-2007-LzY_2,5.39,PROMOTABLE_TO_CANONICAL,Tier 2: Leaf Folder Match,The Signal: A Conspiratorium Novel,Linda Sanchez,B0GGV35VGH,The Redacted Series #2
Stephen_King-Lida-AUDIOBOOK-SE-2005-CTA_2,_Uncataloged\Stephen_King-Lida-AUDIOBOOK-SE-2005-CTA_2,2.7,PROMOTABLE_TO_CANONICAL,Tier 2: Leaf Folder Match,Falling Star,A. G. Mogan,B0FXF5D82J,From_Drive_I
Stephen King - Complete Bachman Books - 7 Audiobooks In Proper Order [JabbaJr]_2,_Uncataloged\Stephen King - Complete Bachman Books - 7 Audiobooks In Proper Order [JabbaJr]_2,2.7,PROMOTABLE_TO_CANONICAL,Tier 2: Leaf Folder Match,A Longa Marcha [The Long Walk],"Stephen King, Richard Bachman, Regiane Winarski - translator",B0D6CR7V2B,From_Drive_I
Scary Stories To Tell In The Dark_2,_Uncataloged\Scary Stories To Tell In The Dark_2,2.7,PROMOTABLE_TO_CANONICAL,Tier 2: Leaf Folder Match,The 30 Best Scary Stories to Tell in the Dark,Tom Black,B0D6KPTMSX,Scary Stories To Tell In The Dark - Audio Books
[01] The Farseer_2,_Uncataloged\[01] The Farseer_2,476.93,PROMOTABLE_TO_CANONICAL,Tier 4: Prefix Match,The Farseer: Assassin's Apprentice,Robin Hobb,B003AO3P5A,"Realms of the Elderlings #1, Farseer Trilogy #1"
08 - Ian Fleming - For Your Eyes Only_unabridged_2,_Uncataloged\08 - Ian Fleming - For Your Eyes Only_unabridged_2,97.81,PROMOTABLE_TO_CANONICAL,Tier 2: Leaf Folder Match,Sólo para tus ojos [For Your Eyes Only],Ian Fleming,B0B7XW13YW,James Bond [Spanish Edition] #8
05 - Ian Fleming - From Russia with Love_unabridged_2,_Uncataloged\05 - Ian Fleming - From Russia with Love_unabridged_2,136.77,PROMOTABLE_TO_CANONICAL,Tier 2: Leaf Folder Match,Desde Rusia con amor [From Russia with Love],Ian Fleming,B0B2F3941B,James Bond [Spanish Edition] #5
02 - Ian Fleming - Live and Let Die_2,_Uncataloged\02 - Ian Fleming - Live and Let Die_2,176.0,PROMOTABLE_TO_CANONICAL,Tier 2: Leaf Folder Match,Live and Let Die (Hindi),Ian Fleming,B0BTTCP72K,James Bond (Original Series) [Hindi] #2
J.R.R. Tolkien - The Lord of the Rings (all Books Fellowship - Two Towers - Return Of The King) Unabridged Audiobook_2,_Uncataloged\J.R.R. Tolkien - The Lord of the Rings (all Books Fellowship - Two Towers - Return Of The King) Unabridged Audiobook_2,34.38,PROMOTABLE_TO_CANONICAL,Tier 2: Leaf Folder Match,LotR Part I: The Fellowship of the Ring,J.R.R. Tolkien,,From_Drive_I
Captain America Dark Designs [1974979512],"Stefan Petrucha, Marvel\Marvel Novels #10\Captain America Dark Designs [1974979512]",714.37,VERIFIED_CANONICAL,Tier 1: ASIN Match,Captain America: Dark Designs,"Stefan Petrucha, Marvel",1974979512,Marvel Novels #10
1982 - Cry to Heaven (read by Ray Hagen),Anne Rice\Anne Rice\Anne Rice\Anne Rice\1982 - Cry to Heaven (read by Ray Hagen),2.01,TRUE_STANDALONE_EXTRA,None (Not in Manifest),1982 - Cry to Heaven (read by Ray Hagen),Unknown,,
1985 - The Vampire Lestat (VC2 - read by Frank Muller),Anne Rice\Anne Rice\Anne Rice\Anne Rice\1985 - The Vampire Lestat (VC2 - read by Frank Muller),127.73,TRUE_STANDALONE_EXTRA,None (Not in Manifest),1985 - The Vampire Lestat (VC2 - read by Frank Muller),Unknown,,
1986 - Belinda (read by Ray Bouche),Anne Rice\Anne Rice\Anne Rice\Anne Rice\1986 - Belinda (read by Ray Bouche),25.46,TRUE_STANDALONE_EXTRA,None (Not in Manifest),1986 - Belinda (read by Ray Bouche),Unknown,,
Comedy,Comedy_20260910085147\Comedy\Comedy\Comedy\Comedy\Comedy\Comedy,455.14,TRUE_STANDALONE_EXTRA,None (Not in Manifest),Comedy,Unknown,,
Everything's Eventual (ALL 14 short stories),Stephen King\Stephen King\Stephen King (45 novels - 69)\Stephen King (45 novels - 69)\-SK Novellas and Short Stories (69)\Everything's Eventual (ALL 14 short stories),525.19,TRUE_STANDALONE_EXTRA,None (Not in Manifest),Everything's Eventual (ALL 14 short stories),Unknown,,
Night Shift (19 of 20 short stories),Stephen King\Stephen King\Stephen King (45 novels - 69)\Stephen King (45 novels - 69)\-SK Novellas and Short Stories (69)\Night Shift (19 of 20 short stories),24.19,TRUE_STANDALONE_EXTRA,None (Not in Manifest),Night Shift (19 of 20 short stories),Unknown,,
Div Stephen King,Stephen King\Stephen King\Stephen King (45 novels - 69)\Stephen King (45 novels - 69)\Div Stephen King,622.0,TRUE_STANDALONE_EXTRA,None (Not in Manifest),Div Stephen King,Unknown,,
CD01,Bernard Cornwell\Bernard Cornwell Audiobook collection 1 - 8 @ Fenopy.com\Sword Song [B002V8HDLS]\CD01,36.04,TRUE_STANDALONE_EXTRA,None (Not in Manifest),CD01,Unknown,,
CD02,Bernard Cornwell\Bernard Cornwell Audiobook collection 1 - 8 @ Fenopy.com\Sword Song [B002V8HDLS]\CD02,36.14,TRUE_STANDALONE_EXTRA,None (Not in Manifest),CD02,Unknown,,
CD03,Bernard Cornwell\Bernard Cornwell Audiobook collection 1 - 8 @ Fenopy.com\Sword Song [B002V8HDLS]\CD03,36.14,TRUE_STANDALONE_EXTRA,None (Not in Manifest),CD03,Unknown,,
CD05,Bernard Cornwell\Bernard Cornwell Audiobook collection 1 - 8 @ Fenopy.com\Sword Song [B002V8HDLS]\CD05,16.52,TRUE_STANDALONE_EXTRA,None (Not in Manifest),CD05,Unknown,,
CD04,Bernard Cornwell\Bernard Cornwell Audiobook collection 1 - 8 @ Fenopy.com\Sword Song [B002V8HDLS]\CD04,36.14,TRUE_STANDALONE_EXTRA,None (Not in Manifest),CD04,Unknown,,
CD3,Bernard Cornwell\Bernard Cornwell Audiobook collection 1 - 8 @ Fenopy.com\The Last Kingdom [B002V1BWCQ]\CD3,30.35,TRUE_STANDALONE_EXTRA,None (Not in Manifest),CD3,Unknown,,
CD2,Bernard Cornwell\Bernard Cornwell Audiobook collection 1 - 8 @ Fenopy.com\The Last Kingdom [B002V1BWCQ]\CD2,30.41,TRUE_STANDALONE_EXTRA,None (Not in Manifest),CD2,Unknown,,
CD4,Bernard Cornwell\Bernard Cornwell Audiobook collection 1 - 8 @ Fenopy.com\The Last Kingdom [B002V1BWCQ]\CD4,29.93,TRUE_STANDALONE_EXTRA,None (Not in Manifest),CD4,Unknown,,
CD5,Bernard Cornwell\Bernard Cornwell Audiobook collection 1 - 8 @ Fenopy.com\The Last Kingdom [B002V1BWCQ]\CD5,29.34,TRUE_STANDALONE_EXTRA,None (Not in Manifest),CD5,Unknown,,
CD1,Bernard Cornwell\Bernard Cornwell Audiobook collection 1 - 8 @ Fenopy.com\The Last Kingdom [B002V1BWCQ]\CD1,31.38,TRUE_STANDALONE_EXTRA,None (Not in Manifest),CD1,Unknown,,
CD10,Bernard Cornwell\Bernard Cornwell Audiobook collection 1 - 8 @ Fenopy.com\The Archer's Tale [B002V8HBLK]\CD10,34.45,TRUE_STANDALONE_EXTRA,None (Not in Manifest),CD10,Unknown,,
CD11,Bernard Cornwell\Bernard Cornwell Audiobook collection 1 - 8 @ Fenopy.com\The Archer's Tale [B002V8HBLK]\CD11,34.25,TRUE_STANDALONE_EXTRA,None (Not in Manifest),CD11,Unknown,,
CD12,Bernard Cornwell\Bernard Cornwell Audiobook collection 1 - 8 @ Fenopy.com\The Archer's Tale [B002V8HBLK]\CD12,31.61,TRUE_STANDALONE_EXTRA,None (Not in Manifest),CD12,Unknown,,
CD09,Bernard Cornwell\Bernard Cornwell Audiobook collection 1 - 8 @ Fenopy.com\The Archer's Tale [B002V8HBLK]\CD09,33.13,TRUE_STANDALONE_EXTRA,None (Not in Manifest),CD09,Unknown,,
CD08,Bernard Cornwell\Bernard Cornwell Audiobook collection 1 - 8 @ Fenopy.com\The Archer's Tale [B002V8HBLK]\CD08,32.38,TRUE_STANDALONE_EXTRA,None (Not in Manifest),CD08,Unknown,,
CD02,Bernard Cornwell\Bernard Cornwell Audiobook collection 1 - 8 @ Fenopy.com\The Archer's Tale [B002V8HBLK]\CD02,34.88,DUPLICATE_EXTRA_COPY,None (Not in Manifest),CD02,Unknown,,
CD03,Bernard Cornwell\Bernard Cornwell Audiobook collection 1 - 8 @ Fenopy.com\The Archer's Tale [B002V8HBLK]\CD03,34.23,DUPLICATE_EXTRA_COPY,None (Not in Manifest),CD03,Unknown,,
CD04,Bernard Cornwell\Bernard Cornwell Audiobook collection 1 - 8 @ Fenopy.com\The Archer's Tale [B002V8HBLK]\CD04,31.78,DUPLICATE_EXTRA_COPY,None (Not in Manifest),CD04,Unknown,,
CD05,Bernard Cornwell\Bernard Cornwell Audiobook collection 1 - 8 @ Fenopy.com\The Archer's Tale [B002V8HBLK]\CD05,33.0,DUPLICATE_EXTRA_COPY,None (Not in Manifest),CD05,Unknown,,
CD07,Bernard Cornwell\Bernard Cornwell Audiobook collection 1 - 8 @ Fenopy.com\The Archer's Tale [B002V8HBLK]\CD07,34.68,TRUE_STANDALONE_EXTRA,None (Not in Manifest),CD07,Unknown,,
CD06,Bernard Cornwell\Bernard Cornwell Audiobook collection 1 - 8 @ Fenopy.com\The Archer's Tale [B002V8HBLK]\CD06,32.83,TRUE_STANDALONE_EXTRA,None (Not in Manifest),CD06,Unknown,,
CD01,Bernard Cornwell\Bernard Cornwell Audiobook collection 1 - 8 @ Fenopy.com\The Archer's Tale [B002V8HBLK]\CD01,34.43,DUPLICATE_EXTRA_COPY,None (Not in Manifest),CD01,Unknown,,
CD 7,Cormac McCarthy\Cormac McCarthy - No Country for Old Men - Unabridged\No Country for Old Men [B002VA8NLK]\CD 7,14.08,TRUE_STANDALONE_EXTRA,None (Not in Manifest),CD 7,Unknown,,
CD 4,Cormac McCarthy\Cormac McCarthy - No Country for Old Men - Unabridged\No Country for Old Men [B002VA8NLK]\CD 4,15.21,TRUE_STANDALONE_EXTRA,None (Not in Manifest),CD 4,Unknown,,
CD 6,Cormac McCarthy\Cormac McCarthy - No Country for Old Men - Unabridged\No Country for Old Men [B002VA8NLK]\CD 6,14.88,TRUE_STANDALONE_EXTRA,None (Not in Manifest),CD 6,Unknown,,
CD 5,Cormac McCarthy\Cormac McCarthy - No Country for Old Men - Unabridged\No Country for Old Men [B002VA8NLK]\CD 5,15.41,TRUE_STANDALONE_EXTRA,None (Not in Manifest),CD 5,Unknown,,
CD 1,Cormac McCarthy\Cormac McCarthy - No Country for Old Men - Unabridged\No Country for Old Men [B002VA8NLK]\CD 1,14.59,TRUE_STANDALONE_EXTRA,None (Not in Manifest),CD 1,Unknown,,
CD 2,Cormac McCarthy\Cormac McCarthy - No Country for Old Men - Unabridged\No Country for Old Men [B002VA8NLK]\CD 2,14.76,TRUE_STANDALONE_EXTRA,None (Not in Manifest),CD 2,Unknown,,
CD 3,Cormac McCarthy\Cormac McCarthy - No Country for Old Men - Unabridged\No Country for Old Men [B002VA8NLK]\CD 3,12.0,TRUE_STANDALONE_EXTRA,None (Not in Manifest),CD 3,Unknown,,
CD09,John Grisham\John Grisham - The Broker\The Broker [B002V0TNJ6]\CD09,31.73,DUPLICATE_EXTRA_COPY,None (Not in Manifest),CD09,Unknown,,
CD08,John Grisham\John Grisham - The Broker\The Broker [B002V0TNJ6]\CD08,31.33,DUPLICATE_EXTRA_COPY,None (Not in Manifest),CD08,Unknown,,
CD05,John Grisham\John Grisham - The Broker\The Broker [B002V0TNJ6]\CD05,33.02,DUPLICATE_EXTRA_COPY,None (Not in Manifest),CD05,Unknown,,
CD06,John Grisham\John Grisham - The Broker\The Broker [B002V0TNJ6]\CD06,33.42,DUPLICATE_EXTRA_COPY,None (Not in Manifest),CD06,Unknown,,
CD07,John Grisham\John Grisham - The Broker\The Broker [B002V0TNJ6]\CD07,29.74,DUPLICATE_EXTRA_COPY,None (Not in Manifest),CD07,Unknown,,
CD10,John Grisham\John Grisham - The Broker\The Broker [B002V0TNJ6]\CD10,29.55,DUPLICATE_EXTRA_COPY,None (Not in Manifest),CD10,Unknown,,
CD03,John Grisham\John Grisham - The Broker\The Broker [B002V0TNJ6]\CD03,31.9,DUPLICATE_EXTRA_COPY,None (Not in Manifest),CD03,Unknown,,
CD02,John Grisham\John Grisham - The Broker\The Broker [B002V0TNJ6]\CD02,33.13,DUPLICATE_EXTRA_COPY,None (Not in Manifest),CD02,Unknown,,
CD04,John Grisham\John Grisham - The Broker\The Broker [B002V0TNJ6]\CD04,31.47,DUPLICATE_EXTRA_COPY,None (Not in Manifest),CD04,Unknown,,
CD01,John Grisham\John Grisham - The Broker\The Broker [B002V0TNJ6]\CD01,30.69,DUPLICATE_EXTRA_COPY,None (Not in Manifest),CD01,Unknown,,
Neil Degrasse Tyson,Neil deGrasse Tyson\Neil deGrasse Tyson\Non-Fiction\Collection\Neil Degrasse Tyson\Neil Degrasse Tyson,422.54,TRUE_STANDALONE_EXTRA,None (Not in Manifest),Neil Degrasse Tyson,Unknown,,
CD2,Neil Strauss\Neil Strauss - The Game [AUDIOBOOK]\The Game [B002V1K17I]\CD2,13.69,DUPLICATE_EXTRA_COPY,None (Not in Manifest),CD2,Unknown,,
CD1,Neil Strauss\Neil Strauss - The Game [AUDIOBOOK]\The Game [B002V1K17I]\CD1,12.83,DUPLICATE_EXTRA_COPY,None (Not in Manifest),CD1,Unknown,,
CD3,Neil Strauss\Neil Strauss - The Game [AUDIOBOOK]\The Game [B002V1K17I]\CD3,12.78,DUPLICATE_EXTRA_COPY,None (Not in Manifest),CD3,Unknown,,
_Uncataloged,_Uncataloged,646280.69,TRUE_STANDALONE_EXTRA,None (Not in Manifest),_Uncataloged,Unknown,,
Comedy_9c98b8d1,_Uncataloged\Comedy_9c98b8d1,148.09,DUPLICATE_EXTRA_COPY,None (Not in Manifest),Comedy,Unknown,,
Exported_e6e0d5e9,_Uncataloged\Exported_e6e0d5e9,33646.51,TRUE_STANDALONE_EXTRA,None (Not in Manifest),Exported,Unknown,,
Revisionist History [B08JD7QC4M]_c5c3a475,_Uncataloged\Revisionist History [B08JD7QC4M]_c5c3a475,197.96,TRUE_STANDALONE_EXTRA,None (Not in Manifest),Revisionist History [B08JD7QC4M],Unknown,,
SmartLess [B08JJN6G5G]_47327070,_Uncataloged\SmartLess [B08JJN6G5G]_47327070,120.29,TRUE_STANDALONE_EXTRA,None (Not in Manifest),SmartLess [B08JJN6G5G],Unknown,,
Stuff To Blow Your Mind [B08K57RMBJ]_5396752e,_Uncataloged\Stuff To Blow Your Mind [B08K57RMBJ]_5396752e,369.44,TRUE_STANDALONE_EXTRA,None (Not in Manifest),Stuff To Blow Your Mind [B08K57RMBJ],Unknown,,
Stuff You Should Know [B08JJMNHTS]_a7a044f7,_Uncataloged\Stuff You Should Know [B08JJMNHTS]_a7a044f7,223.58,TRUE_STANDALONE_EXTRA,None (Not in Manifest),Stuff You Should Know [B08JJMNHTS],Unknown,,
Super Powereds [B09JQPMHLY]_f625aafe,_Uncataloged\Super Powereds [B09JQPMHLY]_f625aafe,767.43,TRUE_STANDALONE_EXTRA,None (Not in Manifest),Super Powereds [B09JQPMHLY],Unknown,,
Super Powereds [B09ZQ2SCNW]_e20f2354,_Uncataloged\Super Powereds [B09ZQ2SCNW]_e20f2354,347.76,TRUE_STANDALONE_EXTRA,None (Not in Manifest),Super Powereds [B09ZQ2SCNW],Unknown,,
[00.5] Ash_7fad7337,_Uncataloged\[00.5] Ash_7fad7337,29.16,TRUE_STANDALONE_EXTRA,None (Not in Manifest),[00.5] Ash,Unknown,,
02 - Graveyard Shift_6c720350,_Uncataloged\02 - Graveyard Shift_6c720350,2.7,TRUE_STANDALONE_EXTRA,None (Not in Manifest),02 - Graveyard Shift,Unknown,,
13 - Riding the Bullet_0bc634ea,_Uncataloged\13 - Riding the Bullet_0bc634ea,2.7,TRUE_STANDALONE_EXTRA,None (Not in Manifest),13 - Riding the Bullet,Unknown,,
1 Past Midnight - The Langoliers_27cf1a0a,_Uncataloged\1 Past Midnight - The Langoliers_27cf1a0a,5.39,TRUE_STANDALONE_EXTRA,None (Not in Manifest),1 Past Midnight - The Langoliers,Unknown,,
15 - I Know What You Need_70960a4f,_Uncataloged\15 - I Know What You Need_70960a4f,2.7,TRUE_STANDALONE_EXTRA,None (Not in Manifest),15 - I Know What You Need,Unknown,,
Nightmares & Dreamscapes (ALL 24 short stories)_e6250f16,_Uncataloged\Nightmares & Dreamscapes (ALL 24 short stories)_e6250f16,8.09,TRUE_STANDALONE_EXTRA,None (Not in Manifest),Nightmares & Dreamscapes (ALL 24 short stories),Unknown,,
Div Stephen King_77cd5a37,_Uncataloged\Div Stephen King_77cd5a37,2.7,DUPLICATE_EXTRA_COPY,None (Not in Manifest),Div Stephen King,Unknown,,
Stephen King & Peter Straub - The Talisman_8f3266ee,_Uncataloged\Stephen King & Peter Straub - The Talisman_8f3266ee,2.7,TRUE_STANDALONE_EXTRA,None (Not in Manifest),Stephen King & Peter Straub - The Talisman,Unknown,,
Stephen King - Stationary Bike_b1ee4202,_Uncataloged\Stephen King - Stationary Bike_b1ee4202,5.39,TRUE_STANDALONE_EXTRA,None (Not in Manifest),Stephen King - Stationary Bike,Unknown,,
Sometimes They Come Back - NS_2e0531ee,_Uncataloged\Sometimes They Come Back - NS_2e0531ee,2.7,TRUE_STANDALONE_EXTRA,None (Not in Manifest),Sometimes They Come Back - NS,Unknown,,
The Lawnmower Man - NS_ea82f1c5,_Uncataloged\The Lawnmower Man - NS_ea82f1c5,2.7,TRUE_STANDALONE_EXTRA,None (Not in Manifest),The Lawnmower Man - NS,Unknown,,
CD 01,_Uncataloged\Asimov - Foundation - Book 03 - Second Foundation (new version - Scott Brick)\CD 01,2.7,TRUE_STANDALONE_EXTRA,None (Not in Manifest),CD 01,Unknown,,
Neil Degrasse Tyson,_Uncataloged\Neil Degrasse Tyson,422.0,DUPLICATE_EXTRA_COPY,None (Not in Manifest),Neil Degrasse Tyson,Unknown,,
[01] Super Powereds (2),_Uncataloged\[01] Super Powereds (2),297.69,TRUE_STANDALONE_EXTRA,None (Not in Manifest),[01] Super Powereds (2),Unknown,,
[02] Super Powereds (2),_Uncataloged\[02] Super Powereds (2),372.7,TRUE_STANDALONE_EXTRA,None (Not in Manifest),[02] Super Powereds (2),Unknown,,
40 The Legend of Drizzt - Collect Stories,_Uncataloged\40 The Legend of Drizzt - Collect Stories,287.39,TRUE_STANDALONE_EXTRA,None (Not in Manifest),40 The Legend of Drizzt - Collect Stories,Unknown,,
1982 - The Master of Rampling Gate (read by Gigi Marceau),_Uncataloged\1982 - The Master of Rampling Gate (read by Gigi Marceau),29.82,TRUE_STANDALONE_EXTRA,None (Not in Manifest),1982 - The Master of Rampling Gate (read by Gigi Marceau),Unknown,,
1_ Part I,_Uncataloged\1_ Part I,138.11,TRUE_STANDALONE_EXTRA,None (Not in Manifest),1_ Part I,Unknown,,
2_ Part II,_Uncataloged\2_ Part II,77.9,TRUE_STANDALONE_EXTRA,None (Not in Manifest),2_ Part II,Unknown,,
3_ Part III,_Uncataloged\3_ Part III,72.65,TRUE_STANDALONE_EXTRA,None (Not in Manifest),3_ Part III,Unknown,,
4_ Part IV,_Uncataloged\4_ Part IV,222.14,TRUE_STANDALONE_EXTRA,None (Not in Manifest),4_ Part IV,Unknown,,
5_ Part V,_Uncataloged\5_ Part V,167.78,TRUE_STANDALONE_EXTRA,None (Not in Manifest),5_ Part V,Unknown,,
6_ Part VI,_Uncataloged\6_ Part VI,75.66,TRUE_STANDALONE_EXTRA,None (Not in Manifest),6_ Part VI,Unknown,,
7_ Part VII,_Uncataloged\7_ Part VII,66.61,TRUE_STANDALONE_EXTRA,None (Not in Manifest),7_ Part VII,Unknown,,
1983 - The Claiming of Sleeping Beauty (B1 - read by George Holmes),_Uncataloged\1983 - The Claiming of Sleeping Beauty (B1 - read by George Holmes),342.66,TRUE_STANDALONE_EXTRA,None (Not in Manifest),1983 - The Claiming of Sleeping Beauty (B1 - read by George Holmes),Unknown,,
1984 - Beauty's Punishment (B2 - read by George Holmes),_Uncataloged\1984 - Beauty's Punishment (B2 - read by George Holmes),305.19,TRUE_STANDALONE_EXTRA,None (Not in Manifest),1984 - Beauty's Punishment (B2 - read by George Holmes),Unknown,,
1985 - Beauty's Release (B3 - read by George Holmes),_Uncataloged\1985 - Beauty's Release (B3 - read by George Holmes),348.56,TRUE_STANDALONE_EXTRA,None (Not in Manifest),1985 - Beauty's Release (B3 - read by George Holmes),Unknown,,
1985 - Exit to Eden (read by Jill Fox),_Uncataloged\1985 - Exit to Eden (read by Jill Fox),501.01,TRUE_STANDALONE_EXTRA,None (Not in Manifest),1985 - Exit to Eden (read by Jill Fox),Unknown,,
1_ Part I - Lelio Rising,_Uncataloged\1_ Part I - Lelio Rising,98.85,TRUE_STANDALONE_EXTRA,None (Not in Manifest),1_ Part I - Lelio Rising,Unknown,,
3_ Part III - Viaticum for the Marquise,_Uncataloged\3_ Part III - Viaticum for the Marquise,99.45,TRUE_STANDALONE_EXTRA,None (Not in Manifest),3_ Part III - Viaticum for the Marquise,Unknown,,
4_ Part IV - The Children of Darkness,_Uncataloged\4_ Part IV - The Children of Darkness,113.27,TRUE_STANDALONE_EXTRA,None (Not in Manifest),4_ Part IV - The Children of Darkness,Unknown,,
6_ Part VI - On the Devil's Road From Paris to Cairo,_Uncataloged\6_ Part VI - On the Devil's Road From Paris to Cairo,73.47,TRUE_STANDALONE_EXTRA,None (Not in Manifest),6_ Part VI - On the Devil's Road From Paris to Cairo,Unknown,,
"7_ Part VII - Ancient Magic, Ancient Mysteries","_Uncataloged\7_ Part VII - Ancient Magic, Ancient Mysteries",246.92,TRUE_STANDALONE_EXTRA,None (Not in Manifest),"7_ Part VII - Ancient Magic, Ancient Mysteries",Unknown,,
1_ Part I - The World of Jeremy Walker,_Uncataloged\1_ Part I - The World of Jeremy Walker,361.35,TRUE_STANDALONE_EXTRA,None (Not in Manifest),1_ Part I - The World of Jeremy Walker,Unknown,,
2_ Part II - And Introducing Belinda,_Uncataloged\2_ Part II - And Introducing Belinda,189.87,TRUE_STANDALONE_EXTRA,None (Not in Manifest),2_ Part II - And Introducing Belinda,Unknown,,
3_ Part III - The Champagne Flight,_Uncataloged\3_ Part III - The Champagne Flight,127.96,TRUE_STANDALONE_EXTRA,None (Not in Manifest),3_ Part III - The Champagne Flight,Unknown,,
1989 - The Mummy or Ramses the Damned (read by Bob Askey),_Uncataloged\1989 - The Mummy or Ramses the Damned (read by Bob Askey),667.04,TRUE_STANDALONE_EXTRA,None (Not in Manifest),1989 - The Mummy or Ramses the Damned (read by Bob Askey),Unknown,,
1_ Part I - Come Together,_Uncataloged\1_ Part I - Come Together,533.2,TRUE_STANDALONE_EXTRA,None (Not in Manifest),1_ Part I - Come Together,Unknown,,
2_ Part II - The Mayfair Witches,_Uncataloged\2_ Part II - The Mayfair Witches,1054.31,TRUE_STANDALONE_EXTRA,None (Not in Manifest),2_ Part II - The Mayfair Witches,Unknown,,
3_ Part III - Come Into My Parlor,_Uncataloged\3_ Part III - Come Into My Parlor,156.37,TRUE_STANDALONE_EXTRA,None (Not in Manifest),3_ Part III - Come Into My Parlor,Unknown,,
4_ Part IV - The Devil's Bride,_Uncataloged\4_ Part IV - The Devil's Bride,252.88,TRUE_STANDALONE_EXTRA,None (Not in Manifest),4_ Part IV - The Devil's Bride,Unknown,,
5_ Epilogue,_Uncataloged\5_ Epilogue,29.98,TRUE_STANDALONE_EXTRA,None (Not in Manifest),5_ Epilogue,Unknown,,
1994 - Taltos (MW3 - read by Laura Giannarelli),_Uncataloged\1994 - Taltos (MW3 - read by Laura Giannarelli),935.93,TRUE_STANDALONE_EXTRA,None (Not in Manifest),1994 - Taltos (MW3 - read by Laura Giannarelli),Unknown,,
1996 - Servant of the Bones (read by Michael Prichard),_Uncataloged\1996 - Servant of the Bones (read by Michael Prichard),724.56,TRUE_STANDALONE_EXTRA,None (Not in Manifest),1996 - Servant of the Bones (read by Michael Prichard),Unknown,,
1997 - Violin (read by Bernadette Dunne),_Uncataloged\1997 - Violin (read by Bernadette Dunne),494.57,TRUE_STANDALONE_EXTRA,None (Not in Manifest),1997 - Violin (read by Bernadette Dunne),Unknown,,
1998 - Pandora (NV1 - read by Kate Reading),_Uncataloged\1998 - Pandora (NV1 - read by Kate Reading),392.74,TRUE_STANDALONE_EXTRA,None (Not in Manifest),1998 - Pandora (NV1 - read by Kate Reading),Unknown,,
1999 - Vittorio the Vampire (NV2 - read by Jonathan Marosz),_Uncataloged\1999 - Vittorio the Vampire (NV2 - read by Jonathan Marosz),300.89,TRUE_STANDALONE_EXTRA,None (Not in Manifest),1999 - Vittorio the Vampire (NV2 - read by Jonathan Marosz),Unknown,,
2002 - Blackwood Farm (VC9 - read by David Pittu),_Uncataloged\2002 - Blackwood Farm (VC9 - read by David Pittu),854.5,TRUE_STANDALONE_EXTRA,None (Not in Manifest),2002 - Blackwood Farm (VC9 - read by David Pittu),Unknown,,
2005 - Christ the Lord - Out of Egypt (read by Josh Heine),_Uncataloged\2005 - Christ the Lord - Out of Egypt (read by Josh Heine),381.89,TRUE_STANDALONE_EXTRA,None (Not in Manifest),2005 - Christ the Lord - Out of Egypt (read by Josh Heine),Unknown,,
2009 - Angel Time (SS1 - read by Paul Michael),_Uncataloged\2009 - Angel Time (SS1 - read by Paul Michael),372.23,TRUE_STANDALONE_EXTRA,None (Not in Manifest),2009 - Angel Time (SS1 - read by Paul Michael),Unknown,,
2010 - Of Love and Evil (SS2 - read by Paul Michael),_Uncataloged\2010 - Of Love and Evil (SS2 - read by Paul Michael),232.88,TRUE_STANDALONE_EXTRA,None (Not in Manifest),2010 - Of Love and Evil (SS2 - read by Paul Michael),Unknown,,
The Vampire Lestat Disc 01,_Uncataloged\The Vampire Lestat Disc 01,42.43,TRUE_STANDALONE_EXTRA,None (Not in Manifest),The Vampire Lestat Disc 01,Unknown,,
The Vampire Lestat Disc 02,_Uncataloged\The Vampire Lestat Disc 02,43.8,TRUE_STANDALONE_EXTRA,None (Not in Manifest),The Vampire Lestat Disc 02,Unknown,,
The Vampire Lestat Disc 03,_Uncataloged\The Vampire Lestat Disc 03,43.34,TRUE_STANDALONE_EXTRA,None (Not in Manifest),The Vampire Lestat Disc 03,Unknown,,
The Vampire Lestat Disc 04,_Uncataloged\The Vampire Lestat Disc 04,44.61,TRUE_STANDALONE_EXTRA,None (Not in Manifest),The Vampire Lestat Disc 04,Unknown,,
The Vampire Lestat Disc 05,_Uncataloged\The Vampire Lestat Disc 05,43.56,TRUE_STANDALONE_EXTRA,None (Not in Manifest),The Vampire Lestat Disc 05,Unknown,,
The Vampire Lestat Disc 06,_Uncataloged\The Vampire Lestat Disc 06,44.48,TRUE_STANDALONE_EXTRA,None (Not in Manifest),The Vampire Lestat Disc 06,Unknown,,
The Vampire Lestat Disc 07,_Uncataloged\The Vampire Lestat Disc 07,42.67,TRUE_STANDALONE_EXTRA,None (Not in Manifest),The Vampire Lestat Disc 07,Unknown,,
The Vampire Lestat Disc 08,_Uncataloged\The Vampire Lestat Disc 08,44.63,TRUE_STANDALONE_EXTRA,None (Not in Manifest),The Vampire Lestat Disc 08,Unknown,,
The Vampire Lestat Disc 09,_Uncataloged\The Vampire Lestat Disc 09,42.8,TRUE_STANDALONE_EXTRA,None (Not in Manifest),The Vampire Lestat Disc 09,Unknown,,
The Vampire Lestat Disc 10,_Uncataloged\The Vampire Lestat Disc 10,44.68,TRUE_STANDALONE_EXTRA,None (Not in Manifest),The Vampire Lestat Disc 10,Unknown,,
The Vampire Lestat Disc 11,_Uncataloged\The Vampire Lestat Disc 11,43.9,TRUE_STANDALONE_EXTRA,None (Not in Manifest),The Vampire Lestat Disc 11,Unknown,,
The Vampire Lestat Disc 12,_Uncataloged\The Vampire Lestat Disc 12,42.6,TRUE_STANDALONE_EXTRA,None (Not in Manifest),The Vampire Lestat Disc 12,Unknown,,
The Vampire Lestat Disc 13,_Uncataloged\The Vampire Lestat Disc 13,41.12,TRUE_STANDALONE_EXTRA,None (Not in Manifest),The Vampire Lestat Disc 13,Unknown,,
The Vampire Lestat Disc 14,_Uncataloged\The Vampire Lestat Disc 14,42.78,TRUE_STANDALONE_EXTRA,None (Not in Manifest),The Vampire Lestat Disc 14,Unknown,,
The Vampire Lestat Disc 15,_Uncataloged\The Vampire Lestat Disc 15,43.76,TRUE_STANDALONE_EXTRA,None (Not in Manifest),The Vampire Lestat Disc 15,Unknown,,
The Vampire Lestat Disc 16,_Uncataloged\The Vampire Lestat Disc 16,44.04,TRUE_STANDALONE_EXTRA,None (Not in Manifest),The Vampire Lestat Disc 16,Unknown,,
The Vampire Lestat Disc 17,_Uncataloged\The Vampire Lestat Disc 17,40.86,TRUE_STANDALONE_EXTRA,None (Not in Manifest),The Vampire Lestat Disc 17,Unknown,,
The Vampire Lestat Disc 18,_Uncataloged\The Vampire Lestat Disc 18,42.37,TRUE_STANDALONE_EXTRA,None (Not in Manifest),The Vampire Lestat Disc 18,Unknown,,
The Vampire Lestat Disc 19,_Uncataloged\The Vampire Lestat Disc 19,42.05,TRUE_STANDALONE_EXTRA,None (Not in Manifest),The Vampire Lestat Disc 19,Unknown,,
CD01,_Uncataloged\CD01,36.04,DUPLICATE_EXTRA_COPY,None (Not in Manifest),CD01,Unknown,,
CD02,_Uncataloged\CD02,36.14,DUPLICATE_EXTRA_COPY,None (Not in Manifest),CD02,Unknown,,
CD03,_Uncataloged\CD03,36.14,DUPLICATE_EXTRA_COPY,None (Not in Manifest),CD03,Unknown,,
CD04,_Uncataloged\CD04,36.14,DUPLICATE_EXTRA_COPY,None (Not in Manifest),CD04,Unknown,,
CD05,_Uncataloged\CD05,16.52,DUPLICATE_EXTRA_COPY,None (Not in Manifest),CD05,Unknown,,
CD01_1,_Uncataloged\CD01_1,34.43,DUPLICATE_EXTRA_COPY,None (Not in Manifest),CD01,Unknown,,
CD02_1,_Uncataloged\CD02_1,34.88,DUPLICATE_EXTRA_COPY,None (Not in Manifest),CD02,Unknown,,
CD03_1,_Uncataloged\CD03_1,34.23,DUPLICATE_EXTRA_COPY,None (Not in Manifest),CD03,Unknown,,
CD04_1,_Uncataloged\CD04_1,31.78,DUPLICATE_EXTRA_COPY,None (Not in Manifest),CD04,Unknown,,
CD05_1,_Uncataloged\CD05_1,33.0,DUPLICATE_EXTRA_COPY,None (Not in Manifest),CD05,Unknown,,
CD06,_Uncataloged\CD06,32.83,DUPLICATE_EXTRA_COPY,None (Not in Manifest),CD06,Unknown,,
CD07,_Uncataloged\CD07,34.68,DUPLICATE_EXTRA_COPY,None (Not in Manifest),CD07,Unknown,,
CD08,_Uncataloged\CD08,32.38,DUPLICATE_EXTRA_COPY,None (Not in Manifest),CD08,Unknown,,
CD09,_Uncataloged\CD09,33.13,DUPLICATE_EXTRA_COPY,None (Not in Manifest),CD09,Unknown,,
CD10,_Uncataloged\CD10,34.45,DUPLICATE_EXTRA_COPY,None (Not in Manifest),CD10,Unknown,,
CD11,_Uncataloged\CD11,34.25,DUPLICATE_EXTRA_COPY,None (Not in Manifest),CD11,Unknown,,
CD12,_Uncataloged\CD12,31.61,DUPLICATE_EXTRA_COPY,None (Not in Manifest),CD12,Unknown,,
CD1,_Uncataloged\CD1,31.38,DUPLICATE_EXTRA_COPY,None (Not in Manifest),CD1,Unknown,,
CD2,_Uncataloged\CD2,30.41,DUPLICATE_EXTRA_COPY,None (Not in Manifest),CD2,Unknown,,
CD3,_Uncataloged\CD3,30.35,DUPLICATE_EXTRA_COPY,None (Not in Manifest),CD3,Unknown,,
CD4,_Uncataloged\CD4,29.93,DUPLICATE_EXTRA_COPY,None (Not in Manifest),CD4,Unknown,,
CD5,_Uncataloged\CD5,29.34,DUPLICATE_EXTRA_COPY,None (Not in Manifest),CD5,Unknown,,
1 The Magician's Nephew,_Uncataloged\1 The Magician's Nephew,26.7,TRUE_STANDALONE_EXTRA,None (Not in Manifest),1 The Magician's Nephew,Unknown,,
"2 The Lion, The Witch and The Wardrobe","_Uncataloged\2 The Lion, The Witch and The Wardrobe",26.69,TRUE_STANDALONE_EXTRA,None (Not in Manifest),"2 The Lion, The Witch and The Wardrobe",Unknown,,
3 The Horse and His Boy,_Uncataloged\3 The Horse and His Boy,30.25,TRUE_STANDALONE_EXTRA,None (Not in Manifest),3 The Horse and His Boy,Unknown,,
4 Prince Caspian,_Uncataloged\4 Prince Caspian,29.9,TRUE_STANDALONE_EXTRA,None (Not in Manifest),4 Prince Caspian,Unknown,,
6 The Silver Chair,_Uncataloged\6 The Silver Chair,30.86,TRUE_STANDALONE_EXTRA,None (Not in Manifest),6 The Silver Chair,Unknown,,
7 The Last Battle,_Uncataloged\7 The Last Battle,16.13,TRUE_STANDALONE_EXTRA,None (Not in Manifest),7 The Last Battle,Unknown,,
Beware of Chicken 2 _B0BVDQSZVN_LC_128_44100_Stereo.m4b,_Uncataloged\Beware of Chicken 2 _B0BVDQSZVN_LC_128_44100_Stereo.m4b,471.9,TRUE_STANDALONE_EXTRA,None (Not in Manifest),Beware of Chicken 2 _B0BVDQSZVN_LC_128_44100_Stereo.m4b,Unknown,,
Beware of Chicken 2 _B0BVD38YJJ_LC_128_44100_Stereo.m4b,_Uncataloged\Beware of Chicken 2 _B0BVD38YJJ_LC_128_44100_Stereo.m4b,517.99,TRUE_STANDALONE_EXTRA,None (Not in Manifest),Beware of Chicken 2 _B0BVD38YJJ_LC_128_44100_Stereo.m4b,Unknown,,
Beware of Chicken 3 _B0CM3LRPVD_LC_128_44100_Stereo.m4b,_Uncataloged\Beware of Chicken 3 _B0CM3LRPVD_LC_128_44100_Stereo.m4b,543.16,TRUE_STANDALONE_EXTRA,None (Not in Manifest),Beware of Chicken 3 _B0CM3LRPVD_LC_128_44100_Stereo.m4b,Unknown,,
Beware of Chicken 3 _B0CM3MJX6B_LC_128_44100_Stereo.m4b,_Uncataloged\Beware of Chicken 3 _B0CM3MJX6B_LC_128_44100_Stereo.m4b,537.14,TRUE_STANDALONE_EXTRA,None (Not in Manifest),Beware of Chicken 3 _B0CM3MJX6B_LC_128_44100_Stereo.m4b,Unknown,,
Beware of Chicken A _B09Y74RHLC_LC_128_44100_Stereo.m4b,_Uncataloged\Beware of Chicken A _B09Y74RHLC_LC_128_44100_Stereo.m4b,328.62,TRUE_STANDALONE_EXTRA,None (Not in Manifest),Beware of Chicken A _B09Y74RHLC_LC_128_44100_Stereo.m4b,Unknown,,
Dead and Gone Sookie_B002VA9MU6_LC_64_22050_Stereo.m4b,_Uncataloged\Dead and Gone Sookie_B002VA9MU6_LC_64_22050_Stereo.m4b,124.83,TRUE_STANDALONE_EXTRA,None (Not in Manifest),Dead and Gone Sookie_B002VA9MU6_LC_64_22050_Stereo.m4b,Unknown,,
Christopher Moore - The Stupidest Angel,_Uncataloged\Christopher Moore - The Stupidest Angel,343.38,TRUE_STANDALONE_EXTRA,None (Not in Manifest),Christopher Moore - The Stupidest Angel,Unknown,,
Ellen DeGeneres - The Funny Thing Is... Audiobook In Proper Order [JabbaJr],_Uncataloged\Ellen DeGeneres - The Funny Thing Is... Audiobook In Proper Order [JabbaJr],66.68,TRUE_STANDALONE_EXTRA,None (Not in Manifest),Ellen DeGeneres - The Funny Thing Is... Audiobook In Proper Order [JabbaJr],Unknown,,
Tony Hawks - Round Ireland with a Fridge - BBC Radio Audiobook - cheops,_Uncataloged\Tony Hawks - Round Ireland with a Fridge - BBC Radio Audiobook - cheops,61.91,TRUE_STANDALONE_EXTRA,None (Not in Manifest),Tony Hawks - Round Ireland with a Fridge - BBC Radio Audiobook - cheops,Unknown,,
what women want men to know audio book [h33t][spooner],_Uncataloged\what women want men to know audio book [h33t][spooner],161.32,TRUE_STANDALONE_EXTRA,None (Not in Manifest),what women want men to know audio book [h33t][spooner],Unknown,,
CD 1,_Uncataloged\CD 1,14.59,DUPLICATE_EXTRA_COPY,None (Not in Manifest),CD 1,Unknown,,
CD 2,_Uncataloged\CD 2,14.76,DUPLICATE_EXTRA_COPY,None (Not in Manifest),CD 2,Unknown,,
CD 3,_Uncataloged\CD 3,12.0,DUPLICATE_EXTRA_COPY,None (Not in Manifest),CD 3,Unknown,,
CD 4,_Uncataloged\CD 4,15.21,DUPLICATE_EXTRA_COPY,None (Not in Manifest),CD 4,Unknown,,
CD 5,_Uncataloged\CD 5,15.41,DUPLICATE_EXTRA_COPY,None (Not in Manifest),CD 5,Unknown,,
CD 6,_Uncataloged\CD 6,14.88,DUPLICATE_EXTRA_COPY,None (Not in Manifest),CD 6,Unknown,,
CD 7,_Uncataloged\CD 7,14.08,DUPLICATE_EXTRA_COPY,None (Not in Manifest),CD 7,Unknown,,
Dan Brown Angels & Demons Disk1,_Uncataloged\Dan Brown Angels & Demons Disk1,64.31,TRUE_STANDALONE_EXTRA,None (Not in Manifest),Dan Brown Angels & Demons Disk1,Unknown,,
Disc 1,_Uncataloged\Disc 1,73.1,TRUE_STANDALONE_EXTRA,None (Not in Manifest),Disc 1,Unknown,,
Disc 2,_Uncataloged\Disc 2,72.82,TRUE_STANDALONE_EXTRA,None (Not in Manifest),Disc 2,Unknown,,
Disc 3,_Uncataloged\Disc 3,73.11,TRUE_STANDALONE_EXTRA,None (Not in Manifest),Disc 3,Unknown,,
Disc 4,_Uncataloged\Disc 4,72.58,TRUE_STANDALONE_EXTRA,None (Not in Manifest),Disc 4,Unknown,,
Disc 5,_Uncataloged\Disc 5,72.25,TRUE_STANDALONE_EXTRA,None (Not in Manifest),Disc 5,Unknown,,
Brotherhood of the W_B002V5A03O_LC_128_44100_Stereo.m4b,_Uncataloged\Brotherhood of the W_B002V5A03O_LC_128_44100_Stereo.m4b,281.0,TRUE_STANDALONE_EXTRA,None (Not in Manifest),Brotherhood of the W_B002V5A03O_LC_128_44100_Stereo.m4b,Unknown,,
Brotherhood of the W_B002V5COK6_LC_128_44100_Stereo.m4b,_Uncataloged\Brotherhood of the W_B002V5COK6_LC_128_44100_Stereo.m4b,484.52,TRUE_STANDALONE_EXTRA,None (Not in Manifest),Brotherhood of the W_B002V5COK6_LC_128_44100_Stereo.m4b,Unknown,,
HH01 - On Basilisk Station,_Uncataloged\HH01 - On Basilisk Station,381.95,TRUE_STANDALONE_EXTRA,None (Not in Manifest),HH01 - On Basilisk Station,Unknown,,
HH02 - The Honor of the Queen,_Uncataloged\HH02 - The Honor of the Queen,390.33,TRUE_STANDALONE_EXTRA,None (Not in Manifest),HH02 - The Honor of the Queen,Unknown,,
HH03 - Short Victorious War,_Uncataloged\HH03 - Short Victorious War,341.0,TRUE_STANDALONE_EXTRA,None (Not in Manifest),HH03 - Short Victorious War,Unknown,,
HH04 - Field of Dishonor,_Uncataloged\HH04 - Field of Dishonor,336.57,TRUE_STANDALONE_EXTRA,None (Not in Manifest),HH04 - Field of Dishonor,Unknown,,
HH06 - Honor Among Enemies,_Uncataloged\HH06 - Honor Among Enemies,496.75,TRUE_STANDALONE_EXTRA,None (Not in Manifest),HH06 - Honor Among Enemies,Unknown,,
HH07 - In Enemy Hands,_Uncataloged\HH07 - In Enemy Hands,524.65,TRUE_STANDALONE_EXTRA,None (Not in Manifest),HH07 - In Enemy Hands,Unknown,,
HH08 - Echoes of Honor,_Uncataloged\HH08 - Echoes of Honor,738.43,TRUE_STANDALONE_EXTRA,None (Not in Manifest),HH08 - Echoes of Honor,Unknown,,
HH10 - War of Honor,_Uncataloged\HH10 - War of Honor,968.43,TRUE_STANDALONE_EXTRA,None (Not in Manifest),HH10 - War of Honor,Unknown,,
HH11 - At All Costs,_Uncataloged\HH11 - At All Costs,866.19,TRUE_STANDALONE_EXTRA,None (Not in Manifest),HH11 - At All Costs,Unknown,,
SI01 - Crown of Slaves,_Uncataloged\SI01 - Crown of Slaves,687.51,TRUE_STANDALONE_EXTRA,None (Not in Manifest),SI01 - Crown of Slaves,Unknown,,
SI02 - The Shadow of Saganami,_Uncataloged\SI02 - The Shadow of Saganami,1025.96,TRUE_STANDALONE_EXTRA,None (Not in Manifest),SI02 - The Shadow of Saganami,Unknown,,
LDK 1,_Uncataloged\LDK 1,196.09,TRUE_STANDALONE_EXTRA,None (Not in Manifest),LDK 1,Unknown,,
LDK 2,_Uncataloged\LDK 2,189.74,TRUE_STANDALONE_EXTRA,None (Not in Manifest),LDK 2,Unknown,,
LDK 3,_Uncataloged\LDK 3,199.05,TRUE_STANDALONE_EXTRA,None (Not in Manifest),LDK 3,Unknown,,
LDK 4,_Uncataloged\LDK 4,142.42,TRUE_STANDALONE_EXTRA,None (Not in Manifest),LDK 4,Unknown,,
LDK 5,_Uncataloged\LDK 5,135.06,TRUE_STANDALONE_EXTRA,None (Not in Manifest),LDK 5,Unknown,,
Hitchhiker's Guide To The Galaxy - 1 - Primary Phase,_Uncataloged\Hitchhiker's Guide To The Galaxy - 1 - Primary Phase,201.47,TRUE_STANDALONE_EXTRA,None (Not in Manifest),Hitchhiker's Guide To The Galaxy - 1 - Primary Phase,Unknown,,
Hitchhiker's Guide To The Galaxy - 2 - Secondary Phase,_Uncataloged\Hitchhiker's Guide To The Galaxy - 2 - Secondary Phase,204.08,TRUE_STANDALONE_EXTRA,None (Not in Manifest),Hitchhiker's Guide To The Galaxy - 2 - Secondary Phase,Unknown,,
Hitchhiker's Guide To The Galaxy - 4 - Quandary Phase,_Uncataloged\Hitchhiker's Guide To The Galaxy - 4 - Quandary Phase,103.11,TRUE_STANDALONE_EXTRA,None (Not in Manifest),Hitchhiker's Guide To The Galaxy - 4 - Quandary Phase,Unknown,,
Hitchhiker's Guide To The Galaxy - 5 - Quintessential Phase,_Uncataloged\Hitchhiker's Guide To The Galaxy - 5 - Quintessential Phase,103.43,TRUE_STANDALONE_EXTRA,None (Not in Manifest),Hitchhiker's Guide To The Galaxy - 5 - Quintessential Phase,Unknown,,
2 Restaurant At The End Of The Universe,_Uncataloged\2 Restaurant At The End Of The Universe,4.57,TRUE_STANDALONE_EXTRA,None (Not in Manifest),2 Restaurant At The End Of The Universe,Unknown,,
1. Hitchhikers Guide To The Galaxy,_Uncataloged\1. Hitchhikers Guide To The Galaxy,269.53,TRUE_STANDALONE_EXTRA,None (Not in Manifest),1. Hitchhikers Guide To The Galaxy,Unknown,,
2 Restaurant At The End Of The Universe_1,_Uncataloged\2 Restaurant At The End Of The Universe_1,271.07,DUPLICATE_EXTRA_COPY,None (Not in Manifest),2 Restaurant At The End Of The Universe,Unknown,,
4. So Long And Thanks For All The Fish,_Uncataloged\4. So Long And Thanks For All The Fish,228.2,TRUE_STANDALONE_EXTRA,None (Not in Manifest),4. So Long And Thanks For All The Fish,Unknown,,
25 Demon Wars - Book 01 - The Demon Awakens,_Uncataloged\25 Demon Wars - Book 01 - The Demon Awakens,617.54,TRUE_STANDALONE_EXTRA,None (Not in Manifest),25 Demon Wars - Book 01 - The Demon Awakens,Unknown,,
26 Demon Wars - Book 02 - The Demon Spirit,_Uncataloged\26 Demon Wars - Book 02 - The Demon Spirit,585.57,TRUE_STANDALONE_EXTRA,None (Not in Manifest),26 Demon Wars - Book 02 - The Demon Spirit,Unknown,,
"Time Enough For Love, Volume 1 Part 1","_Uncataloged\Time Enough For Love, Volume 1 Part 1",75.3,TRUE_STANDALONE_EXTRA,None (Not in Manifest),"Time Enough For Love, Volume 1 Part 1",Unknown,,
CD01_2,_Uncataloged\CD01_2,30.69,DUPLICATE_EXTRA_COPY,None (Not in Manifest),CD01,Unknown,,
CD02_2,_Uncataloged\CD02_2,33.13,DUPLICATE_EXTRA_COPY,None (Not in Manifest),CD02,Unknown,,
CD03_2,_Uncataloged\CD03_2,31.9,DUPLICATE_EXTRA_COPY,None (Not in Manifest),CD03,Unknown,,
CD04_2,_Uncataloged\CD04_2,31.47,DUPLICATE_EXTRA_COPY,None (Not in Manifest),CD04,Unknown,,
CD05_2,_Uncataloged\CD05_2,33.02,DUPLICATE_EXTRA_COPY,None (Not in Manifest),CD05,Unknown,,
CD06_1,_Uncataloged\CD06_1,33.42,DUPLICATE_EXTRA_COPY,None (Not in Manifest),CD06,Unknown,,
CD07_1,_Uncataloged\CD07_1,29.74,DUPLICATE_EXTRA_COPY,None (Not in Manifest),CD07,Unknown,,
CD08_1,_Uncataloged\CD08_1,31.33,DUPLICATE_EXTRA_COPY,None (Not in Manifest),CD08,Unknown,,
CD09_1,_Uncataloged\CD09_1,31.73,DUPLICATE_EXTRA_COPY,None (Not in Manifest),CD09,Unknown,,
CD10_1,_Uncataloged\CD10_1,29.55,DUPLICATE_EXTRA_COPY,None (Not in Manifest),CD10,Unknown,,
Adventures of Superman,_Uncataloged\Adventures of Superman,37.56,TRUE_STANDALONE_EXTRA,None (Not in Manifest),Adventures of Superman,Unknown,,
Spiderman,_Uncataloged\Spiderman,130.89,TRUE_STANDALONE_EXTRA,None (Not in Manifest),Spiderman,Unknown,,
The Amazing Spiderman CD1,_Uncataloged\The Amazing Spiderman CD1,128.09,TRUE_STANDALONE_EXTRA,None (Not in Manifest),The Amazing Spiderman CD1,Unknown,,
Marvel Planet_Hulk,_Uncataloged\Marvel Planet_Hulk,318.64,TRUE_STANDALONE_EXTRA,None (Not in Manifest),Marvel Planet_Hulk,Unknown,,
23-Paradise Snare[Han Solo Trilogy Book 1],_Uncataloged\23-Paradise Snare[Han Solo Trilogy Book 1],176.27,TRUE_STANDALONE_EXTRA,None (Not in Manifest),23-Paradise Snare[Han Solo Trilogy Book 1],Unknown,,
35-Rebel Agent[Dark Forces Trilogy Book 2],_Uncataloged\35-Rebel Agent[Dark Forces Trilogy Book 2],111.87,TRUE_STANDALONE_EXTRA,None (Not in Manifest),35-Rebel Agent[Dark Forces Trilogy Book 2],Unknown,,
65-Starfighters Of Adumar[X-Wing Book 9],_Uncataloged\65-Starfighters Of Adumar[X-Wing Book 9],52.85,TRUE_STANDALONE_EXTRA,None (Not in Manifest),65-Starfighters Of Adumar[X-Wing Book 9],Unknown,,
78-Onslaught[The New Jedi Order Book 2],_Uncataloged\78-Onslaught[The New Jedi Order Book 2],61.61,TRUE_STANDALONE_EXTRA,None (Not in Manifest),78-Onslaught[The New Jedi Order Book 2],Unknown,,
101-Tempest[Legacy Of The Force Book 3],_Uncataloged\101-Tempest[Legacy Of The Force Book 3],346.23,TRUE_STANDALONE_EXTRA,None (Not in Manifest),101-Tempest[Legacy Of The Force Book 3],Unknown,,
26-Soldier For The Empire[Dark Forces Trilogy Book 1],_Uncataloged\26-Soldier For The Empire[Dark Forces Trilogy Book 1],98.02,TRUE_STANDALONE_EXTRA,None (Not in Manifest),26-Soldier For The Empire[Dark Forces Trilogy Book 1],Unknown,,
58-Jedi Search[The Jedi Academy Trilogy Book 1],_Uncataloged\58-Jedi Search[The Jedi Academy Trilogy Book 1],53.71,TRUE_STANDALONE_EXTRA,None (Not in Manifest),58-Jedi Search[The Jedi Academy Trilogy Book 1],Unknown,,
62-Children Of The Jedi[Callista Trilogy Book 1],_Uncataloged\62-Children Of The Jedi[Callista Trilogy Book 1],58.59,TRUE_STANDALONE_EXTRA,None (Not in Manifest),62-Children Of The Jedi[Callista Trilogy Book 1],Unknown,,
71-Ambush At Corellia[The Corellian Trilogy Book 1],_Uncataloged\71-Ambush At Corellia[The Corellian Trilogy Book 1],53.84,TRUE_STANDALONE_EXTRA,None (Not in Manifest),71-Ambush At Corellia[The Corellian Trilogy Book 1],Unknown,,
74-Specter Of The Past[The Thrawn Duologuy Book 1],_Uncataloged\74-Specter Of The Past[The Thrawn Duologuy Book 1],57.4,TRUE_STANDALONE_EXTRA,None (Not in Manifest),74-Specter Of The Past[The Thrawn Duologuy Book 1],Unknown,,
92-Refugee[The New Jedi Order Book 16],_Uncataloged\92-Refugee[The New Jedi Order Book 16],75.54,TRUE_STANDALONE_EXTRA,None (Not in Manifest),92-Refugee[The New Jedi Order Book 16],Unknown,,
CD1_1,_Uncataloged\CD1_1,12.83,DUPLICATE_EXTRA_COPY,None (Not in Manifest),CD1,Unknown,,
CD2_1,_Uncataloged\CD2_1,13.69,DUPLICATE_EXTRA_COPY,None (Not in Manifest),CD2,Unknown,,
CD3_1,_Uncataloged\CD3_1,12.78,DUPLICATE_EXTRA_COPY,None (Not in Manifest),CD3,Unknown,,
CD01_3,_Uncataloged\CD01_3,69.41,DUPLICATE_EXTRA_COPY,None (Not in Manifest),CD01,Unknown,,
CD02_3,_Uncataloged\CD02_3,69.8,DUPLICATE_EXTRA_COPY,None (Not in Manifest),CD02,Unknown,,
CD03_3,_Uncataloged\CD03_3,69.77,DUPLICATE_EXTRA_COPY,None (Not in Manifest),CD03,Unknown,,
CD04_3,_Uncataloged\CD04_3,68.78,DUPLICATE_EXTRA_COPY,None (Not in Manifest),CD04,Unknown,,
CD05_3,_Uncataloged\CD05_3,67.58,DUPLICATE_EXTRA_COPY,None (Not in Manifest),CD05,Unknown,,
CD06_2,_Uncataloged\CD06_2,69.12,DUPLICATE_EXTRA_COPY,None (Not in Manifest),CD06,Unknown,,
CD07_2,_Uncataloged\CD07_2,68.99,DUPLICATE_EXTRA_COPY,None (Not in Manifest),CD07,Unknown,,
CD08_2,_Uncataloged\CD08_2,69.21,DUPLICATE_EXTRA_COPY,None (Not in Manifest),CD08,Unknown,,
CD09_2,_Uncataloged\CD09_2,69.28,DUPLICATE_EXTRA_COPY,None (Not in Manifest),CD09,Unknown,,
1 - Ender's Game,_Uncataloged\1 - Ender's Game,192.59,TRUE_STANDALONE_EXTRA,None (Not in Manifest),1 - Ender's Game,Unknown,,
4 - Childeren of the Mind,_Uncataloged\4 - Childeren of the Mind,184.92,TRUE_STANDALONE_EXTRA,None (Not in Manifest),4 - Childeren of the Mind,Unknown,,
5 - Enders Shadow,_Uncataloged\5 - Enders Shadow,216.03,TRUE_STANDALONE_EXTRA,None (Not in Manifest),5 - Enders Shadow,Unknown,,
6 - Shadow of the Hegemon,_Uncataloged\6 - Shadow of the Hegemon,177.36,TRUE_STANDALONE_EXTRA,None (Not in Manifest),6 - Shadow of the Hegemon,Unknown,,
7 - Shadow Puppets,_Uncataloged\7 - Shadow Puppets,258.01,TRUE_STANDALONE_EXTRA,None (Not in Manifest),7 - Shadow Puppets,Unknown,,
8 - Shadow of the Giant,_Uncataloged\8 - Shadow of the Giant,298.11,TRUE_STANDALONE_EXTRA,None (Not in Manifest),8 - Shadow of the Giant,Unknown,,
Dragonslayer's Retur_B003TTWD2W_LC_64_22050_Stereo.m4b,_Uncataloged\Dragonslayer's Retur_B003TTWD2W_LC_64_22050_Stereo.m4b,137.59,TRUE_STANDALONE_EXTRA,None (Not in Manifest),Dragonslayer's Retur_B003TTWD2W_LC_64_22050_Stereo.m4b,Unknown,,
Echoes of the Fourth_B003BKOXXQ_LC_64_22050_Stereo.m4b,_Uncataloged\Echoes of the Fourth_B003BKOXXQ_LC_64_22050_Stereo.m4b,152.54,TRUE_STANDALONE_EXTRA,None (Not in Manifest),Echoes of the Fourth_B003BKOXXQ_LC_64_22050_Stereo.m4b,Unknown,,
14 Sea of Swords,_Uncataloged\14 Sea of Swords,550.49,TRUE_STANDALONE_EXTRA,None (Not in Manifest),14 Sea of Swords,Unknown,,
12 The Spine of the World (TA),_Uncataloged\12 The Spine of the World (TA),549.0,TRUE_STANDALONE_EXTRA,None (Not in Manifest),12 The Spine of the World (TA),Unknown,,
Book 1 - Foundation,_Uncataloged\Book 1 - Foundation,169.95,TRUE_STANDALONE_EXTRA,None (Not in Manifest),Book 1 - Foundation,Unknown,,
CD 01,_Uncataloged\CD 01,34.49,DUPLICATE_EXTRA_COPY,None (Not in Manifest),CD 01,Unknown,,
CD 02,_Uncataloged\CD 02,34.18,TRUE_STANDALONE_EXTRA,None (Not in Manifest),CD 02,Unknown,,
CD 03,_Uncataloged\CD 03,34.7,TRUE_STANDALONE_EXTRA,None (Not in Manifest),CD 03,Unknown,,
CD 04,_Uncataloged\CD 04,32.43,TRUE_STANDALONE_EXTRA,None (Not in Manifest),CD 04,Unknown,,
CD 05,_Uncataloged\CD 05,34.83,TRUE_STANDALONE_EXTRA,None (Not in Manifest),CD 05,Unknown,,
CD 06,_Uncataloged\CD 06,34.67,TRUE_STANDALONE_EXTRA,None (Not in Manifest),CD 06,Unknown,,
CD 07,_Uncataloged\CD 07,31.39,TRUE_STANDALONE_EXTRA,None (Not in Manifest),CD 07,Unknown,,
Apt Pupil,_Uncataloged\Apt Pupil,136.53,TRUE_STANDALONE_EXTRA,None (Not in Manifest),Apt Pupil,Unknown,,
Rita Hayworth and the Shawshank Redemption,_Uncataloged\Rita Hayworth and the Shawshank Redemption,81.19,TRUE_STANDALONE_EXTRA,None (Not in Manifest),Rita Hayworth and the Shawshank Redemption,Unknown,,
The Body,_Uncataloged\The Body,134.73,TRUE_STANDALONE_EXTRA,None (Not in Manifest),The Body,Unknown,,
The Breathing Method,_Uncataloged\The Breathing Method,32.75,TRUE_STANDALONE_EXTRA,None (Not in Manifest),The Breathing Method,Unknown,,
13 - Riding the Bullet,_Uncataloged\13 - Riding the Bullet,88.59,DUPLICATE_EXTRA_COPY,None (Not in Manifest),13 - Riding the Bullet,Unknown,,
1 Past Midnight - The Langoliers,_Uncataloged\1 Past Midnight - The Langoliers,379.77,DUPLICATE_EXTRA_COPY,None (Not in Manifest),1 Past Midnight - The Langoliers,Unknown,,
2 Past Midnight - Secret Window Secret Garden,_Uncataloged\2 Past Midnight - Secret Window Secret Garden,317.24,TRUE_STANDALONE_EXTRA,None (Not in Manifest),2 Past Midnight - Secret Window Secret Garden,Unknown,,
3 Past Midnight - The Library Policeman,_Uncataloged\3 Past Midnight - The Library Policeman,240.36,TRUE_STANDALONE_EXTRA,None (Not in Manifest),3 Past Midnight - The Library Policeman,Unknown,,
4 Past Midnight - The Sun Dog,_Uncataloged\4 Past Midnight - The Sun Dog,42.5,TRUE_STANDALONE_EXTRA,None (Not in Manifest),4 Past Midnight - The Sun Dog,Unknown,,
01 - Jerusalem's Lot,_Uncataloged\01 - Jerusalem's Lot,42.26,TRUE_STANDALONE_EXTRA,None (Not in Manifest),01 - Jerusalem's Lot,Unknown,,
02 - Graveyard Shift,_Uncataloged\02 - Graveyard Shift,20.78,DUPLICATE_EXTRA_COPY,None (Not in Manifest),02 - Graveyard Shift,Unknown,,
03 - Night Surf,_Uncataloged\03 - Night Surf,10.13,TRUE_STANDALONE_EXTRA,None (Not in Manifest),03 - Night Surf,Unknown,,
05 - The Mangler,_Uncataloged\05 - The Mangler,22.91,TRUE_STANDALONE_EXTRA,None (Not in Manifest),05 - The Mangler,Unknown,,
06 - The Boogeyman,_Uncataloged\06 - The Boogeyman,14.84,TRUE_STANDALONE_EXTRA,None (Not in Manifest),06 - The Boogeyman,Unknown,,
07 - Grey Matter,_Uncataloged\07 - Grey Matter,14.64,TRUE_STANDALONE_EXTRA,None (Not in Manifest),07 - Grey Matter,Unknown,,
08 - Battleground,_Uncataloged\08 - Battleground,11.03,TRUE_STANDALONE_EXTRA,None (Not in Manifest),08 - Battleground,Unknown,,
10 - Sometimes They Come Back,_Uncataloged\10 - Sometimes They Come Back,31.63,TRUE_STANDALONE_EXTRA,None (Not in Manifest),10 - Sometimes They Come Back,Unknown,,
11 - Strawberry Spring,_Uncataloged\11 - Strawberry Spring,11.46,TRUE_STANDALONE_EXTRA,None (Not in Manifest),11 - Strawberry Spring,Unknown,,
12 - The Ledge,_Uncataloged\12 - The Ledge,19.89,TRUE_STANDALONE_EXTRA,None (Not in Manifest),12 - The Ledge,Unknown,,
13 - The Lawnmower Man,_Uncataloged\13 - The Lawnmower Man,11.15,TRUE_STANDALONE_EXTRA,None (Not in Manifest),13 - The Lawnmower Man,Unknown,,
14 - Quitters Inc,_Uncataloged\14 - Quitters Inc,22.43,TRUE_STANDALONE_EXTRA,None (Not in Manifest),14 - Quitters Inc,Unknown,,
15 - I Know What You Need,_Uncataloged\15 - I Know What You Need,25.59,DUPLICATE_EXTRA_COPY,None (Not in Manifest),15 - I Know What You Need,Unknown,,
16 - Children of the Corn,_Uncataloged\16 - Children of the Corn,30.93,TRUE_STANDALONE_EXTRA,None (Not in Manifest),16 - Children of the Corn,Unknown,,
17 - The Last Rung on the Ladder,_Uncataloged\17 - The Last Rung on the Ladder,13.94,TRUE_STANDALONE_EXTRA,None (Not in Manifest),17 - The Last Rung on the Ladder,Unknown,,
18 - The Man Who Loved Flowers,_Uncataloged\18 - The Man Who Loved Flowers,6.71,TRUE_STANDALONE_EXTRA,None (Not in Manifest),18 - The Man Who Loved Flowers,Unknown,,
Nightmares & Dreamscapes (ALL 24 short stories),_Uncataloged\Nightmares & Dreamscapes (ALL 24 short stories),468.49,DUPLICATE_EXTRA_COPY,None (Not in Manifest),Nightmares & Dreamscapes (ALL 24 short stories),Unknown,,
Skeleton Crew (4 out of 5 short stories released),_Uncataloged\Skeleton Crew (4 out of 5 short stories released),222.69,TRUE_STANDALONE_EXTRA,None (Not in Manifest),Skeleton Crew (4 out of 5 short stories released),Unknown,,
Audio.Book-Stephen.King--The.Shawshank.Redemption--Unabriged_SUSPENSE_{WHIX},_Uncataloged\Audio.Book-Stephen.King--The.Shawshank.Redemption--Unabriged_SUSPENSE_{WHIX},83.7,TRUE_STANDALONE_EXTRA,None (Not in Manifest),Audio.Book-Stephen.King--The.Shawshank.Redemption--Unabriged_SUSPENSE_{WHIX},Unknown,,
Battleground - NS,_Uncataloged\Battleground - NS,10.5,TRUE_STANDALONE_EXTRA,None (Not in Manifest),Battleground - NS,Unknown,,
The Mummy,_Uncataloged\The Mummy,61.76,TRUE_STANDALONE_EXTRA,None (Not in Manifest),The Mummy,Unknown,,
Gray Matter - NS,_Uncataloged\Gray Matter - NS,45.54,TRUE_STANDALONE_EXTRA,None (Not in Manifest),Gray Matter - NS,Unknown,,
Night Surf - NS,_Uncataloged\Night Surf - NS,4.98,TRUE_STANDALONE_EXTRA,None (Not in Manifest),Night Surf - NS,Unknown,,
Stephen King & Peter Straub - The Talisman,_Uncataloged\Stephen King & Peter Straub - The Talisman,382.87,DUPLICATE_EXTRA_COPY,None (Not in Manifest),Stephen King & Peter Straub - The Talisman,Unknown,,
Stephen King - Everything's Eventual - 5 Dark Tales Audiobook In Proper Order [JabbaJr],_Uncataloged\Stephen King - Everything's Eventual - 5 Dark Tales Audiobook In Proper Order [JabbaJr],300.78,TRUE_STANDALONE_EXTRA,None (Not in Manifest),Stephen King - Everything's Eventual - 5 Dark Tales Audiobook In Proper Order [JabbaJr],Unknown,,
Stephen King - Eyes Of The Dragon Complete Audiobook In Proper Order [JabbaJr],_Uncataloged\Stephen King - Eyes Of The Dragon Complete Audiobook In Proper Order [JabbaJr],154.62,TRUE_STANDALONE_EXTRA,None (Not in Manifest),Stephen King - Eyes Of The Dragon Complete Audiobook In Proper Order [JabbaJr],Unknown,,
Stephen King - Liseys Story,_Uncataloged\Stephen King - Liseys Story,518.3,TRUE_STANDALONE_EXTRA,None (Not in Manifest),Stephen King - Liseys Story,Unknown,,
Stephen King - Stationary Bike,_Uncataloged\Stephen King - Stationary Bike,84.53,DUPLICATE_EXTRA_COPY,None (Not in Manifest),Stephen King - Stationary Bike,Unknown,,
The Gingerbread Girl - Stephen King Audiobook Unabridged,_Uncataloged\The Gingerbread Girl - Stephen King Audiobook Unabridged,76.68,TRUE_STANDALONE_EXTRA,None (Not in Manifest),The Gingerbread Girl - Stephen King Audiobook Unabridged,Unknown,,
The Boogeyman - NS,_Uncataloged\The Boogeyman - NS,14.27,TRUE_STANDALONE_EXTRA,None (Not in Manifest),The Boogeyman - NS,Unknown,,
The Ledge - NS,_Uncataloged\The Ledge - NS,19.5,TRUE_STANDALONE_EXTRA,None (Not in Manifest),The Ledge - NS,Unknown,,
The Mangler - NS,_Uncataloged\The Mangler - NS,30.56,TRUE_STANDALONE_EXTRA,None (Not in Manifest),The Mangler - NS,Unknown,,
I Know What You Need - NS,_Uncataloged\I Know What You Need - NS,37.92,TRUE_STANDALONE_EXTRA,None (Not in Manifest),I Know What You Need - NS,Unknown,,
Graveyard Shift - NS,_Uncataloged\Graveyard Shift - NS,27.42,TRUE_STANDALONE_EXTRA,None (Not in Manifest),Graveyard Shift - NS,Unknown,,
Jerusalem's Lot - NS,_Uncataloged\Jerusalem's Lot - NS,31.75,TRUE_STANDALONE_EXTRA,None (Not in Manifest),Jerusalem's Lot - NS,Unknown,,
Quitters - NS,_Uncataloged\Quitters - NS,22.13,TRUE_STANDALONE_EXTRA,None (Not in Manifest),Quitters - NS,Unknown,,
Sometimes They Come Back - NS,_Uncataloged\Sometimes They Come Back - NS,31.78,DUPLICATE_EXTRA_COPY,None (Not in Manifest),Sometimes They Come Back - NS,Unknown,,
The Lawnmower Man - NS,_Uncataloged\The Lawnmower Man - NS,21.92,DUPLICATE_EXTRA_COPY,None (Not in Manifest),The Lawnmower Man - NS,Unknown,,
The Last Rung on the Ladder - NS,_Uncataloged\The Last Rung on the Ladder - NS,6.79,TRUE_STANDALONE_EXTRA,None (Not in Manifest),The Last Rung on the Ladder - NS,Unknown,,
Strawberry Spring - NS,_Uncataloged\Strawberry Spring - NS,10.91,TRUE_STANDALONE_EXTRA,None (Not in Manifest),Strawberry Spring - NS,Unknown,,
The Man Who Loved Flowers - NS,_Uncataloged\The Man Who Loved Flowers - NS,3.36,TRUE_STANDALONE_EXTRA,None (Not in Manifest),The Man Who Loved Flowers - NS,Unknown,,
D01,_Uncataloged\D01,36.38,TRUE_STANDALONE_EXTRA,None (Not in Manifest),D01,Unknown,,
Audio Book - Stephen King - The Dark Tower - The Gunslinger Complete.mp3,_Uncataloged\Audio Book - Stephen King - The Dark Tower - The Gunslinger Complete.mp3,136.75,TRUE_STANDALONE_EXTRA,None (Not in Manifest),Audio Book - Stephen King - The Dark Tower - The Gunslinger Complete.mp3,Unknown,,
D02,_Uncataloged\D02,37.08,TRUE_STANDALONE_EXTRA,None (Not in Manifest),D02,Unknown,,
D03,_Uncataloged\D03,33.79,TRUE_STANDALONE_EXTRA,None (Not in Manifest),D03,Unknown,,
D04,_Uncataloged\D04,36.85,TRUE_STANDALONE_EXTRA,None (Not in Manifest),D04,Unknown,,
D05,_Uncataloged\D05,36.07,TRUE_STANDALONE_EXTRA,None (Not in Manifest),D05,Unknown,,
D06,_Uncataloged\D06,36.77,TRUE_STANDALONE_EXTRA,None (Not in Manifest),D06,Unknown,,
D07,_Uncataloged\D07,35.61,TRUE_STANDALONE_EXTRA,None (Not in Manifest),D07,Unknown,,
D08,_Uncataloged\D08,35.26,TRUE_STANDALONE_EXTRA,None (Not in Manifest),D08,Unknown,,
D09,_Uncataloged\D09,36.98,TRUE_STANDALONE_EXTRA,None (Not in Manifest),D09,Unknown,,
D10,_Uncataloged\D10,36.93,TRUE_STANDALONE_EXTRA,None (Not in Manifest),D10,Unknown,,
D11,_Uncataloged\D11,36.55,TRUE_STANDALONE_EXTRA,None (Not in Manifest),D11,Unknown,,
D12,_Uncataloged\D12,36.62,TRUE_STANDALONE_EXTRA,None (Not in Manifest),D12,Unknown,,
D13,_Uncataloged\D13,35.69,TRUE_STANDALONE_EXTRA,None (Not in Manifest),D13,Unknown,,
D14,_Uncataloged\D14,35.47,TRUE_STANDALONE_EXTRA,None (Not in Manifest),D14,Unknown,,
D15,_Uncataloged\D15,36.41,TRUE_STANDALONE_EXTRA,None (Not in Manifest),D15,Unknown,,
D16,_Uncataloged\D16,35.26,TRUE_STANDALONE_EXTRA,None (Not in Manifest),D16,Unknown,,
D17,_Uncataloged\D17,35.13,TRUE_STANDALONE_EXTRA,None (Not in Manifest),D17,Unknown,,
D18,_Uncataloged\D18,36.15,TRUE_STANDALONE_EXTRA,None (Not in Manifest),D18,Unknown,,
D19,_Uncataloged\D19,35.79,TRUE_STANDALONE_EXTRA,None (Not in Manifest),D19,Unknown,,
D20,_Uncataloged\D20,36.09,TRUE_STANDALONE_EXTRA,None (Not in Manifest),D20,Unknown,,
D22,_Uncataloged\D22,33.86,TRUE_STANDALONE_EXTRA,None (Not in Manifest),D22,Unknown,,
Hunger Games 1,_Uncataloged\Hunger Games 1,153.93,TRUE_STANDALONE_EXTRA,None (Not in Manifest),Hunger Games 1,Unknown,,
Book 28 - Amazing Maurice,_Uncataloged\Book 28 - Amazing Maurice,349.72,TRUE_STANDALONE_EXTRA,None (Not in Manifest),Book 28 - Amazing Maurice,Unknown,,
12 The Spine of the World (TA)_1,_Uncataloged\12 The Spine of the World (TA)_1,549.0,DUPLICATE_EXTRA_COPY,None (Not in Manifest),12 The Spine of the World (TA),Unknown,,
14 Sea of Swords_1,_Uncataloged\14 Sea of Swords_1,550.49,DUPLICATE_EXTRA_COPY,None (Not in Manifest),14 Sea of Swords,Unknown,,
Disk 1,_Uncataloged\Disk 1,32.46,TRUE_STANDALONE_EXTRA,None (Not in Manifest),Disk 1,Unknown,,
Disk 2,_Uncataloged\Disk 2,30.78,TRUE_STANDALONE_EXTRA,None (Not in Manifest),Disk 2,Unknown,,
Disk 3,_Uncataloged\Disk 3,31.1,TRUE_STANDALONE_EXTRA,None (Not in Manifest),Disk 3,Unknown,,
Disk 4,_Uncataloged\Disk 4,31.95,TRUE_STANDALONE_EXTRA,None (Not in Manifest),Disk 4,Unknown,,
Disk 5,_Uncataloged\Disk 5,31.41,TRUE_STANDALONE_EXTRA,None (Not in Manifest),Disk 5,Unknown,,
The Amazing Spiderman CD1_1,_Uncataloged\The Amazing Spiderman CD1_1,128.09,DUPLICATE_EXTRA_COPY,None (Not in Manifest),The Amazing Spiderman CD1,Unknown,,
Marvel Planet_Hulk_1,_Uncataloged\Marvel Planet_Hulk_1,318.64,DUPLICATE_EXTRA_COPY,None (Not in Manifest),Marvel Planet_Hulk,Unknown,,
Salem's Lot (Disc 01),_Uncataloged\Salem's Lot (Disc 01),28.51,TRUE_STANDALONE_EXTRA,None (Not in Manifest),Salem's Lot (Disc 01),Unknown,,
Salem's Lot (Disc 02),_Uncataloged\Salem's Lot (Disc 02),28.76,TRUE_STANDALONE_EXTRA,None (Not in Manifest),Salem's Lot (Disc 02),Unknown,,
Salem's Lot (Disc 03),_Uncataloged\Salem's Lot (Disc 03),28.38,TRUE_STANDALONE_EXTRA,None (Not in Manifest),Salem's Lot (Disc 03),Unknown,,
Salem's Lot (Disc 04),_Uncataloged\Salem's Lot (Disc 04),29.93,TRUE_STANDALONE_EXTRA,None (Not in Manifest),Salem's Lot (Disc 04),Unknown,,
Salem's Lot (Disc 05),_Uncataloged\Salem's Lot (Disc 05),30.66,TRUE_STANDALONE_EXTRA,None (Not in Manifest),Salem's Lot (Disc 05),Unknown,,
Salem's Lot (Disc 06),_Uncataloged\Salem's Lot (Disc 06),30.5,TRUE_STANDALONE_EXTRA,None (Not in Manifest),Salem's Lot (Disc 06),Unknown,,
Salem's Lot (Disc 07),_Uncataloged\Salem's Lot (Disc 07),27.27,TRUE_STANDALONE_EXTRA,None (Not in Manifest),Salem's Lot (Disc 07),Unknown,,
Salem's Lot (Disc 08),_Uncataloged\Salem's Lot (Disc 08),30.27,TRUE_STANDALONE_EXTRA,None (Not in Manifest),Salem's Lot (Disc 08),Unknown,,
Salem's Lot (Disc 09),_Uncataloged\Salem's Lot (Disc 09),27.21,TRUE_STANDALONE_EXTRA,None (Not in Manifest),Salem's Lot (Disc 09),Unknown,,
Salem's Lot (Disc 10),_Uncataloged\Salem's Lot (Disc 10),27.14,TRUE_STANDALONE_EXTRA,None (Not in Manifest),Salem's Lot (Disc 10),Unknown,,
Salem's Lot (Disc 11),_Uncataloged\Salem's Lot (Disc 11),30.39,TRUE_STANDALONE_EXTRA,None (Not in Manifest),Salem's Lot (Disc 11),Unknown,,
Salem's Lot (Disc 12),_Uncataloged\Salem's Lot (Disc 12),30.33,TRUE_STANDALONE_EXTRA,None (Not in Manifest),Salem's Lot (Disc 12),Unknown,,
Salem's Lot (Disc 13),_Uncataloged\Salem's Lot (Disc 13),29.33,TRUE_STANDALONE_EXTRA,None (Not in Manifest),Salem's Lot (Disc 13),Unknown,,
Salem's Lot (Disc 14),_Uncataloged\Salem's Lot (Disc 14),27.01,TRUE_STANDALONE_EXTRA,None (Not in Manifest),Salem's Lot (Disc 14),Unknown,,
Primary phase,_Uncataloged\Primary phase,80.35,TRUE_STANDALONE_EXTRA,None (Not in Manifest),Primary phase,Unknown,,
Quandary phase,_Uncataloged\Quandary phase,50.74,TRUE_STANDALONE_EXTRA,None (Not in Manifest),Quandary phase,Unknown,,
Secondary phase,_Uncataloged\Secondary phase,81.1,TRUE_STANDALONE_EXTRA,None (Not in Manifest),Secondary phase,Unknown,,
CD 01_1,_Uncataloged\CD 01_1,34.07,DUPLICATE_EXTRA_COPY,None (Not in Manifest),CD 01,Unknown,,
CD 02_1,_Uncataloged\CD 02_1,32.86,DUPLICATE_EXTRA_COPY,None (Not in Manifest),CD 02,Unknown,,
CD 03_1,_Uncataloged\CD 03_1,32.78,DUPLICATE_EXTRA_COPY,None (Not in Manifest),CD 03,Unknown,,
CD 04_1,_Uncataloged\CD 04_1,34.54,DUPLICATE_EXTRA_COPY,None (Not in Manifest),CD 04,Unknown,,
CD 05_1,_Uncataloged\CD 05_1,29.97,DUPLICATE_EXTRA_COPY,None (Not in Manifest),CD 05,Unknown,,
CD 06_1,_Uncataloged\CD 06_1,29.99,DUPLICATE_EXTRA_COPY,None (Not in Manifest),CD 06,Unknown,,
CD 07_1,_Uncataloged\CD 07_1,34.22,DUPLICATE_EXTRA_COPY,None (Not in Manifest),CD 07,Unknown,,
CD 08,_Uncataloged\CD 08,34.26,TRUE_STANDALONE_EXTRA,None (Not in Manifest),CD 08,Unknown,,
CD 01_2,_Uncataloged\CD 01_2,36.53,DUPLICATE_EXTRA_COPY,None (Not in Manifest),CD 01,Unknown,,
CD 02_2,_Uncataloged\CD 02_2,33.89,DUPLICATE_EXTRA_COPY,None (Not in Manifest),CD 02,Unknown,,
CD 03_2,_Uncataloged\CD 03_2,29.16,DUPLICATE_EXTRA_COPY,None (Not in Manifest),CD 03,Unknown,,
CD 04_2,_Uncataloged\CD 04_2,31.94,DUPLICATE_EXTRA_COPY,None (Not in Manifest),CD 04,Unknown,,
CD 05_2,_Uncataloged\CD 05_2,24.51,DUPLICATE_EXTRA_COPY,None (Not in Manifest),CD 05,Unknown,,
CD 06_2,_Uncataloged\CD 06_2,26.35,DUPLICATE_EXTRA_COPY,None (Not in Manifest),CD 06,Unknown,,
CD 07_2,_Uncataloged\CD 07_2,33.3,DUPLICATE_EXTRA_COPY,None (Not in Manifest),CD 07,Unknown,,
CD 08_1,_Uncataloged\CD 08_1,36.07,DUPLICATE_EXTRA_COPY,None (Not in Manifest),CD 08,Unknown,,
Book 1 - Foundation_1,_Uncataloged\Book 1 - Foundation_1,85.45,DUPLICATE_EXTRA_COPY,None (Not in Manifest),Book 1 - Foundation,Unknown,,
Book 1 - Foundation_2,_Uncataloged\Book 1 - Foundation_2,169.95,DUPLICATE_EXTRA_COPY,None (Not in Manifest),Book 1 - Foundation,Unknown,,
Book 1 - Foundation_3,_Uncataloged\Book 1 - Foundation_3,169.95,DUPLICATE_EXTRA_COPY,None (Not in Manifest),Book 1 - Foundation,Unknown,,
CD 01_3,_Uncataloged\CD 01_3,34.49,DUPLICATE_EXTRA_COPY,None (Not in Manifest),CD 01,Unknown,,
CD 02_3,_Uncataloged\CD 02_3,34.18,DUPLICATE_EXTRA_COPY,None (Not in Manifest),CD 02,Unknown,,
CD 03_3,_Uncataloged\CD 03_3,34.7,DUPLICATE_EXTRA_COPY,None (Not in Manifest),CD 03,Unknown,,
CD 04_3,_Uncataloged\CD 04_3,32.43,DUPLICATE_EXTRA_COPY,None (Not in Manifest),CD 04,Unknown,,
CD 05_3,_Uncataloged\CD 05_3,34.83,DUPLICATE_EXTRA_COPY,None (Not in Manifest),CD 05,Unknown,,
CD 06_3,_Uncataloged\CD 06_3,34.67,DUPLICATE_EXTRA_COPY,None (Not in Manifest),CD 06,Unknown,,
CD 07_3,_Uncataloged\CD 07_3,31.39,DUPLICATE_EXTRA_COPY,None (Not in Manifest),CD 07,Unknown,,
Book 1 - Foundation_4,_Uncataloged\Book 1 - Foundation_4,169.95,DUPLICATE_EXTRA_COPY,None (Not in Manifest),Book 1 - Foundation,Unknown,,
Book 1 - Foundation_5,_Uncataloged\Book 1 - Foundation_5,85.45,DUPLICATE_EXTRA_COPY,None (Not in Manifest),Book 1 - Foundation,Unknown,,
Book 1 - Foundation_6,_Uncataloged\Book 1 - Foundation_6,169.95,DUPLICATE_EXTRA_COPY,None (Not in Manifest),Book 1 - Foundation,Unknown,,
CD 01_4,_Uncataloged\CD 01_4,34.49,DUPLICATE_EXTRA_COPY,None (Not in Manifest),CD 01,Unknown,,
CD 02_4,_Uncataloged\CD 02_4,34.18,DUPLICATE_EXTRA_COPY,None (Not in Manifest),CD 02,Unknown,,
CD 03_4,_Uncataloged\CD 03_4,34.7,DUPLICATE_EXTRA_COPY,None (Not in Manifest),CD 03,Unknown,,
CD 04_4,_Uncataloged\CD 04_4,32.43,DUPLICATE_EXTRA_COPY,None (Not in Manifest),CD 04,Unknown,,
CD 05_4,_Uncataloged\CD 05_4,34.83,DUPLICATE_EXTRA_COPY,None (Not in Manifest),CD 05,Unknown,,
CD 06_4,_Uncataloged\CD 06_4,34.67,DUPLICATE_EXTRA_COPY,None (Not in Manifest),CD 06,Unknown,,
CD 07_4,_Uncataloged\CD 07_4,31.39,DUPLICATE_EXTRA_COPY,None (Not in Manifest),CD 07,Unknown,,
Book 1 - Foundation_7,_Uncataloged\Book 1 - Foundation_7,169.95,DUPLICATE_EXTRA_COPY,None (Not in Manifest),Book 1 - Foundation,Unknown,,
Book 1 - Foundation_8,_Uncataloged\Book 1 - Foundation_8,169.95,DUPLICATE_EXTRA_COPY,None (Not in Manifest),Book 1 - Foundation,Unknown,,
101-Tempest[Legacy Of The Force Book 3]_1,_Uncataloged\101-Tempest[Legacy Of The Force Book 3]_1,346.24,DUPLICATE_EXTRA_COPY,None (Not in Manifest),101-Tempest[Legacy Of The Force Book 3],Unknown,,
23-Paradise Snare[Han Solo Trilogy Book 1]_1,_Uncataloged\23-Paradise Snare[Han Solo Trilogy Book 1]_1,176.61,DUPLICATE_EXTRA_COPY,None (Not in Manifest),23-Paradise Snare[Han Solo Trilogy Book 1],Unknown,,
26-Soldier For The Empire[Dark Forces Trilogy Book 1]_1,_Uncataloged\26-Soldier For The Empire[Dark Forces Trilogy Book 1]_1,98.5,DUPLICATE_EXTRA_COPY,None (Not in Manifest),26-Soldier For The Empire[Dark Forces Trilogy Book 1],Unknown,,
35-Rebel Agent[Dark Forces Trilogy Book 2]_1,_Uncataloged\35-Rebel Agent[Dark Forces Trilogy Book 2]_1,112.35,DUPLICATE_EXTRA_COPY,None (Not in Manifest),35-Rebel Agent[Dark Forces Trilogy Book 2],Unknown,,
58-Jedi Search[The Jedi Academy Trilogy Book 1]_1,_Uncataloged\58-Jedi Search[The Jedi Academy Trilogy Book 1]_1,54.09,DUPLICATE_EXTRA_COPY,None (Not in Manifest),58-Jedi Search[The Jedi Academy Trilogy Book 1],Unknown,,
62-Children Of The Jedi[Callista Trilogy Book 1]_1,_Uncataloged\62-Children Of The Jedi[Callista Trilogy Book 1]_1,59.11,DUPLICATE_EXTRA_COPY,None (Not in Manifest),62-Children Of The Jedi[Callista Trilogy Book 1],Unknown,,
65-Starfighters Of Adumar[X-Wing Book 9]_1,_Uncataloged\65-Starfighters Of Adumar[X-Wing Book 9]_1,52.85,DUPLICATE_EXTRA_COPY,None (Not in Manifest),65-Starfighters Of Adumar[X-Wing Book 9],Unknown,,
71-Ambush At Corellia[The Corellian Trilogy Book 1]_1,_Uncataloged\71-Ambush At Corellia[The Corellian Trilogy Book 1]_1,53.84,DUPLICATE_EXTRA_COPY,None (Not in Manifest),71-Ambush At Corellia[The Corellian Trilogy Book 1],Unknown,,
74-Specter Of The Past[The Thrawn Duologuy Book 1]_1,_Uncataloged\74-Specter Of The Past[The Thrawn Duologuy Book 1]_1,57.4,DUPLICATE_EXTRA_COPY,None (Not in Manifest),74-Specter Of The Past[The Thrawn Duologuy Book 1],Unknown,,
78-Onslaught[The New Jedi Order Book 2]_1,_Uncataloged\78-Onslaught[The New Jedi Order Book 2]_1,61.61,DUPLICATE_EXTRA_COPY,None (Not in Manifest),78-Onslaught[The New Jedi Order Book 2],Unknown,,
92-Refugee[The New Jedi Order Book 16]_1,_Uncataloged\92-Refugee[The New Jedi Order Book 16]_1,75.54,DUPLICATE_EXTRA_COPY,None (Not in Manifest),92-Refugee[The New Jedi Order Book 16],Unknown,,
101-Tempest[Legacy Of The Force Book 3]_2,_Uncataloged\101-Tempest[Legacy Of The Force Book 3]_2,346.23,DUPLICATE_EXTRA_COPY,None (Not in Manifest),101-Tempest[Legacy Of The Force Book 3],Unknown,,
23-Paradise Snare[Han Solo Trilogy Book 1]_2,_Uncataloged\23-Paradise Snare[Han Solo Trilogy Book 1]_2,176.27,DUPLICATE_EXTRA_COPY,None (Not in Manifest),23-Paradise Snare[Han Solo Trilogy Book 1],Unknown,,
26-Soldier For The Empire[Dark Forces Trilogy Book 1]_2,_Uncataloged\26-Soldier For The Empire[Dark Forces Trilogy Book 1]_2,98.02,DUPLICATE_EXTRA_COPY,None (Not in Manifest),26-Soldier For The Empire[Dark Forces Trilogy Book 1],Unknown,,
35-Rebel Agent[Dark Forces Trilogy Book 2]_2,_Uncataloged\35-Rebel Agent[Dark Forces Trilogy Book 2]_2,111.87,DUPLICATE_EXTRA_COPY,None (Not in Manifest),35-Rebel Agent[Dark Forces Trilogy Book 2],Unknown,,
58-Jedi Search[The Jedi Academy Trilogy Book 1]_2,_Uncataloged\58-Jedi Search[The Jedi Academy Trilogy Book 1]_2,53.71,DUPLICATE_EXTRA_COPY,None (Not in Manifest),58-Jedi Search[The Jedi Academy Trilogy Book 1],Unknown,,
62-Children Of The Jedi[Callista Trilogy Book 1]_2,_Uncataloged\62-Children Of The Jedi[Callista Trilogy Book 1]_2,58.59,DUPLICATE_EXTRA_COPY,None (Not in Manifest),62-Children Of The Jedi[Callista Trilogy Book 1],Unknown,,
65-Starfighters Of Adumar[X-Wing Book 9]_2,_Uncataloged\65-Starfighters Of Adumar[X-Wing Book 9]_2,52.85,DUPLICATE_EXTRA_COPY,None (Not in Manifest),65-Starfighters Of Adumar[X-Wing Book 9],Unknown,,
71-Ambush At Corellia[The Corellian Trilogy Book 1]_2,_Uncataloged\71-Ambush At Corellia[The Corellian Trilogy Book 1]_2,53.84,DUPLICATE_EXTRA_COPY,None (Not in Manifest),71-Ambush At Corellia[The Corellian Trilogy Book 1],Unknown,,
74-Specter Of The Past[The Thrawn Duologuy Book 1]_2,_Uncataloged\74-Specter Of The Past[The Thrawn Duologuy Book 1]_2,57.4,DUPLICATE_EXTRA_COPY,None (Not in Manifest),74-Specter Of The Past[The Thrawn Duologuy Book 1],Unknown,,
78-Onslaught[The New Jedi Order Book 2]_2,_Uncataloged\78-Onslaught[The New Jedi Order Book 2]_2,61.61,DUPLICATE_EXTRA_COPY,None (Not in Manifest),78-Onslaught[The New Jedi Order Book 2],Unknown,,
92-Refugee[The New Jedi Order Book 16]_2,_Uncataloged\92-Refugee[The New Jedi Order Book 16]_2,75.54,DUPLICATE_EXTRA_COPY,None (Not in Manifest),92-Refugee[The New Jedi Order Book 16],Unknown,,
Book 1 - Foundation_9,_Uncataloged\Book 1 - Foundation_9,169.95,DUPLICATE_EXTRA_COPY,None (Not in Manifest),Book 1 - Foundation,Unknown,,
Exported,_Uncataloged\Exported,33646.51,DUPLICATE_EXTRA_COPY,None (Not in Manifest),Exported,Unknown,,
Death's Excellent Va_B091525ZZ9_LC_128_44100_Stereo.m4b,_Uncataloged\Death's Excellent Va_B091525ZZ9_LC_128_44100_Stereo.m4b,352.08,TRUE_STANDALONE_EXTRA,None (Not in Manifest),Death's Excellent Va_B091525ZZ9_LC_128_44100_Stereo.m4b,Unknown,,
Death's Excellent Va_B091525ZZ9_LC_128_44100_Stereo.m4b_51810e55,_Uncataloged\Death's Excellent Va_B091525ZZ9_LC_128_44100_Stereo.m4b_51810e55,352.08,DUPLICATE_EXTRA_COPY,None (Not in Manifest),Death's Excellent Va_B091525ZZ9_LC_128_44100_Stereo.m4b,Unknown,,
Dragonslayer's Retur_B003TTWD2W_LC_64_22050_Stereo.m4b_e8078a05,_Uncataloged\Dragonslayer's Retur_B003TTWD2W_LC_64_22050_Stereo.m4b_e8078a05,137.59,DUPLICATE_EXTRA_COPY,None (Not in Manifest),Dragonslayer's Retur_B003TTWD2W_LC_64_22050_Stereo.m4b,Unknown,,
Echoes of the Fourth_B003BKOXXQ_LC_64_22050_Stereo.m4b_903758b2,_Uncataloged\Echoes of the Fourth_B003BKOXXQ_LC_64_22050_Stereo.m4b_903758b2,152.54,DUPLICATE_EXTRA_COPY,None (Not in Manifest),Echoes of the Fourth_B003BKOXXQ_LC_64_22050_Stereo.m4b,Unknown,,
Brotherhood of the W_B002V5COK6_LC_128_44100_Stereo.m4b_a0ce282b,_Uncataloged\Brotherhood of the W_B002V5COK6_LC_128_44100_Stereo.m4b_a0ce282b,484.52,DUPLICATE_EXTRA_COPY,None (Not in Manifest),Brotherhood of the W_B002V5COK6_LC_128_44100_Stereo.m4b,Unknown,,
Brotherhood of the W_B002V5A03O_LC_128_44100_Stereo.m4b_b911d0c3,_Uncataloged\Brotherhood of the W_B002V5A03O_LC_128_44100_Stereo.m4b_b911d0c3,281.0,DUPLICATE_EXTRA_COPY,None (Not in Manifest),Brotherhood of the W_B002V5A03O_LC_128_44100_Stereo.m4b,Unknown,,
Dead and Gone Sookie_B002VA9MU6_LC_64_22050_Stereo.m4b_96379199,_Uncataloged\Dead and Gone Sookie_B002VA9MU6_LC_64_22050_Stereo.m4b_96379199,124.83,DUPLICATE_EXTRA_COPY,None (Not in Manifest),Dead and Gone Sookie_B002VA9MU6_LC_64_22050_Stereo.m4b,Unknown,,
Beware of Chicken 3 _B0CM3MJX6B_LC_128_44100_Stereo.m4b_01d68528,_Uncataloged\Beware of Chicken 3 _B0CM3MJX6B_LC_128_44100_Stereo.m4b_01d68528,537.14,DUPLICATE_EXTRA_COPY,None (Not in Manifest),Beware of Chicken 3 _B0CM3MJX6B_LC_128_44100_Stereo.m4b,Unknown,,
Beware of Chicken A _B09Y74RHLC_LC_128_44100_Stereo.m4b_c635ac6e,_Uncataloged\Beware of Chicken A _B09Y74RHLC_LC_128_44100_Stereo.m4b_c635ac6e,328.62,DUPLICATE_EXTRA_COPY,None (Not in Manifest),Beware of Chicken A _B09Y74RHLC_LC_128_44100_Stereo.m4b,Unknown,,
Beware of Chicken 3 _B0CM3LRPVD_LC_128_44100_Stereo.m4b_171f127d,_Uncataloged\Beware of Chicken 3 _B0CM3LRPVD_LC_128_44100_Stereo.m4b_171f127d,543.16,DUPLICATE_EXTRA_COPY,None (Not in Manifest),Beware of Chicken 3 _B0CM3LRPVD_LC_128_44100_Stereo.m4b,Unknown,,
Beware of Chicken 2 _B0BVDQSZVN_LC_128_44100_Stereo.m4b_d6467717,_Uncataloged\Beware of Chicken 2 _B0BVDQSZVN_LC_128_44100_Stereo.m4b_d6467717,471.9,DUPLICATE_EXTRA_COPY,None (Not in Manifest),Beware of Chicken 2 _B0BVDQSZVN_LC_128_44100_Stereo.m4b,Unknown,,
Beware of Chicken 2 _B0BVD38YJJ_LC_128_44100_Stereo.m4b_d234c803,_Uncataloged\Beware of Chicken 2 _B0BVD38YJJ_LC_128_44100_Stereo.m4b_d234c803,517.99,DUPLICATE_EXTRA_COPY,None (Not in Manifest),Beware of Chicken 2 _B0BVD38YJJ_LC_128_44100_Stereo.m4b,Unknown,,
Neil Degrasse Tyson,_Uncataloged\Non Fiction\Neil Degrasse Tyson,422.0,DUPLICATE_EXTRA_COPY,None (Not in Manifest),Neil Degrasse Tyson,Unknown,,
"Time Enough For Love, Volume 1 Part 1","_Uncataloged\Time Enough For Love\Time Enough For Love, Volume 1 Part 1",75.3,DUPLICATE_EXTRA_COPY,None (Not in Manifest),"Time Enough For Love, Volume 1 Part 1",Unknown,,
25 Demon Wars - Book 01 - The Demon Awakens_e2f6f9a4,_Uncataloged\25 Demon Wars - Book 01 - The Demon Awakens_e2f6f9a4,617.54,DUPLICATE_EXTRA_COPY,None (Not in Manifest),25 Demon Wars - Book 01 - The Demon Awakens,Unknown,,
26 Demon Wars - Book 02 - The Demon Spirit_ec82b5e2,_Uncataloged\26 Demon Wars - Book 02 - The Demon Spirit_ec82b5e2,585.57,DUPLICATE_EXTRA_COPY,None (Not in Manifest),26 Demon Wars - Book 02 - The Demon Spirit,Unknown,,
Exported_9d6c4550,_Uncataloged\Exported_9d6c4550,33646.51,DUPLICATE_EXTRA_COPY,None (Not in Manifest),Exported,Unknown,,
Michael Crichton - Prey Audiobook In Proper Order [JabbaJr],_Uncataloged\Michael Crichton - Prey Audiobook In Proper Order [JabbaJr],354.19,TRUE_STANDALONE_EXTRA,None (Not in Manifest),Michael Crichton - Prey Audiobook In Proper Order [JabbaJr],Unknown,,
The Woman in the Room - NS,_Uncataloged\Stephen King (45 novels - 69)\__Night Shift_415\The Woman in the Room - NS,16.88,TRUE_STANDALONE_EXTRA,None (Not in Manifest),The Woman in the Room - NS,Unknown,,
The Man Who Loved Flowers - NS,_Uncataloged\Stephen King (45 novels - 69)\__Night Shift_415\The Man Who Loved Flowers - NS,3.36,DUPLICATE_EXTRA_COPY,None (Not in Manifest),The Man Who Loved Flowers - NS,Unknown,,
The Lawnmower Man - NS,_Uncataloged\Stephen King (45 novels - 69)\__Night Shift_415\The Lawnmower Man - NS,21.92,DUPLICATE_EXTRA_COPY,None (Not in Manifest),The Lawnmower Man - NS,Unknown,,
Strawberry Spring - NS,_Uncataloged\Stephen King (45 novels - 69)\__Night Shift_415\Strawberry Spring - NS,10.91,DUPLICATE_EXTRA_COPY,None (Not in Manifest),Strawberry Spring - NS,Unknown,,
Jerusalem's Lot - NS,_Uncataloged\Stephen King (45 novels - 69)\__Night Shift_415\Jerusalem's Lot - NS,31.75,DUPLICATE_EXTRA_COPY,None (Not in Manifest),Jerusalem's Lot - NS,Unknown,,
Quitters - NS,_Uncataloged\Stephen King (45 novels - 69)\__Night Shift_415\Quitters - NS,22.13,DUPLICATE_EXTRA_COPY,None (Not in Manifest),Quitters - NS,Unknown,,
Sometimes They Come Back - NS,_Uncataloged\Stephen King (45 novels - 69)\__Night Shift_415\Sometimes They Come Back - NS,31.78,DUPLICATE_EXTRA_COPY,None (Not in Manifest),Sometimes They Come Back - NS,Unknown,,
The Last Rung on the Ladder - NS,_Uncataloged\Stephen King (45 novels - 69)\__Night Shift_415\The Last Rung on the Ladder - NS,6.79,DUPLICATE_EXTRA_COPY,None (Not in Manifest),The Last Rung on the Ladder - NS,Unknown,,
I Know What You Need - NS,_Uncataloged\Stephen King (45 novels - 69)\__Night Shift_415\I Know What You Need - NS,37.92,DUPLICATE_EXTRA_COPY,None (Not in Manifest),I Know What You Need - NS,Unknown,,
Graveyard Shift - NS,_Uncataloged\Stephen King (45 novels - 69)\__Night Shift_415\Graveyard Shift - NS,27.42,DUPLICATE_EXTRA_COPY,None (Not in Manifest),Graveyard Shift - NS,Unknown,,
The Mangler - NS,_Uncataloged\Stephen King (45 novels - 69)\The Mangler - NS,30.56,DUPLICATE_EXTRA_COPY,None (Not in Manifest),The Mangler - NS,Unknown,,
The Gingerbread Girl - Stephen King Audiobook Unabridged,_Uncataloged\Stephen King (45 novels - 69)\The Gingerbread Girl - Stephen King Audiobook Unabridged,76.68,DUPLICATE_EXTRA_COPY,None (Not in Manifest),The Gingerbread Girl - Stephen King Audiobook Unabridged,Unknown,,
The Ledge - NS,_Uncataloged\Stephen King (45 novels - 69)\The Ledge - NS,19.5,DUPLICATE_EXTRA_COPY,None (Not in Manifest),The Ledge - NS,Unknown,,
Stephen King - Liseys Story,_Uncataloged\Stephen King (45 novels - 69)\Stephen King - Liseys Story,518.3,DUPLICATE_EXTRA_COPY,None (Not in Manifest),Stephen King - Liseys Story,Unknown,,
The Boogeyman - NS,_Uncataloged\Stephen King (45 novels - 69)\The Boogeyman - NS,14.27,DUPLICATE_EXTRA_COPY,None (Not in Manifest),The Boogeyman - NS,Unknown,,
Stephen King - Stationary Bike,_Uncataloged\Stephen King (45 novels - 69)\Stephen King - Stationary Bike,81.11,DUPLICATE_EXTRA_COPY,None (Not in Manifest),Stephen King - Stationary Bike,Unknown,,
Stephen King - Eyes Of The Dragon Complete Audiobook In Proper Order [JabbaJr],_Uncataloged\Stephen King (45 novels - 69)\Stephen King - Eyes Of The Dragon Complete Audiobook In Proper Order [JabbaJr],154.62,DUPLICATE_EXTRA_COPY,None (Not in Manifest),Stephen King - Eyes Of The Dragon Complete Audiobook In Proper Order [JabbaJr],Unknown,,
Stephen King - Everything's Eventual - 5 Dark Tales Audiobook In Proper Order [JabbaJr],_Uncataloged\Stephen King (45 novels - 69)\Stephen King - Everything's Eventual - 5 Dark Tales Audiobook In Proper Order [JabbaJr],300.78,DUPLICATE_EXTRA_COPY,None (Not in Manifest),Stephen King - Everything's Eventual - 5 Dark Tales Audiobook In Proper Order [JabbaJr],Unknown,,
Stephen King & Peter Straub - The Talisman,_Uncataloged\Stephen King (45 novels - 69)\Stephen King & Peter Straub - The Talisman,382.87,DUPLICATE_EXTRA_COPY,None (Not in Manifest),Stephen King & Peter Straub - The Talisman,Unknown,,
Night Surf - NS,_Uncataloged\Stephen King (45 novels - 69)\Night Surf - NS,4.98,DUPLICATE_EXTRA_COPY,None (Not in Manifest),Night Surf - NS,Unknown,,
Gray Matter - NS,_Uncataloged\Stephen King (45 novels - 69)\Gray Matter - NS,45.54,DUPLICATE_EXTRA_COPY,None (Not in Manifest),Gray Matter - NS,Unknown,,
Battleground - NS,_Uncataloged\Stephen King (45 novels - 69)\Battleground - NS,10.5,DUPLICATE_EXTRA_COPY,None (Not in Manifest),Battleground - NS,Unknown,,
Audio.Book-Stephen.King--The.Shawshank.Redemption--Unabriged_SUSPENSE_{WHIX},_Uncataloged\Stephen King (45 novels - 69)\Audio.Book-Stephen.King--The.Shawshank.Redemption\Audio.Book-Stephen.King--The.Shawshank.Redemption--Unabriged_SUSPENSE_{WHIX},83.7,DUPLICATE_EXTRA_COPY,None (Not in Manifest),Audio.Book-Stephen.King--The.Shawshank.Redemption--Unabriged_SUSPENSE_{WHIX},Unknown,,
Div Stephen King,_Uncataloged\Stephen King (45 novels - 69)\Div Stephen King,683.76,DUPLICATE_EXTRA_COPY,None (Not in Manifest),Div Stephen King,Unknown,,
The Mummy,_Uncataloged\Stephen King (45 novels - 69)\Div Stephen King\The Mummy,61.76,DUPLICATE_EXTRA_COPY,None (Not in Manifest),The Mummy,Unknown,,
Nightmares & Dreamscapes (ALL 24 short stories),_Uncataloged\Stephen King (45 novels - 69)\-SK Novellas and Short Stories (69)\Nightmares & Dreamscapes (ALL 24 short stories),468.49,DUPLICATE_EXTRA_COPY,None (Not in Manifest),Nightmares & Dreamscapes (ALL 24 short stories),Unknown,,
Skeleton Crew (4 out of 5 short stories released),_Uncataloged\Stephen King (45 novels - 69)\-SK Novellas and Short Stories (69)\Skeleton Crew (4 out of 5 short stories released),222.69,DUPLICATE_EXTRA_COPY,None (Not in Manifest),Skeleton Crew (4 out of 5 short stories released),Unknown,,
The Breathing Method,_Uncataloged\Stephen King (45 novels - 69)\-SK Novellas and Short Stories (69)\Different Seasons (ALL 4 novellas)\The Breathing Method,32.75,DUPLICATE_EXTRA_COPY,None (Not in Manifest),The Breathing Method,Unknown,,
The Body,_Uncataloged\Stephen King (45 novels - 69)\-SK Novellas and Short Stories (69)\Different Seasons (ALL 4 novellas)\The Body,134.73,DUPLICATE_EXTRA_COPY,None (Not in Manifest),The Body,Unknown,,
Apt Pupil,_Uncataloged\Stephen King (45 novels - 69)\-SK Novellas and Short Stories (69)\Different Seasons (ALL 4 novellas)\Apt Pupil,136.53,DUPLICATE_EXTRA_COPY,None (Not in Manifest),Apt Pupil,Unknown,,
Rita Hayworth and the Shawshank Redemption,_Uncataloged\Stephen King (45 novels - 69)\-SK Novellas and Short Stories (69)\Different Seasons (ALL 4 novellas)\Rita Hayworth and the Shawshank Redemption,81.19,DUPLICATE_EXTRA_COPY,None (Not in Manifest),Rita Hayworth and the Shawshank Redemption,Unknown,,
2 Past Midnight - Secret Window Secret Garden,_Uncataloged\Stephen King (45 novels - 69)\-SK Novellas and Short Stories (69)\Four Past Midnight (ALL 4 novellas)\2 Past Midnight - Secret Window Secret Garden,317.24,DUPLICATE_EXTRA_COPY,None (Not in Manifest),2 Past Midnight - Secret Window Secret Garden,Unknown,,
3 Past Midnight - The Library Policeman,_Uncataloged\Stephen King (45 novels - 69)\-SK Novellas and Short Stories (69)\Four Past Midnight (ALL 4 novellas)\3 Past Midnight - The Library Policeman,240.36,DUPLICATE_EXTRA_COPY,None (Not in Manifest),3 Past Midnight - The Library Policeman,Unknown,,
1 Past Midnight - The Langoliers,_Uncataloged\Stephen King (45 novels - 69)\-SK Novellas and Short Stories (69)\Four Past Midnight (ALL 4 novellas)\1 Past Midnight - The Langoliers,379.77,DUPLICATE_EXTRA_COPY,None (Not in Manifest),1 Past Midnight - The Langoliers,Unknown,,
4 Past Midnight - The Sun Dog,_Uncataloged\Stephen King (45 novels - 69)\-SK Novellas and Short Stories (69)\Four Past Midnight (ALL 4 novellas)\4 Past Midnight - The Sun Dog,42.5,DUPLICATE_EXTRA_COPY,None (Not in Manifest),4 Past Midnight - The Sun Dog,Unknown,,
Everything's Eventual (ALL 14 short stories),_Uncataloged\Stephen King (45 novels - 69)\-SK Novellas and Short Stories (69)\Everything's Eventual (ALL 14 short stories),613.78,DUPLICATE_EXTRA_COPY,None (Not in Manifest),Everything's Eventual (ALL 14 short stories),Unknown,,
13 - Riding the Bullet,_Uncataloged\Stephen King (45 novels - 69)\-SK Novellas and Short Stories (69)\Everything's Eventual (ALL 14 short stories)\13 - Riding the Bullet,88.59,DUPLICATE_EXTRA_COPY,None (Not in Manifest),13 - Riding the Bullet,Unknown,,
Night Shift (19 of 20 short stories),_Uncataloged\Stephen King (45 novels - 69)\-SK Novellas and Short Stories (69)\Night Shift (19 of 20 short stories),351.33,DUPLICATE_EXTRA_COPY,None (Not in Manifest),Night Shift (19 of 20 short stories),Unknown,,
18 - The Man Who Loved Flowers,_Uncataloged\Stephen King (45 novels - 69)\-SK Novellas and Short Stories (69)\Night Shift (19 of 20 short stories)\18 - The Man Who Loved Flowers,6.71,DUPLICATE_EXTRA_COPY,None (Not in Manifest),18 - The Man Who Loved Flowers,Unknown,,
20 - The Woman in the Room,_Uncataloged\Stephen King (45 novels - 69)\-SK Novellas and Short Stories (69)\Night Shift (19 of 20 short stories)\20 - The Woman in the Room,16.81,TRUE_STANDALONE_EXTRA,None (Not in Manifest),20 - The Woman in the Room,Unknown,,
17 - The Last Rung on the Ladder,_Uncataloged\Stephen King (45 novels - 69)\-SK Novellas and Short Stories (69)\Night Shift (19 of 20 short stories)\17 - The Last Rung on the Ladder,13.94,DUPLICATE_EXTRA_COPY,None (Not in Manifest),17 - The Last Rung on the Ladder,Unknown,,
15 - I Know What You Need,_Uncataloged\Stephen King (45 novels - 69)\-SK Novellas and Short Stories (69)\Night Shift (19 of 20 short stories)\15 - I Know What You Need,25.59,DUPLICATE_EXTRA_COPY,None (Not in Manifest),15 - I Know What You Need,Unknown,,
16 - Children of the Corn,_Uncataloged\Stephen King (45 novels - 69)\-SK Novellas and Short Stories (69)\Night Shift (19 of 20 short stories)\16 - Children of the Corn,30.93,DUPLICATE_EXTRA_COPY,None (Not in Manifest),16 - Children of the Corn,Unknown,,
11 - Strawberry Spring,_Uncataloged\Stephen King (45 novels - 69)\-SK Novellas and Short Stories (69)\Night Shift (19 of 20 short stories)\11 - Strawberry Spring,11.46,DUPLICATE_EXTRA_COPY,None (Not in Manifest),11 - Strawberry Spring,Unknown,,
14 - Quitters Inc,_Uncataloged\Stephen King (45 novels - 69)\-SK Novellas and Short Stories (69)\Night Shift (19 of 20 short stories)\14 - Quitters Inc,22.43,DUPLICATE_EXTRA_COPY,None (Not in Manifest),14 - Quitters Inc,Unknown,,
13 - The Lawnmower Man,_Uncataloged\Stephen King (45 novels - 69)\-SK Novellas and Short Stories (69)\Night Shift (19 of 20 short stories)\13 - The Lawnmower Man,11.15,DUPLICATE_EXTRA_COPY,None (Not in Manifest),13 - The Lawnmower Man,Unknown,,
12 - The Ledge,_Uncataloged\Stephen King (45 novels - 69)\-SK Novellas and Short Stories (69)\Night Shift (19 of 20 short stories)\12 - The Ledge,19.89,DUPLICATE_EXTRA_COPY,None (Not in Manifest),12 - The Ledge,Unknown,,
10 - Sometimes They Come Back,_Uncataloged\Stephen King (45 novels - 69)\-SK Novellas and Short Stories (69)\Night Shift (19 of 20 short stories)\10 - Sometimes They Come Back,31.63,DUPLICATE_EXTRA_COPY,None (Not in Manifest),10 - Sometimes They Come Back,Unknown,,
08 - Battleground,_Uncataloged\Stephen King (45 novels - 69)\-SK Novellas and Short Stories (69)\Night Shift (19 of 20 short stories)\08 - Battleground,11.03,DUPLICATE_EXTRA_COPY,None (Not in Manifest),08 - Battleground,Unknown,,
01 - Jerusalem's Lot,_Uncataloged\Stephen King (45 novels - 69)\-SK Novellas and Short Stories (69)\Night Shift (19 of 20 short stories)\01 - Jerusalem's Lot,42.26,DUPLICATE_EXTRA_COPY,None (Not in Manifest),01 - Jerusalem's Lot,Unknown,,
02 - Graveyard Shift,_Uncataloged\Stephen King (45 novels - 69)\-SK Novellas and Short Stories (69)\Night Shift (19 of 20 short stories)\02 - Graveyard Shift,20.78,DUPLICATE_EXTRA_COPY,None (Not in Manifest),02 - Graveyard Shift,Unknown,,
03 - Night Surf,_Uncataloged\Stephen King (45 novels - 69)\-SK Novellas and Short Stories (69)\Night Shift (19 of 20 short stories)\03 - Night Surf,10.13,DUPLICATE_EXTRA_COPY,None (Not in Manifest),03 - Night Surf,Unknown,,
05 - The Mangler,_Uncataloged\Stephen King (45 novels - 69)\-SK Novellas and Short Stories (69)\Night Shift (19 of 20 short stories)\05 - The Mangler,22.91,DUPLICATE_EXTRA_COPY,None (Not in Manifest),05 - The Mangler,Unknown,,
07 - Grey Matter,_Uncataloged\Stephen King (45 novels - 69)\-SK Novellas and Short Stories (69)\Night Shift (19 of 20 short stories)\07 - Grey Matter,14.64,DUPLICATE_EXTRA_COPY,None (Not in Manifest),07 - Grey Matter,Unknown,,
06 - The Boogeyman,_Uncataloged\Stephen King (45 novels - 69)\-SK Novellas and Short Stories (69)\Night Shift (19 of 20 short stories)\06 - The Boogeyman,14.84,DUPLICATE_EXTRA_COPY,None (Not in Manifest),06 - The Boogeyman,Unknown,,
2009 - Angel Time (SS1 - read by Paul Michael),_Uncataloged\Anne Rice\2009 - Angel Time (SS1 - read by Paul Michael),372.23,DUPLICATE_EXTRA_COPY,None (Not in Manifest),2009 - Angel Time (SS1 - read by Paul Michael),Unknown,,
2010 - Of Love and Evil (SS2 - read by Paul Michael),_Uncataloged\Anne Rice\2010 - Of Love and Evil (SS2 - read by Paul Michael),232.88,DUPLICATE_EXTRA_COPY,None (Not in Manifest),2010 - Of Love and Evil (SS2 - read by Paul Michael),Unknown,,
2005 - Christ the Lord - Out of Egypt (read by Josh Heine),_Uncataloged\Anne Rice\2005 - Christ the Lord - Out of Egypt (read by Josh Heine),381.89,DUPLICATE_EXTRA_COPY,None (Not in Manifest),2005 - Christ the Lord - Out of Egypt (read by Josh Heine),Unknown,,
1999 - Vittorio the Vampire (NV2 - read by Jonathan Marosz),_Uncataloged\Anne Rice\1999 - Vittorio the Vampire (NV2 - read by Jonathan Marosz),300.89,DUPLICATE_EXTRA_COPY,None (Not in Manifest),1999 - Vittorio the Vampire (NV2 - read by Jonathan Marosz),Unknown,,
2002 - Blackwood Farm (VC9 - read by David Pittu),_Uncataloged\Anne Rice\2002 - Blackwood Farm (VC9 - read by David Pittu),854.5,DUPLICATE_EXTRA_COPY,None (Not in Manifest),2002 - Blackwood Farm (VC9 - read by David Pittu),Unknown,,
1998 - Pandora (NV1 - read by Kate Reading),_Uncataloged\Anne Rice\1998 - Pandora (NV1 - read by Kate Reading),392.74,DUPLICATE_EXTRA_COPY,None (Not in Manifest),1998 - Pandora (NV1 - read by Kate Reading),Unknown,,
1993 - Lasher (MW2 - read by David Hartley-Margolin),_Uncataloged\Anne Rice\1993 - Lasher (MW2 - read by David Hartley-Margolin),1123.21,TRUE_STANDALONE_EXTRA,None (Not in Manifest),1993 - Lasher (MW2 - read by David Hartley-Margolin),Unknown,,
1994 - Taltos (MW3 - read by Laura Giannarelli),_Uncataloged\Anne Rice\1994 - Taltos (MW3 - read by Laura Giannarelli),935.93,DUPLICATE_EXTRA_COPY,None (Not in Manifest),1994 - Taltos (MW3 - read by Laura Giannarelli),Unknown,,
1997 - Violin (read by Bernadette Dunne),_Uncataloged\Anne Rice\1997 - Violin (read by Bernadette Dunne),494.57,DUPLICATE_EXTRA_COPY,None (Not in Manifest),1997 - Violin (read by Bernadette Dunne),Unknown,,
1996 - Servant of the Bones (read by Michael Prichard),_Uncataloged\Anne Rice\1996 - Servant of the Bones (read by Michael Prichard),724.56,DUPLICATE_EXTRA_COPY,None (Not in Manifest),1996 - Servant of the Bones (read by Michael Prichard),Unknown,,
1985 - The Vampire Lestat (VC2 - read by Frank Muller),_Uncataloged\Anne Rice\1985 - The Vampire Lestat (VC2 - read by Frank Muller),759.69,DUPLICATE_EXTRA_COPY,None (Not in Manifest),1985 - The Vampire Lestat (VC2 - read by Frank Muller),Unknown,,
"7_ Part VII - Ancient Magic, Ancient Mysteries","_Uncataloged\Anne Rice\1985 - The Vampire Lestat (VC2 - read by Frank Muller)\7_ Part VII - Ancient Magic, Ancient Mysteries",246.92,DUPLICATE_EXTRA_COPY,None (Not in Manifest),"7_ Part VII - Ancient Magic, Ancient Mysteries",Unknown,,
4_ Part IV - The Children of Darkness,_Uncataloged\Anne Rice\1985 - The Vampire Lestat (VC2 - read by Frank Muller)\4_ Part IV - The Children of Darkness,113.27,DUPLICATE_EXTRA_COPY,None (Not in Manifest),4_ Part IV - The Children of Darkness,Unknown,,
6_ Part VI - On the Devil's Road From Paris to Cairo,_Uncataloged\Anne Rice\1985 - The Vampire Lestat (VC2 - read by Frank Muller)\6_ Part VI - On the Devil's Road From Paris to Cairo,73.47,DUPLICATE_EXTRA_COPY,None (Not in Manifest),6_ Part VI - On the Devil's Road From Paris to Cairo,Unknown,,
3_ Part III - Viaticum for the Marquise,_Uncataloged\Anne Rice\1985 - The Vampire Lestat (VC2 - read by Frank Muller)\3_ Part III - Viaticum for the Marquise,99.45,DUPLICATE_EXTRA_COPY,None (Not in Manifest),3_ Part III - Viaticum for the Marquise,Unknown,,
1_ Part I - Lelio Rising,_Uncataloged\Anne Rice\1985 - The Vampire Lestat (VC2 - read by Frank Muller)\1_ Part I - Lelio Rising,98.85,DUPLICATE_EXTRA_COPY,None (Not in Manifest),1_ Part I - Lelio Rising,Unknown,,
1986 - Belinda (read by Ray Bouche),_Uncataloged\Anne Rice\1986 - Belinda (read by Ray Bouche),704.64,DUPLICATE_EXTRA_COPY,None (Not in Manifest),1986 - Belinda (read by Ray Bouche),Unknown,,
3_ Part III - The Champagne Flight,_Uncataloged\Anne Rice\1986 - Belinda (read by Ray Bouche)\3_ Part III - The Champagne Flight,127.96,DUPLICATE_EXTRA_COPY,None (Not in Manifest),3_ Part III - The Champagne Flight,Unknown,,
2_ Part II - And Introducing Belinda,_Uncataloged\Anne Rice\1986 - Belinda (read by Ray Bouche)\2_ Part II - And Introducing Belinda,189.87,DUPLICATE_EXTRA_COPY,None (Not in Manifest),2_ Part II - And Introducing Belinda,Unknown,,
1_ Part I - The World of Jeremy Walker,_Uncataloged\Anne Rice\1986 - Belinda (read by Ray Bouche)\1_ Part I - The World of Jeremy Walker,361.35,DUPLICATE_EXTRA_COPY,None (Not in Manifest),1_ Part I - The World of Jeremy Walker,Unknown,,
2_ Part II - The Mayfair Witches,_Uncataloged\Anne Rice\1990 - The Witching Hour (MW1 - read by Laura Giannarelli)\2_ Part II - The Mayfair Witches,1054.31,DUPLICATE_EXTRA_COPY,None (Not in Manifest),2_ Part II - The Mayfair Witches,Unknown,,
3_ Part III - Come Into My Parlor,_Uncataloged\Anne Rice\1990 - The Witching Hour (MW1 - read by Laura Giannarelli)\3_ Part III - Come Into My Parlor,156.37,DUPLICATE_EXTRA_COPY,None (Not in Manifest),3_ Part III - Come Into My Parlor,Unknown,,
4_ Part IV - The Devil's Bride,_Uncataloged\Anne Rice\1990 - The Witching Hour (MW1 - read by Laura Giannarelli)\4_ Part IV - The Devil's Bride,252.88,DUPLICATE_EXTRA_COPY,None (Not in Manifest),4_ Part IV - The Devil's Bride,Unknown,,
5_ Epilogue,_Uncataloged\Anne Rice\1990 - The Witching Hour (MW1 - read by Laura Giannarelli)\5_ Epilogue,29.98,DUPLICATE_EXTRA_COPY,None (Not in Manifest),5_ Epilogue,Unknown,,
1_ Part I - Come Together,_Uncataloged\Anne Rice\1990 - The Witching Hour (MW1 - read by Laura Giannarelli)\1_ Part I - Come Together,533.2,DUPLICATE_EXTRA_COPY,None (Not in Manifest),1_ Part I - Come Together,Unknown,,
1989 - The Mummy or Ramses the Damned (read by Bob Askey),_Uncataloged\Anne Rice\1989 - The Mummy or Ramses the Damned (read by Bob Askey),667.04,DUPLICATE_EXTRA_COPY,None (Not in Manifest),1989 - The Mummy or Ramses the Damned (read by Bob Askey),Unknown,,
1985 - Beauty's Release (B3 - read by George Holmes),_Uncataloged\Anne Rice\1985 - Beauty's Release (B3 - read by George Holmes),348.56,DUPLICATE_EXTRA_COPY,None (Not in Manifest),1985 - Beauty's Release (B3 - read by George Holmes),Unknown,,
1984 - Beauty's Punishment (B2 - read by George Holmes),_Uncataloged\Anne Rice\1984 - Beauty's Punishment (B2 - read by George Holmes),305.19,DUPLICATE_EXTRA_COPY,None (Not in Manifest),1984 - Beauty's Punishment (B2 - read by George Holmes),Unknown,,
1985 - Exit to Eden (read by Jill Fox),_Uncataloged\Anne Rice\1985 - Exit to Eden (read by Jill Fox),501.01,DUPLICATE_EXTRA_COPY,None (Not in Manifest),1985 - Exit to Eden (read by Jill Fox),Unknown,,
1983 - The Claiming of Sleeping Beauty (B1 - read by George Holmes),_Uncataloged\Anne Rice\1983 - The Claiming of Sleeping Beauty (B1 - read by George Holmes),342.66,DUPLICATE_EXTRA_COPY,None (Not in Manifest),1983 - The Claiming of Sleeping Beauty (B1 - read by George Holmes),Unknown,,
1982 - Cry to Heaven (read by Ray Hagen),_Uncataloged\Anne Rice\1982 - Cry to Heaven (read by Ray Hagen),822.84,DUPLICATE_EXTRA_COPY,None (Not in Manifest),1982 - Cry to Heaven (read by Ray Hagen),Unknown,,
7_ Part VII,_Uncataloged\Anne Rice\1982 - Cry to Heaven (read by Ray Hagen)\7_ Part VII,66.61,DUPLICATE_EXTRA_COPY,None (Not in Manifest),7_ Part VII,Unknown,,
6_ Part VI,_Uncataloged\Anne Rice\1982 - Cry to Heaven (read by Ray Hagen)\6_ Part VI,75.66,DUPLICATE_EXTRA_COPY,None (Not in Manifest),6_ Part VI,Unknown,,
5_ Part V,_Uncataloged\Anne Rice\1982 - Cry to Heaven (read by Ray Hagen)\5_ Part V,167.78,DUPLICATE_EXTRA_COPY,None (Not in Manifest),5_ Part V,Unknown,,
4_ Part IV,_Uncataloged\Anne Rice\1982 - Cry to Heaven (read by Ray Hagen)\4_ Part IV,222.14,DUPLICATE_EXTRA_COPY,None (Not in Manifest),4_ Part IV,Unknown,,
1_ Part I,_Uncataloged\Anne Rice\1982 - Cry to Heaven (read by Ray Hagen)\1_ Part I,138.11,DUPLICATE_EXTRA_COPY,None (Not in Manifest),1_ Part I,Unknown,,
3_ Part III,_Uncataloged\Anne Rice\1982 - Cry to Heaven (read by Ray Hagen)\3_ Part III,72.65,DUPLICATE_EXTRA_COPY,None (Not in Manifest),3_ Part III,Unknown,,
2_ Part II,_Uncataloged\Anne Rice\1982 - Cry to Heaven (read by Ray Hagen)\2_ Part II,77.9,DUPLICATE_EXTRA_COPY,None (Not in Manifest),2_ Part II,Unknown,,
1982 - The Master of Rampling Gate (read by Gigi Marceau),_Uncataloged\Anne Rice\-Short fiction\1982 - The Master of Rampling Gate (read by Gigi Marceau),29.82,DUPLICATE_EXTRA_COPY,None (Not in Manifest),1982 - The Master of Rampling Gate (read by Gigi Marceau),Unknown,,
Book 1 - Foundation_fbbb63aa,_Uncataloged\Book 1 - Foundation_fbbb63aa,169.95,DUPLICATE_EXTRA_COPY,None (Not in Manifest),Book 1 - Foundation,Unknown,,
92-Refugee[The New Jedi Order Book 16]_6204faa8,_Uncataloged\92-Refugee[The New Jedi Order Book 16]_6204faa8,75.54,DUPLICATE_EXTRA_COPY,None (Not in Manifest),92-Refugee[The New Jedi Order Book 16],Unknown,,
80-Hero's Trial[The New Jedi Order Book 4],_Uncataloged\80-Hero's Trial[The New Jedi Order Book 4],76.76,TRUE_STANDALONE_EXTRA,None (Not in Manifest),80-Hero's Trial[The New Jedi Order Book 4],Unknown,,
74-Specter Of The Past[The Thrawn Duologuy Book 1]_7d717e0d,_Uncataloged\74-Specter Of The Past[The Thrawn Duologuy Book 1]_7d717e0d,57.4,DUPLICATE_EXTRA_COPY,None (Not in Manifest),74-Specter Of The Past[The Thrawn Duologuy Book 1],Unknown,,
78-Onslaught[The New Jedi Order Book 2]_58821ea3,_Uncataloged\78-Onslaught[The New Jedi Order Book 2]_58821ea3,61.61,DUPLICATE_EXTRA_COPY,None (Not in Manifest),78-Onslaught[The New Jedi Order Book 2],Unknown,,
71-Ambush At Corellia[The Corellian Trilogy Book 1]_09ec750f,_Uncataloged\71-Ambush At Corellia[The Corellian Trilogy Book 1]_09ec750f,53.84,DUPLICATE_EXTRA_COPY,None (Not in Manifest),71-Ambush At Corellia[The Corellian Trilogy Book 1],Unknown,,
65-Starfighters Of Adumar[X-Wing Book 9]_27b37360,_Uncataloged\65-Starfighters Of Adumar[X-Wing Book 9]_27b37360,52.85,DUPLICATE_EXTRA_COPY,None (Not in Manifest),65-Starfighters Of Adumar[X-Wing Book 9],Unknown,,
62-Children Of The Jedi[Callista Trilogy Book 1]_e7c2b83f,_Uncataloged\62-Children Of The Jedi[Callista Trilogy Book 1]_e7c2b83f,58.59,DUPLICATE_EXTRA_COPY,None (Not in Manifest),62-Children Of The Jedi[Callista Trilogy Book 1],Unknown,,
58-Jedi Search[The Jedi Academy Trilogy Book 1]_57a4d545,_Uncataloged\58-Jedi Search[The Jedi Academy Trilogy Book 1]_57a4d545,53.71,DUPLICATE_EXTRA_COPY,None (Not in Manifest),58-Jedi Search[The Jedi Academy Trilogy Book 1],Unknown,,
26-Soldier For The Empire[Dark Forces Trilogy Book 1]_7153c1dc,_Uncataloged\26-Soldier For The Empire[Dark Forces Trilogy Book 1]_7153c1dc,98.02,DUPLICATE_EXTRA_COPY,None (Not in Manifest),26-Soldier For The Empire[Dark Forces Trilogy Book 1],Unknown,,
23-Paradise Snare[Han Solo Trilogy Book 1]_55687ffb,_Uncataloged\23-Paradise Snare[Han Solo Trilogy Book 1]_55687ffb,176.27,DUPLICATE_EXTRA_COPY,None (Not in Manifest),23-Paradise Snare[Han Solo Trilogy Book 1],Unknown,,
35-Rebel Agent[Dark Forces Trilogy Book 2]_c0ea5a49,_Uncataloged\35-Rebel Agent[Dark Forces Trilogy Book 2]_c0ea5a49,111.87,DUPLICATE_EXTRA_COPY,None (Not in Manifest),35-Rebel Agent[Dark Forces Trilogy Book 2],Unknown,,
58-Jedi Search[The Jedi Academy Trilogy Book 1]_b35bb63a,_Uncataloged\58-Jedi Search[The Jedi Academy Trilogy Book 1]_b35bb63a,54.09,DUPLICATE_EXTRA_COPY,None (Not in Manifest),58-Jedi Search[The Jedi Academy Trilogy Book 1],Unknown,,
65-Starfighters Of Adumar[X-Wing Book 9]_40df5363,_Uncataloged\65-Starfighters Of Adumar[X-Wing Book 9]_40df5363,52.85,DUPLICATE_EXTRA_COPY,None (Not in Manifest),65-Starfighters Of Adumar[X-Wing Book 9],Unknown,,
62-Children Of The Jedi[Callista Trilogy Book 1]_8f791338,_Uncataloged\62-Children Of The Jedi[Callista Trilogy Book 1]_8f791338,59.11,DUPLICATE_EXTRA_COPY,None (Not in Manifest),62-Children Of The Jedi[Callista Trilogy Book 1],Unknown,,
71-Ambush At Corellia[The Corellian Trilogy Book 1]_baa3df4c,_Uncataloged\71-Ambush At Corellia[The Corellian Trilogy Book 1]_baa3df4c,53.84,DUPLICATE_EXTRA_COPY,None (Not in Manifest),71-Ambush At Corellia[The Corellian Trilogy Book 1],Unknown,,
74-Specter Of The Past[The Thrawn Duologuy Book 1]_dba9c207,_Uncataloged\74-Specter Of The Past[The Thrawn Duologuy Book 1]_dba9c207,57.4,DUPLICATE_EXTRA_COPY,None (Not in Manifest),74-Specter Of The Past[The Thrawn Duologuy Book 1],Unknown,,
80-Hero's Trial[The New Jedi Order Book 4]_023d4242,_Uncataloged\80-Hero's Trial[The New Jedi Order Book 4]_023d4242,76.76,DUPLICATE_EXTRA_COPY,None (Not in Manifest),80-Hero's Trial[The New Jedi Order Book 4],Unknown,,
78-Onslaught[The New Jedi Order Book 2]_d68da935,_Uncataloged\78-Onslaught[The New Jedi Order Book 2]_d68da935,61.61,DUPLICATE_EXTRA_COPY,None (Not in Manifest),78-Onslaught[The New Jedi Order Book 2],Unknown,,
92-Refugee[The New Jedi Order Book 16]_401d4f02,_Uncataloged\92-Refugee[The New Jedi Order Book 16]_401d4f02,75.54,DUPLICATE_EXTRA_COPY,None (Not in Manifest),92-Refugee[The New Jedi Order Book 16],Unknown,,
101-Tempest[Legacy Of The Force Book 3]_69b0b30a,_Uncataloged\101-Tempest[Legacy Of The Force Book 3]_69b0b30a,346.23,DUPLICATE_EXTRA_COPY,None (Not in Manifest),101-Tempest[Legacy Of The Force Book 3],Unknown,,
26-Soldier For The Empire[Dark Forces Trilogy Book 1]_f6da5b7c,_Uncataloged\26-Soldier For The Empire[Dark Forces Trilogy Book 1]_f6da5b7c,98.5,DUPLICATE_EXTRA_COPY,None (Not in Manifest),26-Soldier For The Empire[Dark Forces Trilogy Book 1],Unknown,,
23-Paradise Snare[Han Solo Trilogy Book 1]_1c12ea3d,_Uncataloged\23-Paradise Snare[Han Solo Trilogy Book 1]_1c12ea3d,176.61,DUPLICATE_EXTRA_COPY,None (Not in Manifest),23-Paradise Snare[Han Solo Trilogy Book 1],Unknown,,
35-Rebel Agent[Dark Forces Trilogy Book 2]_06930224,_Uncataloged\35-Rebel Agent[Dark Forces Trilogy Book 2]_06930224,112.35,DUPLICATE_EXTRA_COPY,None (Not in Manifest),35-Rebel Agent[Dark Forces Trilogy Book 2],Unknown,,
101-Tempest[Legacy Of The Force Book 3]_0a5f5f80,_Uncataloged\101-Tempest[Legacy Of The Force Book 3]_0a5f5f80,346.24,DUPLICATE_EXTRA_COPY,None (Not in Manifest),101-Tempest[Legacy Of The Force Book 3],Unknown,,
Book 1 - Foundation_95c62517,_Uncataloged\Book 1 - Foundation_95c62517,169.95,DUPLICATE_EXTRA_COPY,None (Not in Manifest),Book 1 - Foundation,Unknown,,
Book 1 - Foundation_faa82743,_Uncataloged\Book 1 - Foundation_faa82743,169.95,DUPLICATE_EXTRA_COPY,None (Not in Manifest),Book 1 - Foundation,Unknown,,
CD 07,_Uncataloged\Isaac Asimov - Foundation 01 - Foundation (new version - Scott Brick)_27b5754f\CD 07,31.39,DUPLICATE_EXTRA_COPY,None (Not in Manifest),CD 07,Unknown,,
CD 05,_Uncataloged\Isaac Asimov - Foundation 01 - Foundation (new version - Scott Brick)_27b5754f\CD 05,34.83,DUPLICATE_EXTRA_COPY,None (Not in Manifest),CD 05,Unknown,,
CD 06,_Uncataloged\Isaac Asimov - Foundation 01 - Foundation (new version - Scott Brick)_27b5754f\CD 06,34.67,DUPLICATE_EXTRA_COPY,None (Not in Manifest),CD 06,Unknown,,
CD 04,_Uncataloged\Isaac Asimov - Foundation 01 - Foundation (new version - Scott Brick)_27b5754f\CD 04,32.43,DUPLICATE_EXTRA_COPY,None (Not in Manifest),CD 04,Unknown,,
CD 01,_Uncataloged\Isaac Asimov - Foundation 01 - Foundation (new version - Scott Brick)_27b5754f\CD 01,34.49,DUPLICATE_EXTRA_COPY,None (Not in Manifest),CD 01,Unknown,,
CD 03,_Uncataloged\Isaac Asimov - Foundation 01 - Foundation (new version - Scott Brick)_27b5754f\CD 03,34.7,DUPLICATE_EXTRA_COPY,None (Not in Manifest),CD 03,Unknown,,
CD 02,_Uncataloged\Isaac Asimov - Foundation 01 - Foundation (new version - Scott Brick)_27b5754f\CD 02,34.18,DUPLICATE_EXTRA_COPY,None (Not in Manifest),CD 02,Unknown,,
Book 1 - Foundation_ad9d8d86,_Uncataloged\Book 1 - Foundation_ad9d8d86,169.95,DUPLICATE_EXTRA_COPY,None (Not in Manifest),Book 1 - Foundation,Unknown,,
CD 04,_Uncataloged\Isaac Asimov - Foundation 01 - Foundation (new version - Scott Brick)\CD 04,32.43,DUPLICATE_EXTRA_COPY,None (Not in Manifest),CD 04,Unknown,,
CD 05,_Uncataloged\Isaac Asimov - Foundation 01 - Foundation (new version - Scott Brick)\CD 05,34.83,DUPLICATE_EXTRA_COPY,None (Not in Manifest),CD 05,Unknown,,
CD 03,_Uncataloged\Isaac Asimov - Foundation 01 - Foundation (new version - Scott Brick)\CD 03,34.7,DUPLICATE_EXTRA_COPY,None (Not in Manifest),CD 03,Unknown,,
CD 06,_Uncataloged\Isaac Asimov - Foundation 01 - Foundation (new version - Scott Brick)\CD 06,34.67,DUPLICATE_EXTRA_COPY,None (Not in Manifest),CD 06,Unknown,,
CD 07,_Uncataloged\Isaac Asimov - Foundation 01 - Foundation (new version - Scott Brick)\CD 07,31.39,DUPLICATE_EXTRA_COPY,None (Not in Manifest),CD 07,Unknown,,
CD 02,_Uncataloged\Isaac Asimov - Foundation 01 - Foundation (new version - Scott Brick)\CD 02,34.18,DUPLICATE_EXTRA_COPY,None (Not in Manifest),CD 02,Unknown,,
CD 01,_Uncataloged\Isaac Asimov - Foundation 01 - Foundation (new version - Scott Brick)\CD 01,34.49,DUPLICATE_EXTRA_COPY,None (Not in Manifest),CD 01,Unknown,,
Book 1 - Foundation_7afa8edd,_Uncataloged\Book 1 - Foundation_7afa8edd,169.95,DUPLICATE_EXTRA_COPY,None (Not in Manifest),Book 1 - Foundation,Unknown,,
CD 06,_Uncataloged\Asimov - Foundation - Book 03 - Second Foundation (new version - Scott Brick)_16525434\CD 06,26.35,DUPLICATE_EXTRA_COPY,None (Not in Manifest),CD 06,Unknown,,
CD 07,_Uncataloged\Asimov - Foundation - Book 03 - Second Foundation (new version - Scott Brick)_16525434\CD 07,33.3,DUPLICATE_EXTRA_COPY,None (Not in Manifest),CD 07,Unknown,,
CD 05,_Uncataloged\Asimov - Foundation - Book 03 - Second Foundation (new version - Scott Brick)_16525434\CD 05,24.51,DUPLICATE_EXTRA_COPY,None (Not in Manifest),CD 05,Unknown,,
CD 08,_Uncataloged\Asimov - Foundation - Book 03 - Second Foundation (new version - Scott Brick)_16525434\CD 08,36.07,DUPLICATE_EXTRA_COPY,None (Not in Manifest),CD 08,Unknown,,
CD 02,_Uncataloged\Asimov - Foundation - Book 03 - Second Foundation (new version - Scott Brick)_16525434\CD 02,33.89,DUPLICATE_EXTRA_COPY,None (Not in Manifest),CD 02,Unknown,,
CD 04,_Uncataloged\Asimov - Foundation - Book 03 - Second Foundation (new version - Scott Brick)_16525434\CD 04,31.94,DUPLICATE_EXTRA_COPY,None (Not in Manifest),CD 04,Unknown,,
CD 03,_Uncataloged\Asimov - Foundation - Book 03 - Second Foundation (new version - Scott Brick)_16525434\CD 03,29.16,DUPLICATE_EXTRA_COPY,None (Not in Manifest),CD 03,Unknown,,
CD 01,_Uncataloged\Asimov - Foundation - Book 03 - Second Foundation (new version - Scott Brick)_16525434\CD 01,32.06,DUPLICATE_EXTRA_COPY,None (Not in Manifest),CD 01,Unknown,,
Quandary phase_e2cba846,_Uncataloged\Quandary phase_e2cba846,50.74,DUPLICATE_EXTRA_COPY,None (Not in Manifest),Quandary phase,Unknown,,
Secondary phase_1a491b56,_Uncataloged\Secondary phase_1a491b56,81.1,DUPLICATE_EXTRA_COPY,None (Not in Manifest),Secondary phase,Unknown,,
Primary phase_b7fff197,_Uncataloged\Primary phase_b7fff197,80.35,DUPLICATE_EXTRA_COPY,None (Not in Manifest),Primary phase,Unknown,,
Salem's Lot (Disc 12),_Uncataloged\Stephen King - Salems Lot\Salem's Lot (Disc 12),30.33,DUPLICATE_EXTRA_COPY,None (Not in Manifest),Salem's Lot (Disc 12),Unknown,,
Salem's Lot (Disc 14),_Uncataloged\Stephen King - Salems Lot\Salem's Lot (Disc 14),27.01,DUPLICATE_EXTRA_COPY,None (Not in Manifest),Salem's Lot (Disc 14),Unknown,,
Salem's Lot (Disc 13),_Uncataloged\Stephen King - Salems Lot\Salem's Lot (Disc 13),29.33,DUPLICATE_EXTRA_COPY,None (Not in Manifest),Salem's Lot (Disc 13),Unknown,,
Salem's Lot (Disc 10),_Uncataloged\Stephen King - Salems Lot\Salem's Lot (Disc 10),27.14,DUPLICATE_EXTRA_COPY,None (Not in Manifest),Salem's Lot (Disc 10),Unknown,,
Salem's Lot (Disc 11),_Uncataloged\Stephen King - Salems Lot\Salem's Lot (Disc 11),30.39,DUPLICATE_EXTRA_COPY,None (Not in Manifest),Salem's Lot (Disc 11),Unknown,,
Salem's Lot (Disc 09),_Uncataloged\Stephen King - Salems Lot\Salem's Lot (Disc 09),27.21,DUPLICATE_EXTRA_COPY,None (Not in Manifest),Salem's Lot (Disc 09),Unknown,,
Salem's Lot (Disc 08),_Uncataloged\Stephen King - Salems Lot\Salem's Lot (Disc 08),30.27,DUPLICATE_EXTRA_COPY,None (Not in Manifest),Salem's Lot (Disc 08),Unknown,,
Salem's Lot (Disc 06),_Uncataloged\Stephen King - Salems Lot\Salem's Lot (Disc 06),30.5,DUPLICATE_EXTRA_COPY,None (Not in Manifest),Salem's Lot (Disc 06),Unknown,,
Salem's Lot (Disc 07),_Uncataloged\Stephen King - Salems Lot\Salem's Lot (Disc 07),27.27,DUPLICATE_EXTRA_COPY,None (Not in Manifest),Salem's Lot (Disc 07),Unknown,,
Salem's Lot (Disc 05),_Uncataloged\Stephen King - Salems Lot\Salem's Lot (Disc 05),30.66,DUPLICATE_EXTRA_COPY,None (Not in Manifest),Salem's Lot (Disc 05),Unknown,,
Salem's Lot (Disc 04),_Uncataloged\Stephen King - Salems Lot\Salem's Lot (Disc 04),29.93,DUPLICATE_EXTRA_COPY,None (Not in Manifest),Salem's Lot (Disc 04),Unknown,,
Salem's Lot (Disc 03),_Uncataloged\Stephen King - Salems Lot\Salem's Lot (Disc 03),28.38,DUPLICATE_EXTRA_COPY,None (Not in Manifest),Salem's Lot (Disc 03),Unknown,,
Salem's Lot (Disc 02),_Uncataloged\Stephen King - Salems Lot\Salem's Lot (Disc 02),28.76,DUPLICATE_EXTRA_COPY,None (Not in Manifest),Salem's Lot (Disc 02),Unknown,,
Salem's Lot (Disc 01),_Uncataloged\Stephen King - Salems Lot\Salem's Lot (Disc 01),28.51,DUPLICATE_EXTRA_COPY,None (Not in Manifest),Salem's Lot (Disc 01),Unknown,,
The Amazing Spiderman CD1,_Uncataloged\Marvel -The Amazing Spiderman (BBC-256k)\The Amazing Spiderman CD1,128.09,DUPLICATE_EXTRA_COPY,None (Not in Manifest),The Amazing Spiderman CD1,Unknown,,
Marvel Planet_Hulk_9d3d9f86,_Uncataloged\Marvel Planet_Hulk_9d3d9f86,318.64,DUPLICATE_EXTRA_COPY,None (Not in Manifest),Marvel Planet_Hulk,Unknown,,
Disk 1_7cfaef04,_Uncataloged\Disk 1_7cfaef04,32.46,DUPLICATE_EXTRA_COPY,None (Not in Manifest),Disk 1,Unknown,,
Disk 3_db265487,_Uncataloged\Disk 3_db265487,31.1,DUPLICATE_EXTRA_COPY,None (Not in Manifest),Disk 3,Unknown,,
Disk 2_40831bf9,_Uncataloged\Disk 2_40831bf9,30.78,DUPLICATE_EXTRA_COPY,None (Not in Manifest),Disk 2,Unknown,,
Disk 5_6ad0432d,_Uncataloged\Disk 5_6ad0432d,31.41,DUPLICATE_EXTRA_COPY,None (Not in Manifest),Disk 5,Unknown,,
Disk 4_4338a461,_Uncataloged\Disk 4_4338a461,31.95,DUPLICATE_EXTRA_COPY,None (Not in Manifest),Disk 4,Unknown,,
12 The Spine of the World (TA)_ff4b421b,_Uncataloged\12 The Spine of the World (TA)_ff4b421b,549.0,DUPLICATE_EXTRA_COPY,None (Not in Manifest),12 The Spine of the World (TA),Unknown,,
14 Sea of Swords_0b933e56,_Uncataloged\14 Sea of Swords_0b933e56,550.49,DUPLICATE_EXTRA_COPY,None (Not in Manifest),14 Sea of Swords,Unknown,,
Book 28 - Amazing Maurice_4eed076e,_Uncataloged\Book 28 - Amazing Maurice_4eed076e,349.72,DUPLICATE_EXTRA_COPY,None (Not in Manifest),Book 28 - Amazing Maurice,Unknown,,
Hunger Games 1_f29c894c,_Uncataloged\Hunger Games 1_f29c894c,153.93,DUPLICATE_EXTRA_COPY,None (Not in Manifest),Hunger Games 1,Unknown,,
CD 07,_Uncataloged\Isaac Asimov - Foundation 01 - Foundation (new version - Scott Brick)_97462a4a\CD 07,31.39,DUPLICATE_EXTRA_COPY,None (Not in Manifest),CD 07,Unknown,,
CD 05,_Uncataloged\Isaac Asimov - Foundation 01 - Foundation (new version - Scott Brick)_97462a4a\CD 05,34.83,DUPLICATE_EXTRA_COPY,None (Not in Manifest),CD 05,Unknown,,
CD 06,_Uncataloged\Isaac Asimov - Foundation 01 - Foundation (new version - Scott Brick)_97462a4a\CD 06,34.67,DUPLICATE_EXTRA_COPY,None (Not in Manifest),CD 06,Unknown,,
CD 04,_Uncataloged\Isaac Asimov - Foundation 01 - Foundation (new version - Scott Brick)_97462a4a\CD 04,32.43,DUPLICATE_EXTRA_COPY,None (Not in Manifest),CD 04,Unknown,,
CD 01,_Uncataloged\Isaac Asimov - Foundation 01 - Foundation (new version - Scott Brick)_97462a4a\CD 01,34.49,DUPLICATE_EXTRA_COPY,None (Not in Manifest),CD 01,Unknown,,
CD 03,_Uncataloged\Isaac Asimov - Foundation 01 - Foundation (new version - Scott Brick)_97462a4a\CD 03,34.7,DUPLICATE_EXTRA_COPY,None (Not in Manifest),CD 03,Unknown,,
CD 02,_Uncataloged\Isaac Asimov - Foundation 01 - Foundation (new version - Scott Brick)_97462a4a\CD 02,34.18,DUPLICATE_EXTRA_COPY,None (Not in Manifest),CD 02,Unknown,,
Book 1 - Foundation_bcfcdf5a,_Uncataloged\Book 1 - Foundation_bcfcdf5a,169.95,DUPLICATE_EXTRA_COPY,None (Not in Manifest),Book 1 - Foundation,Unknown,,
14 Sea of Swords_b6c54339,_Uncataloged\14 Sea of Swords_b6c54339,550.49,DUPLICATE_EXTRA_COPY,None (Not in Manifest),14 Sea of Swords,Unknown,,
Disc 1,_Uncataloged\Dan Brown - The Da Vinci Code\Disc 1,73.1,DUPLICATE_EXTRA_COPY,None (Not in Manifest),Disc 1,Unknown,,
Disc 2,_Uncataloged\Dan Brown - The Da Vinci Code\Disc 2,72.82,DUPLICATE_EXTRA_COPY,None (Not in Manifest),Disc 2,Unknown,,
Disc 5,_Uncataloged\Dan Brown - The Da Vinci Code\Disc 5,65.77,DUPLICATE_EXTRA_COPY,None (Not in Manifest),Disc 5,Unknown,,
Disc 4,_Uncataloged\Dan Brown - The Da Vinci Code\Disc 4,72.58,DUPLICATE_EXTRA_COPY,None (Not in Manifest),Disc 4,Unknown,,
Disc 3,_Uncataloged\Dan Brown - The Da Vinci Code\Disc 3,73.11,DUPLICATE_EXTRA_COPY,None (Not in Manifest),Disc 3,Unknown,,
40 The Legend of Drizzt - Collect Stories_ea65719e,_Uncataloged\40 The Legend of Drizzt - Collect Stories_ea65719e,287.39,DUPLICATE_EXTRA_COPY,None (Not in Manifest),40 The Legend of Drizzt - Collect Stories,Unknown,,
[00.5] Ash,_Uncataloged\[00.5] Ash,881.74,DUPLICATE_EXTRA_COPY,None (Not in Manifest),[00.5] Ash,Unknown,,
[02] Super Powereds (2)_add339ff,_Uncataloged\[02] Super Powereds (2)_add339ff,372.7,DUPLICATE_EXTRA_COPY,None (Not in Manifest),[02] Super Powereds (2),Unknown,,
[01] Super Powereds (2)_b844a7c8,_Uncataloged\[01] Super Powereds (2)_b844a7c8,297.69,DUPLICATE_EXTRA_COPY,None (Not in Manifest),[01] Super Powereds (2),Unknown,,
80-Hero's Trial[The New Jedi Order Book 4]_b5b525fa,_Uncataloged\80-Hero's Trial[The New Jedi Order Book 4]_b5b525fa,76.76,DUPLICATE_EXTRA_COPY,None (Not in Manifest),80-Hero's Trial[The New Jedi Order Book 4],Unknown,,
65-Starfighters Of Adumar[X-Wing Book 9]_fa9ab5ae,_Uncataloged\65-Starfighters Of Adumar[X-Wing Book 9]_fa9ab5ae,52.85,DUPLICATE_EXTRA_COPY,None (Not in Manifest),65-Starfighters Of Adumar[X-Wing Book 9],Unknown,,
78-Onslaught[The New Jedi Order Book 2]_a9e5bab4,_Uncataloged\78-Onslaught[The New Jedi Order Book 2]_a9e5bab4,61.61,DUPLICATE_EXTRA_COPY,None (Not in Manifest),78-Onslaught[The New Jedi Order Book 2],Unknown,,
35-Rebel Agent[Dark Forces Trilogy Book 2]_f36a286a,_Uncataloged\35-Rebel Agent[Dark Forces Trilogy Book 2]_f36a286a,111.87,DUPLICATE_EXTRA_COPY,None (Not in Manifest),35-Rebel Agent[Dark Forces Trilogy Book 2],Unknown,,
23-Paradise Snare[Han Solo Trilogy Book 1]_d5c25674,_Uncataloged\23-Paradise Snare[Han Solo Trilogy Book 1]_d5c25674,176.27,DUPLICATE_EXTRA_COPY,None (Not in Manifest),23-Paradise Snare[Han Solo Trilogy Book 1],Unknown,,
4. So Long And Thanks For All The Fish_deb5deab,_Uncataloged\4. So Long And Thanks For All The Fish_deb5deab,228.2,DUPLICATE_EXTRA_COPY,None (Not in Manifest),4. So Long And Thanks For All The Fish,Unknown,,
2 Restaurant At The End Of The Universe_08368847,_Uncataloged\2 Restaurant At The End Of The Universe_08368847,271.07,DUPLICATE_EXTRA_COPY,None (Not in Manifest),2 Restaurant At The End Of The Universe,Unknown,,
1. Hitchhikers Guide To The Galaxy_44379baa,_Uncataloged\1. Hitchhikers Guide To The Galaxy_44379baa,269.53,DUPLICATE_EXTRA_COPY,None (Not in Manifest),1. Hitchhikers Guide To The Galaxy,Unknown,,
Hitchhiker's Guide To The Galaxy - 4 - Quandary Phase_96d657f5,_Uncataloged\Hitchhiker's Guide To The Galaxy - 4 - Quandary Phase_96d657f5,103.11,DUPLICATE_EXTRA_COPY,None (Not in Manifest),Hitchhiker's Guide To The Galaxy - 4 - Quandary Phase,Unknown,,
Hitchhiker's Guide To The Galaxy - 5 - Quintessential Phase_ec0d1016,_Uncataloged\Hitchhiker's Guide To The Galaxy - 5 - Quintessential Phase_ec0d1016,103.43,DUPLICATE_EXTRA_COPY,None (Not in Manifest),Hitchhiker's Guide To The Galaxy - 5 - Quintessential Phase,Unknown,,
Hitchhiker's Guide To The Galaxy - 1 - Primary Phase_125041d7,_Uncataloged\Hitchhiker's Guide To The Galaxy - 1 - Primary Phase_125041d7,201.47,DUPLICATE_EXTRA_COPY,None (Not in Manifest),Hitchhiker's Guide To The Galaxy - 1 - Primary Phase,Unknown,,
Hitchhiker's Guide To The Galaxy - 2 - Secondary Phase_7ab5e2b0,_Uncataloged\Hitchhiker's Guide To The Galaxy - 2 - Secondary Phase_7ab5e2b0,204.08,DUPLICATE_EXTRA_COPY,None (Not in Manifest),Hitchhiker's Guide To The Galaxy - 2 - Secondary Phase,Unknown,,
2 Restaurant At The End Of The Universe_813475d3,_Uncataloged\2 Restaurant At The End Of The Universe_813475d3,4.57,DUPLICATE_EXTRA_COPY,None (Not in Manifest),2 Restaurant At The End Of The Universe,Unknown,,
Book 1 - Foundation_dced7e51,_Uncataloged\Book 1 - Foundation_dced7e51,169.95,DUPLICATE_EXTRA_COPY,None (Not in Manifest),Book 1 - Foundation,Unknown,,
Book 1 - Foundation_03681297,_Uncataloged\Book 1 - Foundation_03681297,85.45,DUPLICATE_EXTRA_COPY,None (Not in Manifest),Book 1 - Foundation,Unknown,,
Book 1 - Foundation_bd4b8d2b,_Uncataloged\Book 1 - Foundation_bd4b8d2b,169.95,DUPLICATE_EXTRA_COPY,None (Not in Manifest),Book 1 - Foundation,Unknown,,
Book 1 - Foundation_82d23f4e,_Uncataloged\Book 1 - Foundation_82d23f4e,85.45,DUPLICATE_EXTRA_COPY,None (Not in Manifest),Book 1 - Foundation,Unknown,,
12 The Spine of the World (TA)_0c817bb3,_Uncataloged\12 The Spine of the World (TA)_0c817bb3,549.0,DUPLICATE_EXTRA_COPY,None (Not in Manifest),12 The Spine of the World (TA),Unknown,,
Neil Degrasse Tyson_808136c7,_Uncataloged\Neil Degrasse Tyson_808136c7,663.31,DUPLICATE_EXTRA_COPY,None (Not in Manifest),Neil Degrasse Tyson,Unknown,,
Dan Brown Angels & Demons Disk1_b3e873c7,_Uncataloged\Dan Brown Angels & Demons Disk1_b3e873c7,64.31,DUPLICATE_EXTRA_COPY,None (Not in Manifest),Dan Brown Angels & Demons Disk1,Unknown,,
7 The Last Battle_9f6c48d6,_Uncataloged\7 The Last Battle_9f6c48d6,16.13,DUPLICATE_EXTRA_COPY,None (Not in Manifest),7 The Last Battle,Unknown,,
6 The Silver Chair_b9e0523c,_Uncataloged\6 The Silver Chair_b9e0523c,30.86,DUPLICATE_EXTRA_COPY,None (Not in Manifest),6 The Silver Chair,Unknown,,
4 Prince Caspian_4be5e033,_Uncataloged\4 Prince Caspian_4be5e033,29.9,DUPLICATE_EXTRA_COPY,None (Not in Manifest),4 Prince Caspian,Unknown,,
3 The Horse and His Boy_30e492c8,_Uncataloged\3 The Horse and His Boy_30e492c8,30.25,DUPLICATE_EXTRA_COPY,None (Not in Manifest),3 The Horse and His Boy,Unknown,,
"2 The Lion, The Witch and The Wardrobe_ba6ace9d","_Uncataloged\2 The Lion, The Witch and The Wardrobe_ba6ace9d",26.69,DUPLICATE_EXTRA_COPY,None (Not in Manifest),"2 The Lion, The Witch and The Wardrobe",Unknown,,
1 The Magician's Nephew_f44443bf,_Uncataloged\1 The Magician's Nephew_f44443bf,26.7,DUPLICATE_EXTRA_COPY,None (Not in Manifest),1 The Magician's Nephew,Unknown,,
Audio Book - Stephen King - The Dark Tower - The Gunslinger Complete.mp3_197df635,_Uncataloged\Audio Book - Stephen King - The Dark Tower - The Gunslinger Complete.mp3_197df635,136.75,DUPLICATE_EXTRA_COPY,None (Not in Manifest),Audio Book - Stephen King - The Dark Tower - The Gunslinger Complete.mp3,Unknown,,
Spiderman,_Uncataloged\Superman_Batman_Spiderman Audio productions\Spiderman,130.89,DUPLICATE_EXTRA_COPY,None (Not in Manifest),Spiderman,Unknown,,
Adventures of Superman,_Uncataloged\Superman_Batman_Spiderman Audio productions\Adventures of Superman,37.56,DUPLICATE_EXTRA_COPY,None (Not in Manifest),Adventures of Superman,Unknown,,
The Vampire Lestat Disc 17,_Uncataloged\TVC02 - The Vampire Lestat\The Vampire Lestat Disc 17,40.86,DUPLICATE_EXTRA_COPY,None (Not in Manifest),The Vampire Lestat Disc 17,Unknown,,
The Vampire Lestat Disc 16,_Uncataloged\TVC02 - The Vampire Lestat\The Vampire Lestat Disc 16,44.04,DUPLICATE_EXTRA_COPY,None (Not in Manifest),The Vampire Lestat Disc 16,Unknown,,
The Vampire Lestat Disc 18,_Uncataloged\TVC02 - The Vampire Lestat\The Vampire Lestat Disc 18,42.37,DUPLICATE_EXTRA_COPY,None (Not in Manifest),The Vampire Lestat Disc 18,Unknown,,
The Vampire Lestat Disc 19,_Uncataloged\TVC02 - The Vampire Lestat\The Vampire Lestat Disc 19,42.05,DUPLICATE_EXTRA_COPY,None (Not in Manifest),The Vampire Lestat Disc 19,Unknown,,
The Vampire Lestat Disc 15,_Uncataloged\TVC02 - The Vampire Lestat\The Vampire Lestat Disc 15,43.76,DUPLICATE_EXTRA_COPY,None (Not in Manifest),The Vampire Lestat Disc 15,Unknown,,
The Vampire Lestat Disc 14,_Uncataloged\TVC02 - The Vampire Lestat\The Vampire Lestat Disc 14,42.78,DUPLICATE_EXTRA_COPY,None (Not in Manifest),The Vampire Lestat Disc 14,Unknown,,
The Vampire Lestat Disc 12,_Uncataloged\TVC02 - The Vampire Lestat\The Vampire Lestat Disc 12,42.6,DUPLICATE_EXTRA_COPY,None (Not in Manifest),The Vampire Lestat Disc 12,Unknown,,
The Vampire Lestat Disc 11,_Uncataloged\TVC02 - The Vampire Lestat\The Vampire Lestat Disc 11,43.9,DUPLICATE_EXTRA_COPY,None (Not in Manifest),The Vampire Lestat Disc 11,Unknown,,
The Vampire Lestat Disc 13,_Uncataloged\TVC02 - The Vampire Lestat\The Vampire Lestat Disc 13,41.12,DUPLICATE_EXTRA_COPY,None (Not in Manifest),The Vampire Lestat Disc 13,Unknown,,
The Vampire Lestat Disc 10,_Uncataloged\TVC02 - The Vampire Lestat\The Vampire Lestat Disc 10,44.68,DUPLICATE_EXTRA_COPY,None (Not in Manifest),The Vampire Lestat Disc 10,Unknown,,
The Vampire Lestat Disc 04,_Uncataloged\TVC02 - The Vampire Lestat\The Vampire Lestat Disc 04,44.61,DUPLICATE_EXTRA_COPY,None (Not in Manifest),The Vampire Lestat Disc 04,Unknown,,
The Vampire Lestat Disc 06,_Uncataloged\TVC02 - The Vampire Lestat\The Vampire Lestat Disc 06,41.82,DUPLICATE_EXTRA_COPY,None (Not in Manifest),The Vampire Lestat Disc 06,Unknown,,
The Vampire Lestat Disc 08,_Uncataloged\TVC02 - The Vampire Lestat\The Vampire Lestat Disc 08,44.63,DUPLICATE_EXTRA_COPY,None (Not in Manifest),The Vampire Lestat Disc 08,Unknown,,
The Vampire Lestat Disc 09,_Uncataloged\TVC02 - The Vampire Lestat\The Vampire Lestat Disc 09,42.8,DUPLICATE_EXTRA_COPY,None (Not in Manifest),The Vampire Lestat Disc 09,Unknown,,
The Vampire Lestat Disc 07,_Uncataloged\TVC02 - The Vampire Lestat\The Vampire Lestat Disc 07,42.67,DUPLICATE_EXTRA_COPY,None (Not in Manifest),The Vampire Lestat Disc 07,Unknown,,
The Vampire Lestat Disc 05,_Uncataloged\TVC02 - The Vampire Lestat\The Vampire Lestat Disc 05,43.56,DUPLICATE_EXTRA_COPY,None (Not in Manifest),The Vampire Lestat Disc 05,Unknown,,
The Vampire Lestat Disc 03,_Uncataloged\TVC02 - The Vampire Lestat\The Vampire Lestat Disc 03,40.61,DUPLICATE_EXTRA_COPY,None (Not in Manifest),The Vampire Lestat Disc 03,Unknown,,
The Vampire Lestat Disc 01,_Uncataloged\TVC02 - The Vampire Lestat\The Vampire Lestat Disc 01,42.43,DUPLICATE_EXTRA_COPY,None (Not in Manifest),The Vampire Lestat Disc 01,Unknown,,
The Vampire Lestat Disc 02,_Uncataloged\TVC02 - The Vampire Lestat\The Vampire Lestat Disc 02,43.8,DUPLICATE_EXTRA_COPY,None (Not in Manifest),The Vampire Lestat Disc 02,Unknown,,
8 - Shadow of the Giant_9fc35c70,_Uncataloged\8 - Shadow of the Giant_9fc35c70,298.11,DUPLICATE_EXTRA_COPY,None (Not in Manifest),8 - Shadow of the Giant,Unknown,,
7 - Shadow Puppets_2f3568f0,_Uncataloged\7 - Shadow Puppets_2f3568f0,258.01,DUPLICATE_EXTRA_COPY,None (Not in Manifest),7 - Shadow Puppets,Unknown,,
6 - Shadow of the Hegemon_406de467,_Uncataloged\6 - Shadow of the Hegemon_406de467,177.36,DUPLICATE_EXTRA_COPY,None (Not in Manifest),6 - Shadow of the Hegemon,Unknown,,
1 - Ender's Game_54213287,_Uncataloged\1 - Ender's Game_54213287,189.75,DUPLICATE_EXTRA_COPY,None (Not in Manifest),1 - Ender's Game,Unknown,,
4 - Childeren of the Mind_041de217,_Uncataloged\4 - Childeren of the Mind_041de217,184.92,DUPLICATE_EXTRA_COPY,None (Not in Manifest),4 - Childeren of the Mind,Unknown,,
5 - Enders Shadow_1226b14d,_Uncataloged\5 - Enders Shadow_1226b14d,216.03,DUPLICATE_EXTRA_COPY,None (Not in Manifest),5 - Enders Shadow,Unknown,,
LDK 4_d4f1d225,_Uncataloged\LDK 4_d4f1d225,142.42,DUPLICATE_EXTRA_COPY,None (Not in Manifest),LDK 4,Unknown,,
LDK 2_4ae95398,_Uncataloged\LDK 2_4ae95398,189.74,DUPLICATE_EXTRA_COPY,None (Not in Manifest),LDK 2,Unknown,,
LDK 3_e6dd0eda,_Uncataloged\LDK 3_e6dd0eda,199.05,DUPLICATE_EXTRA_COPY,None (Not in Manifest),LDK 3,Unknown,,
LDK 5_58b59af8,_Uncataloged\LDK 5_58b59af8,135.06,DUPLICATE_EXTRA_COPY,None (Not in Manifest),LDK 5,Unknown,,
LDK 1_daf2bda7,_Uncataloged\LDK 1_daf2bda7,196.09,DUPLICATE_EXTRA_COPY,None (Not in Manifest),LDK 1,Unknown,,
D22_b80bd556,_Uncataloged\D22_b80bd556,33.86,DUPLICATE_EXTRA_COPY,None (Not in Manifest),D22,Unknown,,
D21,_Uncataloged\D21,36.48,TRUE_STANDALONE_EXTRA,None (Not in Manifest),D21,Unknown,,
D20_609fe439,_Uncataloged\D20_609fe439,36.09,DUPLICATE_EXTRA_COPY,None (Not in Manifest),D20,Unknown,,
D14_a162d766,_Uncataloged\D14_a162d766,35.47,DUPLICATE_EXTRA_COPY,None (Not in Manifest),D14,Unknown,,
D16_08dd4711,_Uncataloged\D16_08dd4711,35.26,DUPLICATE_EXTRA_COPY,None (Not in Manifest),D16,Unknown,,
D15_a95e5778,_Uncataloged\D15_a95e5778,36.41,DUPLICATE_EXTRA_COPY,None (Not in Manifest),D15,Unknown,,
D17_0e9db012,_Uncataloged\D17_0e9db012,35.13,DUPLICATE_EXTRA_COPY,None (Not in Manifest),D17,Unknown,,
D18_e58ac250,_Uncataloged\D18_e58ac250,36.15,DUPLICATE_EXTRA_COPY,None (Not in Manifest),D18,Unknown,,
D19_687b721d,_Uncataloged\D19_687b721d,35.79,DUPLICATE_EXTRA_COPY,None (Not in Manifest),D19,Unknown,,
D09_85c165fa,_Uncataloged\D09_85c165fa,36.98,DUPLICATE_EXTRA_COPY,None (Not in Manifest),D09,Unknown,,
D12_f5c9a83c,_Uncataloged\D12_f5c9a83c,36.62,DUPLICATE_EXTRA_COPY,None (Not in Manifest),D12,Unknown,,
D11_6c63acf4,_Uncataloged\D11_6c63acf4,36.55,DUPLICATE_EXTRA_COPY,None (Not in Manifest),D11,Unknown,,
D13_215b14cf,_Uncataloged\D13_215b14cf,35.69,DUPLICATE_EXTRA_COPY,None (Not in Manifest),D13,Unknown,,
D08_bdfbf48b,_Uncataloged\D08_bdfbf48b,35.26,DUPLICATE_EXTRA_COPY,None (Not in Manifest),D08,Unknown,,
D10_196f20ea,_Uncataloged\D10_196f20ea,36.93,DUPLICATE_EXTRA_COPY,None (Not in Manifest),D10,Unknown,,
D05_4a9f6a01,_Uncataloged\D05_4a9f6a01,36.07,DUPLICATE_EXTRA_COPY,None (Not in Manifest),D05,Unknown,,
D06_cb33ed5f,_Uncataloged\D06_cb33ed5f,36.77,DUPLICATE_EXTRA_COPY,None (Not in Manifest),D06,Unknown,,
D07_4456e3ba,_Uncataloged\D07_4456e3ba,35.61,DUPLICATE_EXTRA_COPY,None (Not in Manifest),D07,Unknown,,
D04_40ff067d,_Uncataloged\D04_40ff067d,36.85,DUPLICATE_EXTRA_COPY,None (Not in Manifest),D04,Unknown,,
D02_3dff59ee,_Uncataloged\D02_3dff59ee,37.08,DUPLICATE_EXTRA_COPY,None (Not in Manifest),D02,Unknown,,
D03_f54f27e4,_Uncataloged\D03_f54f27e4,33.79,DUPLICATE_EXTRA_COPY,None (Not in Manifest),D03,Unknown,,
D01_4c5f8fb9,_Uncataloged\D01_4c5f8fb9,36.38,DUPLICATE_EXTRA_COPY,None (Not in Manifest),D01,Unknown,,
92-Refugee[The New Jedi Order Book 16]_6de42c9d,_Uncataloged\92-Refugee[The New Jedi Order Book 16]_6de42c9d,75.54,DUPLICATE_EXTRA_COPY,None (Not in Manifest),92-Refugee[The New Jedi Order Book 16],Unknown,,
74-Specter Of The Past[The Thrawn Duologuy Book 1]_2b94b4c9,_Uncataloged\74-Specter Of The Past[The Thrawn Duologuy Book 1]_2b94b4c9,57.4,DUPLICATE_EXTRA_COPY,None (Not in Manifest),74-Specter Of The Past[The Thrawn Duologuy Book 1],Unknown,,
71-Ambush At Corellia[The Corellian Trilogy Book 1]_e32d44c3,_Uncataloged\71-Ambush At Corellia[The Corellian Trilogy Book 1]_e32d44c3,53.84,DUPLICATE_EXTRA_COPY,None (Not in Manifest),71-Ambush At Corellia[The Corellian Trilogy Book 1],Unknown,,
62-Children Of The Jedi[Callista Trilogy Book 1]_87848a49,_Uncataloged\62-Children Of The Jedi[Callista Trilogy Book 1]_87848a49,58.59,DUPLICATE_EXTRA_COPY,None (Not in Manifest),62-Children Of The Jedi[Callista Trilogy Book 1],Unknown,,
58-Jedi Search[The Jedi Academy Trilogy Book 1]_bc4a0976,_Uncataloged\58-Jedi Search[The Jedi Academy Trilogy Book 1]_bc4a0976,53.71,DUPLICATE_EXTRA_COPY,None (Not in Manifest),58-Jedi Search[The Jedi Academy Trilogy Book 1],Unknown,,
26-Soldier For The Empire[Dark Forces Trilogy Book 1]_fd52cf93,_Uncataloged\26-Soldier For The Empire[Dark Forces Trilogy Book 1]_fd52cf93,98.02,DUPLICATE_EXTRA_COPY,None (Not in Manifest),26-Soldier For The Empire[Dark Forces Trilogy Book 1],Unknown,,
101-Tempest[Legacy Of The Force Book 3]_4da7c1a7,_Uncataloged\101-Tempest[Legacy Of The Force Book 3]_4da7c1a7,346.23,DUPLICATE_EXTRA_COPY,None (Not in Manifest),101-Tempest[Legacy Of The Force Book 3],Unknown,,
Marvel Planet_Hulk_8b3a9b18,_Uncataloged\Marvel Planet_Hulk_8b3a9b18,318.64,DUPLICATE_EXTRA_COPY,None (Not in Manifest),Marvel Planet_Hulk,Unknown,,
The Amazing Spiderman CD1,_Uncataloged\Marvel -The Amazing Spiderman (BBC-256k)_147bc527\The Amazing Spiderman CD1,128.09,DUPLICATE_EXTRA_COPY,None (Not in Manifest),The Amazing Spiderman CD1,Unknown,,
Comedy_e5fea84f,_Uncataloged\Comedy_e5fea84f,11398.39,DUPLICATE_EXTRA_COPY,None (Not in Manifest),Comedy,Unknown,,
Ellen DeGeneres - The Funny Thing Is... Audiobook In Proper Order [JabbaJr],_Uncataloged\Comedy_e5fea84f\Ellen DeGeneres - The Funny Thing Is... Audiobook In Proper Order [JabbaJr],66.68,DUPLICATE_EXTRA_COPY,None (Not in Manifest),Ellen DeGeneres - The Funny Thing Is... Audiobook In Proper Order [JabbaJr],Unknown,,
Tony Hawks - Round Ireland with a Fridge - BBC Radio Audiobook - cheops,_Uncataloged\Comedy_e5fea84f\Tony Hawks - Round Ireland with a Fridge - BBC Radio Audiobook - cheops,61.91,DUPLICATE_EXTRA_COPY,None (Not in Manifest),Tony Hawks - Round Ireland with a Fridge - BBC Radio Audiobook - cheops,Unknown,,
Christopher Moore - The Stupidest Angel,_Uncataloged\Comedy_e5fea84f\Christopher Moore - The Stupidest Angel,343.38,DUPLICATE_EXTRA_COPY,None (Not in Manifest),Christopher Moore - The Stupidest Angel,Unknown,,
what women want men to know audio book [h33t][spooner],_Uncataloged\Comedy_e5fea84f\what women want men to know audio book [h33t][spooner],161.32,DUPLICATE_EXTRA_COPY,None (Not in Manifest),what women want men to know audio book [h33t][spooner],Unknown,,
Christopher Moore - Fluke,_Uncataloged\Comedy_e5fea84f\Christopher Moore - Fluke,537.79,TRUE_STANDALONE_EXTRA,None (Not in Manifest),Christopher Moore - Fluke,Unknown,,
Christopher Moore - Lamb the Gospel According to Biff,_Uncataloged\Comedy_e5fea84f\Christopher Moore - Lamb the Gospel According to Biff,315.5,TRUE_STANDALONE_EXTRA,None (Not in Manifest),Christopher Moore - Lamb the Gospel According to Biff,Unknown,,
[00.5] Ash_f9cee9c3,_Uncataloged\[00.5] Ash_f9cee9c3,29.16,DUPLICATE_EXTRA_COPY,None (Not in Manifest),[00.5] Ash,Unknown,,
Documents,_Uncataloged\Documents,399.44,TRUE_STANDALONE_EXTRA,None (Not in Manifest),Documents,Unknown,,
sounds,_Uncataloged\sounds,0.09,TRUE_STANDALONE_EXTRA,None (Not in Manifest),sounds,Unknown,,
CD 01_5,_Uncataloged\CD 01_5,2.7,DUPLICATE_EXTRA_COPY,None (Not in Manifest),CD 01,Unknown,,
Super Powereds [B09ZQ2SCNW],_Uncataloged\Super Powereds [B09ZQ2SCNW],347.76,DUPLICATE_EXTRA_COPY,None (Not in Manifest),Super Powereds [B09ZQ2SCNW],Unknown,,
Super Powereds [B09JQPMHLY],_Uncataloged\Super Powereds [B09JQPMHLY],767.43,DUPLICATE_EXTRA_COPY,None (Not in Manifest),Super Powereds [B09JQPMHLY],Unknown,,
Stuff You Should Know [B08JJMNHTS],_Uncataloged\Stuff You Should Know [B08JJMNHTS],223.58,DUPLICATE_EXTRA_COPY,None (Not in Manifest),Stuff You Should Know [B08JJMNHTS],Unknown,,
Stuff To Blow Your Mind [B08K57RMBJ],_Uncataloged\Stuff To Blow Your Mind [B08K57RMBJ],369.44,DUPLICATE_EXTRA_COPY,None (Not in Manifest),Stuff To Blow Your Mind [B08K57RMBJ],Unknown,,
SmartLess [B08JJN6G5G],_Uncataloged\SmartLess [B08JJN6G5G],120.29,DUPLICATE_EXTRA_COPY,None (Not in Manifest),SmartLess [B08JJN6G5G],Unknown,,
Exported_1,_Uncataloged\Exported_1,33646.51,DUPLICATE_EXTRA_COPY,None (Not in Manifest),Exported,Unknown,,
Revisionist History [B08JD7QC4M],_Uncataloged\Revisionist History [B08JD7QC4M],197.96,DUPLICATE_EXTRA_COPY,None (Not in Manifest),Revisionist History [B08JD7QC4M],Unknown,,
The Lawnmower Man - NS_1,_Uncataloged\The Lawnmower Man - NS_1,2.7,DUPLICATE_EXTRA_COPY,None (Not in Manifest),The Lawnmower Man - NS,Unknown,,
Sometimes They Come Back - NS_1,_Uncataloged\Sometimes They Come Back - NS_1,2.7,DUPLICATE_EXTRA_COPY,None (Not in Manifest),Sometimes They Come Back - NS,Unknown,,
Stephen King - Stationary Bike_1,_Uncataloged\Stephen King - Stationary Bike_1,5.39,DUPLICATE_EXTRA_COPY,None (Not in Manifest),Stephen King - Stationary Bike,Unknown,,
Stephen King & Peter Straub - The Talisman_1,_Uncataloged\Stephen King & Peter Straub - The Talisman_1,2.7,DUPLICATE_EXTRA_COPY,None (Not in Manifest),Stephen King & Peter Straub - The Talisman,Unknown,,
Div Stephen King,_Uncataloged\Div Stephen King,2.7,DUPLICATE_EXTRA_COPY,None (Not in Manifest),Div Stephen King,Unknown,,
Nightmares & Dreamscapes (ALL 24 short stories)_1,_Uncataloged\Nightmares & Dreamscapes (ALL 24 short stories)_1,8.09,DUPLICATE_EXTRA_COPY,None (Not in Manifest),Nightmares & Dreamscapes (ALL 24 short stories),Unknown,,
15 - I Know What You Need_1,_Uncataloged\15 - I Know What You Need_1,2.7,DUPLICATE_EXTRA_COPY,None (Not in Manifest),15 - I Know What You Need,Unknown,,
02 - Graveyard Shift_1,_Uncataloged\02 - Graveyard Shift_1,2.7,DUPLICATE_EXTRA_COPY,None (Not in Manifest),02 - Graveyard Shift,Unknown,,
1 Past Midnight - The Langoliers_1,_Uncataloged\1 Past Midnight - The Langoliers_1,5.39,DUPLICATE_EXTRA_COPY,None (Not in Manifest),1 Past Midnight - The Langoliers,Unknown,,
13 - Riding the Bullet_1,_Uncataloged\13 - Riding the Bullet_1,2.7,DUPLICATE_EXTRA_COPY,None (Not in Manifest),13 - Riding the Bullet,Unknown,,
CD 5_1,_Uncataloged\CD 5_1,14.9,DUPLICATE_EXTRA_COPY,None (Not in Manifest),CD 5,Unknown,,
Comedy,_Uncataloged\Comedy,148.09,DUPLICATE_EXTRA_COPY,None (Not in Manifest),Comedy,Unknown,,
files,_Uncataloged\files,13.73,TRUE_STANDALONE_EXTRA,None (Not in Manifest),files,Unknown,,
